ID	UniProt_ID	Significant	Workflow	M-value_p.value_pre	M-value_adj.p.value_pre	M-value_estimate_pre	M-value_p.value_post	M-value_adj.p.value_post	M-value_estimate_post	HbA1c_p.value_pre	HbA1c_adj.p.value_pre	HbA1c_estimate_pre	HbA1c_p.value_post	HbA1c_adj.p.value_post	HbA1c_estimate_post	BMI_p.value_pre	BMI_adj.p.value_pre	BMI_estimate_pre	BMI_p.value_post	BMI_adj.p.value_post	BMI_estimate_post	Age_p.value_pre	Age_adj.p.value_pre	Age_estimate_pre	Age_p.value_post	Age_adj.p.value_post	Age_estimate_post	Fasting Insulin_p.value_pre	Fasting Insulin_adj.p.value_pre	Fasting Insulin_estimate_pre	Fasting Insulin_p.value_post	Fasting Insulin_adj.p.value_post	Fasting Insulin_estimate_post	HOMA1-IR_p.value_pre	HOMA1-IR_adj.p.value_pre	HOMA1-IR_estimate_pre	HOMA1-IR_p.value_post	HOMA1-IR_adj.p.value_post	HOMA1-IR_estimate_post	Creatinine_p.value_pre	Creatinine_adj.p.value_pre	Creatinine_estimate_pre	Creatinine_p.value_post	Creatinine_adj.p.value_post	Creatinine_estimate_post	TG_p.value_pre	TG_adj.p.value_pre	TG_estimate_pre	TG_p.value_post	TG_adj.p.value_post	TG_estimate_post	Cholesterol_p.value_pre	Cholesterol_adj.p.value_pre	Cholesterol_estimate_pre	Cholesterol_p.value_post	Cholesterol_adj.p.value_post	Cholesterol_estimate_post	FFA_p.value_pre	FFA_adj.p.value_pre	FFA_estimate_pre	FFA_p.value_post	FFA_adj.p.value_post	FFA_estimate_post	Fasting glucose_p.value_pre	Fasting glucose_adj.p.value_pre	Fasting glucose_estimate_pre	Fasting glucose_p.value_post	Fasting glucose_adj.p.value_post	Fasting glucose_estimate_post	OGTT_120min_p.value_pre	OGTT_120min_adj.p.value_pre	OGTT_120min_estimate_pre	OGTT_120min_p.value_post	OGTT_120min_adj.p.value_post	OGTT_120min_estimate_post	W.H.ratio_p.value_pre	W.H.ratio_adj.p.value_pre	W.H.ratio_estimate_pre	W.H.ratio_p.value_post	W.H.ratio_adj.p.value_post	W.H.ratio_estimate_post	Body fat_p.value_pre	Body fat_adj.p.value_pre	Body fat_estimate_pre	Body fat_p.value_post	Body fat_adj.p.value_post	Body fat_estimate_post
A1BG	P04217	Both	Olink	0.00137675438128491	0.0336126520115504	-0.365212467275433	0.00143066773338719	0.03319695305966	-0.366426581304274	0.00369953448692697	0.103944099745981	0.331222383338257	0.000550486386313705	0.02162055227406	0.394632922769912	0.107241000018074	0.491443918906694	0.187485452130604	0.014076146936888	0.158971665342634	0.286271848338485	0.0170166317970264	0.260014079450606	0.274838841917213	0.0152113105451516	0.309557215113187	0.28314206429735	0.0132706919774025	0.18266895246131	0.284787621841044	0.0353720460228188	0.351773375126015	0.246700997251764	0.00307638403520244	0.0593380835259688	0.337376474164914	0.0116325343026679	0.163033587128872	0.293828119031052	0.0497148087887353	0.532526990045238	-0.227440346894899	0.252666202824884	0.998823757686294	-0.135604059332004	0.00603472670751089	0.139778712626962	0.314270071316589	0.00559569979518749	0.281873088307955	0.321175940715738	0.860755894901355	0.990612788917846	0.0205986642330729	0.929949579340168	0.982885437209494	-0.0104693043583951	0.153420345217786	0.69865302469671	0.166483101195991	0.302667121854337	0.972745479191146	0.122295143671871	0.00488824645510397	0.1113205705322	0.321685505029945	0.00628896443425778	0.140852013362302	0.316973775848902	0.000817596880463803	0.160886210185583	0.496815546345293	0.00023607997788775	0.12795534801516	0.556247096571507	0.0837807595212057	0.45581964117677	0.200998743782041	0.0508723191590791	0.33356115557991	0.229430821708703	0.141591190029296	0.496132353628569	0.171348336943106	0.0159849882427835	0.209778780329023	0.281122407345359
ABI3BP	Q7Z7G0	Pre_only	Olink	1.29676727865238e-05	0.000878559831286988	-0.483202155046941	0.00295637469087657	0.0586943253646556	-0.343167169894414	8.34267199913508e-05	0.00779608314401934	0.438435232979653	0.000482763599551631	0.0198225659815897	0.398321540744586	0.00374683358230511	0.0899311393243148	0.330793951153691	0.022414117870352	0.205940837117164	0.26697469149842	0.000268050825510901	0.0468656604602929	0.409111149395337	0.0172960866940881	0.328929087305113	0.277884260160003	8.58137830533478e-05	0.00438575611972796	0.437757175118798	0.00218966329555768	0.0621359950886	0.352998220383158	3.30527394228111e-05	0.00165875784881144	0.459929643617963	0.00153467763475986	0.0407742783352866	0.364251468526796	0.199600750003411	0.701579808702003	-0.149790917060662	0.0973430035130992	0.861750794977888	-0.195536312697289	0.0208653085307054	0.264664485464821	0.266416906618569	0.34938278756302	0.796296566558463	0.111103639592013	0.949972192077297	0.995993651286643	0.00736845106846638	0.693606093639748	0.916341223365051	0.046894243363158	0.00157114264700456	0.226470258810744	0.358814532142897	0.0376351763268776	0.969759868974114	0.243828948263472	0.00160606306740367	0.0550940621856194	0.358136036996112	0.0368030919417899	0.370348071385944	0.244867738813729	0.042129526010922	0.611786251733096	0.315053062235272	0.395391532659783	0.905374781164353	0.139972073121	3.36174670451901e-05	0.00552141428439182	0.459548991771193	0.00321392264019185	0.093152196309304	0.340375751091273	0.0359837017757391	0.274642960214897	0.24259807778648	0.191937202517736	0.576696512075516	0.154471087510228
ACP1	P24666	Pre_only	Olink	0.00233593114693526	0.0496499875152515	0.34860133555853	0.307053319648513	0.779830507930732	0.121199179283652	0.017667720069802	0.278369310402112	-0.273306312020269	0.899311771643798	0.988094425767157	0.0150685527876142	0.0657895574465206	0.401396591369235	-0.21357684818503	0.951210533686458	0.987345847917778	0.00728703966035744	0.491753829773174	0.817281313023633	-0.0806128278097994	0.861989659917225	0.989798726723762	-0.0207017957626954	0.199997405946348	0.694076351406513	-0.149660342812437	0.978832216838843	0.996190018304228	0.00315998606115753	0.0706576176884847	0.436973028767811	-0.209925315614646	0.897411321053564	0.982532929904992	-0.0153544987477277	0.391120251454055	0.810814235136535	0.100462181376286	0.22822085385229	0.998823757686294	0.142769650146786	0.482860310779194	0.854979355320981	-0.0822707429908994	0.886044136352875	0.981657633495471	0.0170666978998919	0.561819083328128	0.976079072595515	0.06805428843308	0.261343028188543	0.725225838995505	0.133175230000241	0.873846393372414	0.984193512449035	0.0186452968402099	0.995900643388936	0.999916232493795	-0.000611895824444199	0.0137680211880226	0.210798516494584	-0.283336725008774	0.351085768257272	0.853934083589394	-0.110714041326118	0.925950417068674	0.997149068251979	0.0147865790122007	0.191075212115316	0.836948633310685	-0.213878818678963	0.447924470027214	0.793641918126022	-0.088947956986692	0.828306064282016	0.939995575462422	0.0258247531256321	0.00776939859500972	0.135460456668164	-0.30513075993449	0.545410448101494	0.839795100430245	-0.0719186958608442
ACY1	Q03154	Both	Olink	2.35191192036468e-09	8.49824173891769e-07	-0.62657200201429	1.72295170887298e-09	6.22559884139438e-07	-0.634059824460981	1.47787047741211e-07	0.000160201159751473	0.562776934625647	7.78788418783751e-08	7.03505538301321e-05	0.579513437572051	2.75892676096655e-06	0.000567939374571242	0.511328257459681	4.1452892085387e-06	0.000584651051124697	0.509533863122962	0.0395737919645317	0.338859649373854	0.238224979774849	0.00365119285949588	0.163549299987336	0.336063678025046	1.09629038332983e-08	5.40172170695245e-06	0.602180268708576	6.22191525800271e-08	3.74697563315275e-05	0.583025153049105	4.03312697222561e-10	3.12279259849469e-07	0.645537800935039	2.12428309727242e-09	1.64480205531664e-06	0.63131859387105	0.0402175429128657	0.510460618106851	-0.237476027214761	0.0519932447905199	0.753484991349245	-0.228359652399674	0.000138486262938438	0.0166799010028074	0.426030466280132	0.000647471073024314	0.121010110889372	0.390013652303344	0.298517768731895	0.944522070360112	0.121641265074084	0.466628921830269	0.839391140464246	0.0865366023316209	0.00907349354660403	0.390304246211062	0.299376867543633	0.0402236206186904	0.972745479191146	0.240715277919778	6.51106745916448e-06	0.00185736766466692	0.49447767598391	5.01590332256743e-06	0.00169913725051972	0.505747368839541	0.0727744908319439	0.685916393024102	0.279742956000008	0.0494670032568658	0.683974932598775	0.31673208753323	1.14396775734337e-06	0.000563664113163734	0.527717583496542	2.65434674041421e-07	0.000359663983326125	0.559572291717425	8.2747704285733e-07	0.00025976242977828	0.533537674935485	7.73177837872852e-07	0.000149665138616816	0.541052487105402
ADA2	Q9NZK5	Both	Olink	0.00012542187195498	0.00518921027477855	-0.431183536920609	0.000370965459753221	0.011489330239214	-0.405597252489636	3.8872062295347e-06	0.00117048098689323	0.5047072467962	2.07082212041806e-06	0.000547433608017092	0.522947075240441	0.328876366139682	0.717307808642686	0.114292270563564	0.0357598254744976	0.262626360530863	0.246198202022632	5.06212308662989e-05	0.0161392394879612	0.450211988426501	0.00349529146065962	0.159197308544329	0.337545551481025	0.0125684022243925	0.176022584124567	0.286918796938803	0.0146830086805237	0.219233903714706	0.284572656653735	0.000715164597182221	0.0189082542279397	0.382189766299634	0.000818797928515761	0.0249319369244687	0.38321005324198	0.419766792087	0.820046869284572	-0.0945432300962622	0.182240121634499	0.962596532847782	-0.157863696416472	0.0301610236527668	0.320534800388228	0.250536275888317	0.0185756616831655	0.427497863452396	0.274921126760109	0.783101516812548	0.985922537573798	0.0323210971380754	0.403606053143311	0.808426716978229	-0.0992235982300687	0.42019906843264	0.837809433566509	0.094455742616289	0.223210935484631	0.972745479191146	0.144303233418799	0.000145458635733636	0.0131397634279385	0.424802290241183	5.29550071790798e-05	0.00844165114442977	0.454792217337868	0.245290322217734	0.868995064585482	0.183287284292485	0.767789843615741	0.972312011329068	0.0488414353049082	0.0341053880430298	0.309975322838888	0.245033110620948	0.0105575342051184	0.176613429629923	0.297598164234748	0.26427375882674	0.614712385668763	0.13054468795227	0.0442402109633669	0.330733715064067	0.236197941965218
ADAMTSL2	Q86TH1	Both	Olink	6.231020952417e-06	0.000511698993365154	-0.498345785497755	1.60674579826771e-09	6.22040159043642e-07	-0.634967979358276	0.00288334109279475	0.0868206040163752	0.339509789722225	7.96219750840815e-06	0.00119875306932145	0.496377204025225	0.0081690696943047	0.146776351641569	0.303282713231947	4.48002241149632e-05	0.00337246131532084	0.458687353790503	0.244960050806528	0.624498342131413	0.135913264784467	0.0122538960870838	0.281598555393883	0.291784978919197	3.25471712508527e-06	0.000352811336359244	0.508154043874096	2.06494766644638e-06	0.000349750511004355	0.523000819805048	2.06245219483094e-06	0.000180298240257802	0.516839963716994	5.72859948170893e-07	9.13206152672423e-05	0.546360263968145	0.00447204231716269	0.249552992402254	-0.324763896294917	0.049506729856012	0.742538127605551	-0.230762256638684	0.0311761789772155	0.321547320712715	0.249064683761165	0.0112121564221951	0.369447087991527	0.295264817721496	0.710002565456748	0.985140774904654	-0.0436505210204148	0.238367080200976	0.708936631588871	-0.13973416383682	0.0231838907828995	0.46418765847668	0.261965627996151	0.336193114589472	0.972745479191146	0.11416201104936	0.00100694627993215	0.0410848439137177	0.372239683650112	0.000127445846616346	0.0142383185607843	0.433523780254789	0.0367227347625169	0.594191858828263	0.323356850828128	0.00355274229791611	0.320931054245089	0.455706381793065	7.11756348090179e-05	0.00770320338170838	0.442225983851907	6.78633072168383e-06	0.00183683308215375	0.499648846734515	0.0226280134922267	0.229670099490391	0.262997035511269	0.000186684014724674	0.0104312098949251	0.423822435799175
ADAMTSL4	Q6UY14	Both	Depleted	0.000157405620099972	0.00519863966924774	0.425481112820826	0.000117632685244624	0.00442298896519788	0.435523477379549	0.0120558022999575	0.180122579779705	-0.288540516209066	0.0124340086423558	0.206863265123437	-0.291209547888721	7.99245432944817e-06	0.00122084739882321	-0.490318961712112	2.80568329694909e-05	0.00253001631850121	-0.469343190506755	0.0864386695963524	0.274715355648225	0.199328264601022	0.347320410399431	0.658482831526528	0.111577041772744	0.000995487301703711	0.0307971008273908	-0.372577620788805	0.000577696301035251	0.0196095799962521	-0.393266509895101	0.000720900808485064	0.0217516243942901	-0.381960983518474	0.000474743569551354	0.0158399664227212	-0.39878920452722	0.0132430138446776	0.238896699282949	0.284869743733824	0.0166447796871097	0.402770708468279	0.279465448754651	3.04231371285853e-05	0.00619617892852188	-0.46178584811885	0.00014359670647245	0.0140321876312844	-0.430522716769764	0.439060359590314	0.981380535740747	0.090687370861832	0.651837175722939	0.858808656316369	0.0536990052695402	0.715496964747721	0.980205813254029	-0.0427862878225071	0.763623539554097	0.935316878930542	-0.0358039836034004	0.00365556356824709	0.119122631477279	-0.331625065204611	0.00472038131256551	0.147905281127053	-0.327194498846365	0.969218924642168	0.992966242623289	0.00613947812849213	0.646354403117722	0.855879961850827	-0.0758333320329301	0.000157177553004897	0.0142274792423692	-0.422855322439618	0.000240713775411285	0.0125171163213868	-0.417196050498728	4.36353369912675e-07	0.000125607326810649	-0.544726368617551	6.6823510164676e-06	0.000653266635369873	-0.499963199641864
ADGRD1	Q6QNK2	Pre_only	Olink	0.000527820631173129	0.0159820548656892	-0.393269540944642	0.150775003975562	0.605554929723613	-0.169871679368437	0.0418303722426591	0.442813706162524	0.235642424074727	0.143806022342187	0.603621681763372	0.17277900025236	0.00365070353463691	0.0887827686265935	0.331669837268084	0.0313128539256274	0.244800357545471	0.252261420124335	0.0916077763838336	0.430363921114283	0.196192462620594	0.44205667983048	0.934645582215574	0.0913609074220224	0.00171501418494715	0.044475487475663	0.356101404212698	0.197114534979258	0.673706213845972	0.152710112920861	0.00142803829836091	0.0337989850529088	0.361745234564113	0.125449702962121	0.566051204376178	0.18098071687842	0.689327517276683	0.934949903805298	0.0469239035044014	0.658220180155278	0.998823757686294	0.0526484708885948	0.000953614044212764	0.055361675842335	0.373843257319315	0.458106471014248	0.85500587909684	0.0881936163021187	0.0349290992089683	0.739514522314875	0.243951795741056	0.0145861503203919	0.51674158212914	0.284839742495305	0.0564765821420794	0.563725737035121	0.221219125626579	0.582249167266651	0.986791634720565	0.0654450916040799	0.0496367349540361	0.395421443910594	0.227516129699666	0.204737420444518	0.7542792544455	0.150176636669657	0.50852291172216	0.95183642869579	0.10489971865252	0.634776405745982	0.961017364838785	-0.0784997113073556	0.00535388216215205	0.115339000835739	0.318505403034861	0.235213337890172	0.592576134507974	0.140667918390162	0.00332448034211259	0.0819031066102284	0.334803780210743	0.151638754475784	0.526509961088246	0.16951837961252
ADGRE5	P48960	Post_only	Olink	0.0821701757359631	0.476833353842527	-0.203409865291882	0.000807139601022142	0.0213530234348935	-0.383629853445779	0.0549378820864009	0.505242045869354	0.222579014035163	4.2609218351914e-05	0.00366574545186308	0.459846143648009	0.981459562409128	0.994381973831078	0.00272925447681417	0.161912984526022	0.526120129574962	0.165426454618006	0.009673110989028	0.229787226628253	0.296971123509227	6.4285070193515e-07	0.000348425080448851	0.544330687989382	0.0194198817174519	0.230757594575752	0.269410430602513	0.0080510843630716	0.146925512619017	0.307890472110443	0.00377135558882599	0.0678844209661089	0.330573723753006	0.000546056724352857	0.0187318192784334	0.394861173915237	0.932422100134264	0.990911514382565	0.00995863720604588	0.730198981927775	0.998823757686294	0.0410544781831827	0.313495408728225	0.761606954418188	0.117958251674729	0.233626751509413	0.733205092421797	0.141140952901144	0.849211958579226	0.990612788917846	-0.0223258807076242	0.556534066464841	0.873290797709847	-0.0699427171561387	0.0124719837039709	0.443269452674982	0.287219401342067	0.0464069500506711	0.972745479191146	0.233900297662499	0.00252122497012442	0.074672346109696	0.343881396499881	1.82372200649402e-05	0.00418383936164937	0.478848405426683	0.0303157511033009	0.555105983040172	0.334609755258623	0.000379168164080839	0.171257620776512	0.540767248781888	0.503720760929911	0.820741978075113	0.0784066146238151	0.0723136208937709	0.388559939989305	0.211602602013236	0.387985368744021	0.716240019956605	-0.101125221681486	0.175187394844008	0.555272327517266	0.160414342968121
ADGRG1	Q9Y653	Both	Olink	2.69267582224739e-06	0.000260612552796086	-0.51483857114632	3.17255724146045e-06	0.000286587670811927	-0.514770317132297	0.000228205139868465	0.0158573315139369	0.4133172116311	5.8259243912799e-05	0.00460491714975618	0.452547406653695	0.0127823375093964	0.183275608070072	0.286258884297523	0.0103742536562017	0.13199167797327	0.298273996983175	0.00393625796429775	0.168335770037666	0.329125012325004	0.00440234557011177	0.176576108032754	0.329628606544326	3.99188226757866e-06	0.000393381852550479	0.504188255975331	5.40654332667033e-06	0.000681475926291934	0.504245297379377	7.21764673037631e-07	8.32332878268927e-05	0.535961598022902	1.94867781005527e-07	4.59210162195634e-05	0.564723380660288	0.742377787025851	0.94614355602268	-0.0385897286219949	0.310373646245444	0.998823757686294	-0.120376272796896	0.0004774360947946	0.035940328247038	0.393551907287913	0.00515396748552841	0.27657924526301	0.324100131197575	0.215802445351589	0.922569074081279	-0.144601189819513	0.0980516581936771	0.564850574977856	-0.195131481731174	0.512512548770673	0.875288616612632	0.0768030097902882	0.891834403133557	0.996490931968062	0.0161941206213771	0.000834021385288643	0.0367511862460524	0.377757534137403	0.000180476916205451	0.0168652566523025	0.424693724248767	0.843634694458872	0.984391828625853	0.0313751691219719	0.349188413669093	0.897518309642436	-0.154020333918279	0.00426931791824371	0.103856206868385	0.326356477224381	0.00117677746387024	0.0494428980943929	0.37240377659091	0.0361968209864323	0.274642960214897	0.242328545458017	0.0908391544894676	0.429624764244838	0.199363953484931
ADGRG2	Q8IZP9	Both	PCA	0.000134766596413589	0.0132144600493655	0.429390377242173	3.92018598007976e-06	0.000746114214654166	0.510634294595254	0.00407203744504795	0.190892179620884	-0.327972120896091	0.0026950786065685	0.115541462087988	-0.346230619758799	0.000875523279290338	0.0644968815743882	-0.376344561514575	0.00038520379521261	0.0313636984838899	-0.404567046304474	0.334649189458222	0.679683904860806	0.112944561333214	0.709779948271618	0.938528343346086	-0.0443002744640398	0.00335210370571845	0.105830702709111	-0.334528025342729	0.00163852884297041	0.056328980446116	-0.362208409488688	0.000876005994874876	0.0423494148147323	-0.37632848779016	0.000244164016162204	0.0139896938149233	-0.416820982178797	0.0185656329532047	0.296093135861934	0.271270437537968	0.19670281192533	0.718424995190478	0.152848929718731	0.0613526230469396	0.650112461770465	-0.217100181207169	0.0264371800882306	0.527731310827546	-0.25980499346929	0.000345187209703297	0.0743567598490882	0.402387348252021	8.40318548148776e-05	0.129997279398616	0.443785408694534	0.357738864264548	0.971919784765646	-0.107695301596344	0.890550120773309	0.972257722060779	-0.0163875833992107	0.00103724295490218	0.114615346516691	-0.371362712716208	0.000150411404194401	0.0295499891843478	-0.429348937634878	0.169342214058325	0.959598775019077	-0.216068205943089	0.0336753970636729	0.538467921976119	-0.340931165737413	0.200893012654096	0.764334702305102	-0.149366199687394	0.00223847139269346	0.0935923039053183	-0.352286750315735	0.0050539425818005	0.159560187225416	-0.320524282461144	0.00254258573388042	0.102718299033661	-0.348143520370022
ADH1A	P07327	Both	Depleted	7.71967304244147e-05	0.00325291050271155	-0.484109731065097	2.81692097036662e-06	0.000299328471807653	-0.571323940546812	0.00451691742113807	0.103063304539989	0.355980091752585	0.00025800165111203	0.0300264778722762	0.462383763099249	7.02861791760323e-06	0.00122084739882321	0.536311944299637	0.000169315670516444	0.00811387252435666	0.474259698774432	0.51986388339955	0.72894281757229	-0.0832843385403685	0.575616141616609	0.788264509705705	0.0750349540539175	0.00597932475450168	0.10385680195946	0.345329952918605	0.000100786973062636	0.00648219374118637	0.488313908155272	0.00341171671774714	0.0641613999858843	0.366290906885386	2.63486402749223e-05	0.00229985988685393	0.522050714742773	0.0734208953736988	0.494326909898953	-0.228985047440031	0.190965810976988	0.85898814706096	-0.174188765754883	0.160659265051555	0.661686933168627	0.180368794959294	0.0649005529207517	0.498795444460117	0.244017798726642	0.700869479272912	0.987983438634793	0.0497693232608085	0.571341256836113	0.819458938795458	-0.0758739900058294	0.631951480840766	0.973602195669769	0.0620345882916915	0.116795195861873	0.58390785299913	0.208205235451524	0.0136160988991221	0.210618643730724	0.311829256285396	9.61831740158199e-05	0.0190019972316945	0.489551145046022	0.514295593817549	0.900538387505239	0.119631839267323	0.0928438953051019	0.449244650324228	0.317904804651436	0.000798851988877904	0.0330914281494508	0.414927710022498	0.00751357296706935	0.131838726426422	0.34755579120273	4.6254743915542e-07	0.000125607326810649	0.589513190914422	1.63771289838683e-06	0.000345210821959747	0.582175441938213
ADH1B	P00325	Both	Depleted	3.45717236193022e-05	0.00176027692761614	-0.461749432416549	1.7979543711604e-06	0.000209247642053143	-0.525609122286393	0.000175294331807742	0.0194736066790055	0.42009399709127	4.57527936290447e-05	0.0111819827629385	0.458199880713042	1.00370436975017e-05	0.00143075762409763	0.485633292136342	6.79900138878523e-05	0.00415418984854778	0.448881709107061	0.152083986472471	0.380443462578013	0.167018375241224	0.124139071968775	0.469488888498274	0.181600378097043	2.29375927245433e-05	0.00216545385714104	0.468030091562467	1.18345384751731e-05	0.00158969106340393	0.488114840087506	3.00140663610946e-05	0.00252946131677638	0.462087938029086	4.58189229455704e-06	0.000699884047993588	0.507550550543706	0.335700223527655	0.801351300529489	-0.112700774434747	0.23941681711171	0.885596531455286	-0.139425254719908	0.0269941306875502	0.293363223361938	0.255411986084211	0.0848521266272414	0.565064298302392	0.203083111115622	0.242867357183641	0.911814175833382	0.136512134249046	0.867856209977733	0.953705295497113	0.0198136308053207	0.100035351379436	0.972565265309277	0.191366130838321	0.178703982569325	0.620924193110117	0.1591333937308	0.00603450451010191	0.14129561147732	0.314271383192184	0.000755469914866233	0.0559505597555477	0.38555934069603	0.215234525173059	0.74943773911749	0.195273841048835	0.325356272089025	0.661800018246921	0.161709301181996	0.000102380802179702	0.0129443798376491	0.433481676854498	7.87946650177779e-05	0.00651291453807216	0.445342100629357	1.9814162908775e-06	0.000345898672493186	0.51759180595284	3.49599724554759e-05	0.00224847822845219	0.464378483007985
ADH1C	P00326	Both	Depleted	0.000149953887471658	0.00509010140251016	-0.44084313992009	2.94643632294501e-06	0.0003000454322199	-0.52582730506474	0.00440272680736224	0.103063304539989	0.336447814231871	7.75807382546559e-05	0.0145851787918753	0.454433441828355	0.000102518485468927	0.00828065811884898	0.447545546300475	0.000282493157716645	0.0122325808180527	0.421179307605482	0.956761742183741	0.982352321780584	-0.00659900228540512	0.141219554015301	0.497635373131262	0.177646373832389	0.00035682016481386	0.0140656206904044	0.414785265727524	0.000153086619258592	0.00831430438817774	0.437371678451983	0.000303771272400841	0.0110808505932486	0.419204916452967	0.000140270838392686	0.00632856815850935	0.439617574797739	0.360961912433771	0.823331169162327	-0.11084705158613	0.100826012122766	0.749444697601573	-0.197739207136711	0.124745995852704	0.598569931389969	0.185229394153902	0.222346442911953	0.746069207223468	0.147713244535384	0.584829397217525	0.986449788797904	0.0664244435033846	0.315637675000699	0.675698493080403	-0.121681288137673	0.683372406403405	0.973809132962166	0.049612521909419	0.27924012302222	0.702562695320602	0.131128739922278	0.0112780832273831	0.202673789762679	0.301220280444896	0.00705237434691262	0.164580434967782	0.319309781538611	0.517001967420517	0.900538387505239	0.109977029120197	0.442966218748118	0.748663548461662	0.130052557225078	0.0185078499398631	0.197639335754119	0.280876754734655	0.000143908418765795	0.00950573447198927	0.438961519568866	2.84053633658696e-05	0.00289261283609106	0.478107775449765	0.000143066976526688	0.00741625304987218	0.439111909103616
ADH4	P08319	Both	MagNet	5.44838166925533e-07	0.000320473809785599	-0.550497327214474	3.3185379796118e-06	0.00140479948568079	-0.520235644264667	4.59866971900714e-06	0.00450822921453333	0.507477925902302	0.000592292792894365	0.174447164642199	0.397773251949087	1.09322095245993e-06	0.00107172094039489	0.534806173331268	4.48007390058692e-05	0.0226461826555719	0.464563380285408	0.0261899254562494	0.09977276006066	0.260217966096195	0.097946898411015	0.530710523248523	0.197964142781672	1.93294956748671e-05	0.00437292667536802	0.477581242031394	0.000369362036989121	0.0905244792320837	0.411070732965875	8.8151149400108e-06	0.00288058367095242	0.49427602962432	0.00017065349733772	0.0418243279725195	0.431694648663643	0.401121006817764	0.91374038768705	-0.099746386128691	0.274695608521522	0.999576267023585	-0.131403016474701	0.00381441148456373	0.423228210535833	0.334571404105764	0.00639298244524137	0.999891586200698	0.320720964260472	0.551973233194341	0.999744779521394	0.0707505753868797	0.424499204442156	0.71639634217285	0.096269473101378	0.2647359863223	0.794618899937828	0.132240334261153	0.287895195257577	0.674828738872106	0.127876382976603	0.00253980753734429	0.462182024333492	0.348179313142978	0.00319294207827367	0.469522132610144	0.345226646891605	0.17117884311112	0.474940544896042	0.220686573683035	0.106993694704245	0.429723455760646	0.269308614047457	1.59913106505131e-06	0.00067186349461656	0.527799954270571	8.65743915001744e-05	0.0424358809003355	0.448791477249891	3.95670455170415e-06	0.00581833404328096	0.510451808393855	1.06904478643674e-05	0.0274579577428063	0.496407382034309
ADIPOQ	Q15848	Both	Neat	8.74273878473801e-07	0.000143852028530998	0.535676469804381	2.72054596935181e-05	0.00227770154211844	0.470032574734812	5.0126738053952e-05	0.017095226481557	-0.450439117228001	0.00363830943645316	0.0871479321670943	-0.33618398070032	0.042075200522062	0.408933820947431	-0.235369228704871	0.263973412374428	0.640592483813629	-0.132449745764584	0.391871615591138	0.703447654267129	0.100303735134795	0.131580368383759	0.75110460285729	0.178145955260229	7.02767295058381e-05	0.0050431919697761	-0.442527424155984	0.00211488242339994	0.073973681619591	-0.354116382246086	2.4245372785019e-06	0.000365377767870236	-0.513787764628142	0.000215990982760307	0.0130199364407913	-0.420037871349608	0.208552002449124	0.628859005591388	0.146888184760511	0.0681659213022515	0.893934305525888	0.214681274963119	0.113995282923235	0.586529525770001	-0.184027467597019	0.22767455525909	0.588517246613118	-0.142935728334439	0.0146547992207841	0.285872439059594	0.280858516492012	0.0389284495088735	0.287253845942385	0.242251736320392	0.347837312386085	0.923700129470704	-0.109919674267976	0.527616989907172	0.988165370089238	-0.0751207922217396	3.61479912456333e-06	0.00272375114035847	-0.506121957686723	0.000231613373978936	0.0598146367461481	-0.418209538066599	0.833599634699451	0.977991392537957	0.0334165839329548	0.960499023239252	0.993604117745805	0.00819730673275722	0.012239935081867	0.254159671107762	-0.287951206689469	0.0953230463814642	0.486955358972429	-0.196703044310284	0.0409896373798287	0.330328254178619	-0.236590776863666	0.190886022827703	0.689844691609949	-0.15483278653469
AEBP1	Q8IUX7	Post_only	Olink	0.00291362387747697	0.0591454734678845	-0.341387075908889	0.000623927055716359	0.017341972522988	-0.391073967178241	0.0140357894017423	0.243826854350779	0.282574221128849	0.00026245949894639	0.0129320953117221	0.414909903172817	0.0266128849901253	0.26092735533095	0.256031094216167	0.000315070375318997	0.0134463105057399	0.410026405284941	0.010440447674753	0.234801769282827	0.294075548166035	0.00474671974801068	0.181125782669324	0.326999493093721	7.11313256370796e-05	0.00375269282808266	0.442240759720723	0.0028225207468889	0.0749905021967541	0.344704824820972	1.54947260346036e-05	0.000903025968898405	0.476505977675436	0.000860531435537155	0.0257683998928806	0.381750483957632	0.269707181215431	0.736685325060744	0.1290825741672	0.441146957979448	0.998823757686294	0.0915423359835798	0.0244012403727069	0.287017460149764	0.259778339605995	0.0176264419248046	0.421884057138972	0.277101701612086	0.201942045665248	0.91381606636525	0.149022855980275	0.586033304355828	0.890603078477542	0.0647910636649197	0.151437826625045	0.69865302469671	0.167278450625274	0.300498758883152	0.972745479191146	0.122840763739052	0.0019048916530536	0.0618234296979072	0.352818589500058	0.00378465539674261	0.103500474474582	0.334839169142227	0.824415752244989	0.984336567590976	0.0352894915028944	0.490065660592441	0.924987975285581	0.113865544880864	0.0116516394867563	0.179408767097213	0.289861924764175	0.0299986953986382	0.273711533571014	0.25419139630744	0.0317721559407658	0.260761738072782	0.24821940525549	6.22083091305212e-05	0.00481670050696321	0.45099598183195
AFM	P43652	Both	Neat	4.57794470107854e-08	1.72474066613134e-05	-0.584440873067116	1.39055917443857e-08	5.23893168969732e-06	-0.605452482076645	0.000904902978791258	0.090912585935895	0.375380607460431	0.00017761727319313	0.0253367349368286	0.425104444827793	9.31137957891656e-09	7.01612451271363e-06	0.604486486351746	4.54710875449887e-08	1.71312322325745e-05	0.587862221502055	0.059416084499146	0.323249239495354	0.21870302328828	0.0044931345399021	0.275345320103219	0.328918254451382	1.63003695835621e-08	8.69425117298568e-06	0.596500261480274	9.00980036881149e-09	6.78888457789946e-06	0.611638629208924	3.26241047756959e-08	1.19707449972654e-05	0.586292274386127	2.19867221001009e-08	1.6566995102426e-05	0.598775234121293	0.00996974311363485	0.508507040563302	-0.295828795345653	0.0385933369275102	0.824824109125231	-0.24265618913207	2.01945627567202e-05	0.00760830151859433	0.470806697962355	0.00284659365003308	0.159598740418098	0.344423548229159	0.687731015977546	0.945555577216943	-0.0471781319179433	0.166157741913776	0.4890966573285	-0.163791905373986	0.00355478026927562	0.470965332885951	0.332564553393705	0.00477015853734143	0.898578614471692	0.326826760136041	0.00145882636442132	0.109052402204875	0.36109302515644	0.00238837459152246	0.135336905753041	0.350185395416321	0.0729207274519596	0.646768818039875	0.279605911383107	0.868172578350896	0.989190760603725	0.0274667459143622	1.82413354456761e-05	0.00549793850332677	0.473007162190038	1.80757868363016e-05	0.0045400351270511	0.479041657604824	1.80526703525491e-06	0.000340067177766144	0.51933121560588	6.32912207681856e-05	0.00592264728802174	0.450586498157083
AFTPH	Q6ULP2	Post_only	Olink	0.678283389585999	0.940046487419987	0.0490259412871532	0.00238716177284977	0.0493832702627701	-0.35020191676298	0.868244929369417	0.995642978812518	-0.0194804994161513	0.0885170284830522	0.488556307920716	0.200782820556902	0.974801010657284	0.991980128280502	-0.00370970704657149	0.234775443056922	0.610267985293597	0.140798253471199	0.348421191617502	0.722157880905109	-0.109787424371193	0.0520147186087054	0.498973052848112	0.228339317148484	0.89113508467872	0.984240693980241	-0.0160731080395835	0.281716930737503	0.745654460729881	0.12767853124106	0.865937147895	0.976786338534841	-0.0198248782161399	0.145408799511453	0.602384422013425	0.172101165511313	0.303267755935531	0.767796124952467	-0.120460491724148	0.554423312892239	0.998823757686294	-0.0703161982846261	0.942775658879341	0.989790242459645	0.0084300796475361	0.0572386443481515	0.551222154917721	0.223584611469108	0.589095074708545	0.976079072595515	0.0633725539884168	0.975270627504464	0.993602782156803	-0.00369182480295569	0.103334056482357	0.628717193483486	0.189563462556799	0.340641126017244	0.972745479191146	0.113122361322053	0.727921482770302	0.947370512161499	-0.0408402633195681	0.0337952844820785	0.358093540489479	0.2487940953793	0.37069057382268	0.915155866356791	0.14170701252112	0.195180759991132	0.842427357694891	0.211960728540553	0.635036210880377	0.87996171832726	0.0557008672777594	0.0417835675263317	0.313249326139306	0.238918303510303	0.606152491841097	0.853336754747726	-0.0604947677418956	0.295053893697749	0.678198517320525	0.124222270508023
AGA	P20933	Pre_only	Depleted	8.6465102556337e-05	0.0035817069601303	-0.440308062462605	0.0136052785488501	0.137972202379211	-0.287634418706615	0.0045162302702005	0.103063304539989	0.32442528470926	0.186829143910151	0.71102061333205	0.156242329529028	0.00172599116351002	0.0426093172082675	0.355902919086132	0.0549949465896177	0.363263917473042	0.225581477344775	0.652105026554807	0.821517878814406	0.0529106873842781	0.723930206498541	0.883317735737611	-0.0420476728578115	0.00358447504776096	0.0754536073588089	0.332285303211164	0.244711875009183	0.773928327014131	0.137881133580189	0.000212436057242841	0.00851137252297547	0.415171018147431	0.0522479805849912	0.374463082213261	0.228118864584965	0.0508737585001307	0.413731117439124	-0.226326738349681	0.0206896379433291	0.468198843828669	-0.270388275577305	0.0442817905151395	0.385284864760646	0.232964595034637	0.146851294988227	0.688876324282586	0.171495887024449	0.7787810748218	0.991405610839929	-0.0329815775425192	0.562558669546015	0.816930117867178	-0.0688804050941912	0.109951024048434	0.972565265309277	0.18607831110234	0.305807807943259	0.714526082804325	0.121509351933441	1.69449843063406e-05	0.00802359975958045	0.474592427727265	0.00264784772822796	0.116129773348625	0.346812514280149	0.0894244857284622	0.690786689285841	0.265361683267236	0.148230614365674	0.490224115710024	0.235908034457084	0.0682565797245518	0.408055264411512	0.211700118374736	0.520662865806752	0.943005406836733	0.0763867935670485	0.000418169921781506	0.0157482503324039	0.397192121140717	0.00584146684599573	0.0865245149794761	0.319636209094698
AGR3	Q8TD06	Both	Olink	0.00176609974860787	0.040663361797691	-0.357497146626635	0.000450384838725078	0.0136373509826253	-0.400255188725901	0.000848169692358046	0.0396849183341318	0.377268807400842	0.000521015792179476	0.0207640117177409	0.396184134994059	0.0307272227169223	0.280835036216813	0.249710454910677	0.0319762342122825	0.247587413472245	0.251312896124995	0.603613524222018	0.875302535679644	-0.0609208251474413	0.439781124782605	0.934645582215574	0.0918151226511689	0.0337430328391551	0.321851710631189	0.245515721709414	0.000539048989563629	0.0224741963341144	0.395225738321441	0.00566795292937991	0.0860512741659359	0.316495893554396	7.54297805619359e-05	0.00412959000652215	0.446393592343637	0.354383166471458	0.797461612795733	-0.108444835179737	0.240366846334272	0.998823757686294	-0.139146491702803	0.0701820050973216	0.447305662629015	0.210272986402511	0.0096805062173476	0.356927508149823	0.300930136948501	0.364048250921191	0.954647414396871	0.10629766470448	0.718269214399742	0.92646814422813	0.0429470415985376	0.152884544180273	0.69865302469671	0.16669729571539	0.111595135104707	0.972745479191146	0.187800306848598	0.000259003117230737	0.0182754146723487	0.41001320786511	0.000176260609090601	0.0168431624782687	0.425301429916207	0.508268068266222	0.95183642869579	0.104962434285656	0.98562123207404	0.998947463552484	0.00298289081390195	0.267611794357598	0.666650497201151	0.129644064452837	0.0642805576427075	0.368288184379994	0.217705152486552	0.00957703589058214	0.152669219196927	0.297347665788567	0.00545561188959234	0.112431241222778	0.322080514160064
AIFM1	O95831	Both	Olink	0.0014419861871318	0.0348838960250617	-0.363792601349531	0.000184665379229826	0.00680875071718133	-0.424102828735478	0.348340419032639	0.918103170844555	0.109805711308302	0.015440898681328	0.185886267532321	0.282533674006979	0.00650382464214967	0.129123551503484	0.311591038232093	0.00335196404789293	0.0663052742320426	0.338960782502234	0.617464166349931	0.883485272141875	-0.0586059615421194	0.0582050544985561	0.520579860366624	0.222744111990432	0.076154529310826	0.481069404271185	0.206037403515851	0.000297888347011204	0.0136487073967145	0.411533255775515	0.0524548521929776	0.374326649507729	0.224840579902342	0.000415280204131184	0.015311691880211	0.4025006697223	0.0102444397966602	0.32281897498778	-0.294797079140515	0.197431254059136	0.985338302947069	-0.152603469026949	0.0117824659434719	0.202570318975914	0.289429889419281	0.00273777984635937	0.200002549923838	0.345712327819078	0.772343905491935	0.985922537573798	0.0339675562164995	0.944453372245343	0.987466225133532	-0.00829777002653168	0.168262376284059	0.711467101977693	0.160758841567995	0.21400217742995	0.972745479191146	0.147186271034887	0.0157021061237142	0.228164651985337	0.278093195084623	0.0330319754221132	0.353522890505708	0.249836856330054	0.384512462256124	0.916472095614861	0.137698784310931	0.448890415183494	0.913644897389449	0.124845958307578	0.0418563125326867	0.341144682597236	0.235613415536829	9.15257043748088e-05	0.0101238636267646	0.441707237438102	0.000492014650657325	0.023188864404893	0.392720002145862	9.80248906243821e-05	0.0067252519896728	0.440028545112159
AKAP12	Q02952	Both	Depleted	0.000392138383924488	0.010253502355161	0.401485640160133	2.8229639337046e-05	0.00168276191560343	0.469205643007079	0.00684657134919112	0.121447795988745	-0.309739224681566	0.0100586924947937	0.187659881353251	-0.299462358583677	0.0621242945298568	0.379579439577425	-0.216472902116915	0.000890689941253958	0.0272105777053084	-0.380735195339978	0.307843296164911	0.556253715468535	0.119334413257974	0.756043644268901	0.898284232665627	0.036988349209211	0.112920163646373	0.541131137160264	-0.18456710632158	0.0251202767442048	0.276691877585812	-0.262043447370591	0.0264050120565145	0.230478033807576	-0.256371827268243	0.00575602078102772	0.0950521269515658	-0.320164933403181	2.60159974055552e-05	0.0037401822152457	0.465260783062985	0.00691820397041853	0.310725741208349	0.313499328252476	0.00501486989261826	0.123719191185851	-0.320795038476579	0.0011847969415979	0.0567773279463777	-0.372197867780783	0.602261916507952	0.986449788797904	0.0611479563370807	0.215833284393716	0.591865587428669	0.14660613908006	0.133824126206563	0.972565265309277	-0.174711637031224	0.600942629630011	0.867515526766537	-0.0622325694056509	0.00608403230362066	0.14129561147732	-0.313980014508433	0.000972001968129463	0.0613466276695904	-0.378145599028575	0.316714754762045	0.815301660176652	-0.158293664611781	0.451249217385878	0.753829861442984	-0.124202739958195	0.0366919474584916	0.294983946014978	-0.241707434301013	0.00159486877011691	0.0510730149462785	-0.363052700134486	0.0182028427452651	0.177129815531712	-0.27208261900024	0.00429997444386575	0.0740080108507598	-0.330445336889906
AKR1C4	P17516	Both	Olink	0.000739548510369774	0.02075526718893	-0.383679433251186	0.000444782991068894	0.0135433921999629	-0.400602547335788	0.0388103456194219	0.436107675533566	0.239126429117596	0.000423827957646666	0.017946465081601	0.401938374541528	0.00356240793872101	0.0877647773993994	0.332492624922585	0.0251973022833902	0.219276385201078	0.261909816939883	0.814869477116371	0.949731189157553	0.0274938488552477	0.050331261774821	0.497403495663635	0.229954798520413	0.000400746101293891	0.0149796128897441	0.398352243456241	0.0382167786032471	0.362758213712083	0.243114163467593	0.000290979760850889	0.00941113947084214	0.40694453035547	0.0102740259871628	0.151318534919627	0.298647988070897	0.0902731095299366	0.595596999656298	-0.19698848956842	0.0782976480596004	0.837141487148882	-0.207401138079588	0.00580882054895232	0.139511603744787	0.315626380803258	0.0174776848992203	0.421884057138972	0.277452511812724	0.77679367344415	0.985922537573798	-0.0332857407323906	0.739205910733811	0.933259368148006	0.0396323288120514	0.558997453815712	0.893608780664024	0.0685446018744404	0.17254746535669	0.972745479191146	0.161388353395912	0.0106906040291833	0.184532082287177	0.293171638615398	0.00510982103910905	0.124753288432302	0.324404427229642	0.705821761758267	0.976912483329691	-0.0600037221794975	0.08849772642457	0.749730711594155	0.276408854403062	0.0122008711964931	0.18346314308868	0.288075583065512	0.0192234230768122	0.225960766086718	0.273487231961189	6.76808903982803e-05	0.00601361354030621	0.443418406227893	0.0023717840389686	0.0673040287497896	0.350412051167849
ALB	P02768	Both	Depleted	2.796479296842e-06	0.000341729770074092	-0.514113247446837	2.37225810177314e-07	3.86519920048904e-05	-0.561455107839468	0.00440943567363732	0.103063304539989	0.325248768308266	0.00534714232166059	0.129390255783549	0.322795126653678	6.71938349352569e-05	0.00608228639191733	0.443589100077706	3.21750530666719e-05	0.0026012290321759	0.466261084488471	0.699648616159029	0.84580305699494	0.0452854974325382	0.423210743884495	0.712346458714674	0.0951634690493552	1.13885807773434e-06	0.000231947428498561	0.52779877347315	1.65755127865592e-06	0.000399067654445669	0.527130792827635	2.08478749264847e-06	0.000339681375468858	0.516637622706445	2.89009917601985e-06	0.000543338645091731	0.516575878332982	0.697132346756149	0.931855085076818	-0.0456841300270387	0.472600222562329	0.968289345299143	-0.0853853892087633	4.34017217285537e-07	0.000342999097447072	0.544818537271246	6.91507987752208e-11	1.6900455220664e-07	0.673015632008951	0.785495831787604	0.991405610839929	-0.0319555026213156	0.673227291806501	0.869644556646452	-0.0501941381820097	0.0796072679880633	0.972565265309277	0.203708647536139	0.028351508279962	0.559751910669056	0.256713560984191	0.00116615722065015	0.0678592439825943	0.367873001675683	0.00121646675836366	0.0743261189360195	0.371396833776555	0.396166757467739	0.856615967353817	0.134384586527903	0.287153240769949	0.629895332166853	0.174809237920184	0.00389551883386583	0.0850057859818579	0.329477822253616	0.000166534299755484	0.010081707334562	0.426755974431218	5.20275319638407e-05	0.00423850960398756	0.449577126127534	3.3010708161693e-05	0.00218049110127507	0.465680769719178
ALDH1A1	P00352	Both	Olink	0.000133048402628732	0.0054219724981032	-0.429711293802867	2.39751509187765e-07	3.41961363104654e-05	-0.561278132324012	0.00411236382017138	0.109259862281024	0.327636294522147	3.12277165067673e-05	0.0030884388498224	0.466936148222422	0.00420916941901471	0.0979128680302992	0.32684191528656	2.54875691154067e-05	0.00219274007310325	0.471486964032635	0.098424847896408	0.442707614604591	0.192263139180638	0.038209551221734	0.464348292418702	0.243122990140051	9.7878297555613e-05	0.00482273066137657	0.434576420031112	9.28523459130595e-05	0.00592070252763273	0.441355819596051	8.12982601001381e-05	0.00356379159607307	0.439055146615466	1.24813643321922e-05	0.000980420212760604	0.486988948967876	0.0423639319262793	0.511930988803092	-0.235048730907062	0.232908468798919	0.998823757686294	-0.141355838955734	0.00595057414331772	0.139511603744787	0.314769991429936	0.00406950588415156	0.240035581773792	0.332349126168645	0.207476338517186	0.91381606636525	0.147232256820711	0.297833073458498	0.74435018891118	0.123515055036072	0.0391264017590255	0.541393024950237	0.238751468552608	0.250209735083125	0.972745479191146	0.136301968999577	0.0192142750285445	0.252770317123086	0.269851612169161	0.000436610539195148	0.029257283168768	0.401116538776318	0.00140536542915347	0.184842477695001	0.476954906515716	0.567422259835965	0.947419001127184	0.0944371113420235	0.00291001270064754	0.0809996116236791	0.33920757849132	8.53171627567263e-05	0.0100278190134521	0.4434171001426	0.00597196567050751	0.116852180267692	0.314642323676498	8.20172365197207e-07	0.000150168359644802	0.539997262259922
ALDH1L1	O75891	Both	Olink	0.00041097644676796	0.013258882985014	-0.400202222726359	0.000172587581822069	0.00649600481580286	-0.425841833274498	0.000934429682836843	0.0418562717436008	0.374440030677627	0.000129211591250546	0.00745028536785064	0.433179119459495	0.0119561158164241	0.177933105154695	0.28886282554538	0.00829480361510061	0.114131542938089	0.306775105983333	0.478662197585145	0.809106027252936	0.0830589799795849	0.0215131990874457	0.361014217999122	0.268728976435359	0.0093205248145941	0.143514899133807	0.298369400675728	0.0135104929496436	0.206301294425868	0.287913621013923	0.00140050037172032	0.0336677466131172	0.362339437174038	0.00133700165145785	0.0362327447545078	0.368511095571426	0.0542661313109723	0.534953380848826	-0.223182468588668	0.242619878344294	0.998823757686294	-0.138488417161741	0.167812779493625	0.624827027848022	0.16092665027671	0.0252472842171699	0.442404905487157	0.261823289052502	0.723354487618302	0.985860560435328	0.0415542759047872	0.798867214353696	0.949461995621073	0.0303404602293469	0.492279702187474	0.867895762788399	0.0805152928384177	0.366581242106586	0.972745479191146	0.107221495408047	0.000153695363298613	0.0131943500441606	0.423419478257536	7.89233948162518e-05	0.011463706459696	0.445302704455218	0.641628077184897	0.972064809029716	0.0739496610589632	0.381371444848781	0.899537159717527	0.144127085592012	0.0217302269349237	0.249529300820522	0.264709312916428	0.000667268634790106	0.0358078811936869	0.389148878990774	0.0155228498143145	0.192582825670255	0.278554997183542	0.00694263997548223	0.128866810503814	0.313370095223502
ALDH2	P05091	Post_only	Olink	0.085285206888078	0.489979064056267	-0.201413522781348	0.000672853668536578	0.0182424057962636	-0.388909142547917	0.343438597426031	0.9170942744331	0.110920471037444	0.0174900767381674	0.199560231014861	0.277423190825073	0.0124195005008129	0.180961049517007	0.287383876376703	0.00290281147882459	0.0606323612924453	0.343774865802819	0.580902549903383	0.862082359085968	-0.0647680361271083	0.135734931011555	0.701127011277509	0.176281428873747	0.173563377214045	0.665851980737879	0.158804672665831	0.0191087848210313	0.256385445923498	0.273737954951416	0.181281156958068	0.650128519336027	0.156036156683161	0.0105459581651395	0.152831800147209	0.297640546590588	0.0810380931349176	0.578983744141984	-0.202767139796968	0.0026683300489624	0.25235424955109	-0.346559037028482	0.0645185204864294	0.435479926570918	0.214566018827202	0.0807299638052414	0.583936897611613	0.205766383400578	0.543648989646775	0.976079072595515	0.0712327101975483	0.825506187782378	0.955218517886526	0.0262525732605788	0.0571448167066185	0.564783641999957	0.22063793875422	0.056223642377093	0.972745479191146	0.224479901620944	0.297509732014107	0.763781916323437	0.121893423111318	0.0359773628101884	0.365163495189552	0.245918132430128	0.135989103722304	0.796631282586909	0.233904172951293	0.126225451293676	0.786359986592599	0.24908763019452	0.0160680392569675	0.215456176150524	0.277164399488977	0.00178836989110329	0.0629848733592985	0.359457169912384	0.00347731228229245	0.0830530422138334	0.333302967120334	0.000509594893262175	0.0212461870883153	0.396806882337587
ALDH3A1	P30838	Post_only	Olink	0.0406554318967223	0.329868923473406	-0.238575709303335	0.000794547851729235	0.0212140362382879	-0.384089495207002	0.036377174546921	0.425840790592466	0.242101484785079	0.000151594683157512	0.00840252095602223	0.429150135189665	0.396803107480789	0.75823685171465	0.0992682371339129	0.0507320761351744	0.317031273437818	0.22956619709955	0.240946552432787	0.620984457530054	0.137064948822755	0.0182913796542667	0.337208427639883	0.275563973795195	0.0570834276128167	0.415291513639553	0.220691099326542	0.0037463409240115	0.0902451902584103	0.335186719265755	0.0368796995943421	0.304243488282092	0.241473736337212	0.00379886813972199	0.075420752077997	0.334711040790924	0.699900090301943	0.936630302839794	-0.0452456865800146	0.366825255850515	0.998823757686294	-0.107167228264615	0.164076871495685	0.620857230281607	0.162334011020326	0.0499181470792616	0.536385952549183	0.230357990755734	0.752004914832425	0.985922537573798	-0.0370987151692439	0.3875131171339	0.797795751141911	-0.102643588935302	0.0509307187100316	0.547162343949866	0.226272545290689	0.0708019037683085	0.972745479191146	0.212707863693436	0.0522455666557843	0.403952883415622	0.225035173859271	0.0210398502060857	0.283671612231305	0.269675912484655	0.0658527267451054	0.681123819119853	0.286493163458191	0.532986022075177	0.936541476565037	0.102915341623434	0.376469253502565	0.754137232547798	0.103588843827049	0.00550878070351958	0.122048643726361	0.321734803938286	0.801878537502937	0.936178851570571	0.0294619141687534	0.0437337754904878	0.32911409674747	0.236748333971711
ALDOB	P05062	Pre_only	PCA	0.000136671855714187	0.0132144600493655	-0.43176927353046	0.0194252690196114	0.225946550175479	-0.280816749993347	0.00224783459561326	0.13814471953999	0.349839426582064	0.0341283045928017	0.406794739594837	0.255462340280826	0.00237065998389085	0.106383826697865	0.348124740125804	0.0353868451449201	0.399587222183879	0.253754350960997	0.936060406819357	0.981752847016641	0.00948696547827112	0.619981342924247	0.917809700960583	0.060751217592486	0.00597870491626837	0.156763669584189	0.316680804660204	0.4242186199926	0.90276399744515	0.097758391631009	0.000719158412310781	0.0383633815118889	0.384485463937282	0.272640069332275	0.798183182753148	0.133914204196005	0.0207022762003223	0.296362540635851	-0.268535703445691	0.0378269077287622	0.452029981531922	-0.250582308188346	0.00178441975192776	0.18403315708215	0.357173314977027	0.400096203581766	0.886161461736405	0.102909312395728	0.833073460891282	0.979961567177914	0.0249209857618145	0.822924806785997	0.957878760273912	0.0274366854297615	0.182499349563951	0.938327477829421	0.156677979610568	0.911144024189953	0.972640089232762	-0.0136839013541569	0.00102769912863692	0.114615346516691	0.37403615164957	0.215098590814281	0.768995700721811	0.151140482104781	0.564916190682836	0.993651446499619	0.0925555566268438	0.543085595641641	0.930469350174448	0.106367396264386	0.10671251137254	0.625628516371241	0.189047837366033	0.028784596762188	0.394068771602698	0.263360113590125	0.000469798337506315	0.0454236267576418	0.396514761297181	0.0122119910422013	0.206646782950096	0.30017371887382
AMOT	Q4VCS5	Pre_only	Olink	0.00111825885060433	0.0285706658606232	-0.371513005117781	0.0478152286986379	0.344168047206663	-0.232453917127716	0.101745338139339	0.66239338984787	0.190425971689362	0.263989290278107	0.727681614231692	0.13244538135243	0.000330872089397125	0.0189717250179364	0.403523293494644	0.000409878821331265	0.015585953212502	0.402861466483314	0.705525653274315	0.915829504478009	-0.0443564268150881	0.50109705013013	0.949631472624232	-0.0799955166912815	0.00595760704848092	0.107634100675889	0.314727973407054	0.144129816377744	0.610306410594602	0.172641608567415	0.0031079550753573	0.0595233798884685	0.337039020265261	0.0946479430541881	0.504261252814683	0.197097304011769	0.179456678049487	0.687318360848224	-0.15668276101552	0.091537983424909	0.851783182935763	-0.198942549408659	0.021818209004726	0.269987883117843	0.264538875608853	0.167991533272146	0.68666222498871	0.163095263005233	0.552352640315059	0.976079072595515	-0.0697039488524689	0.677809429918112	0.910690904847835	-0.0494489500992187	0.0844733068667161	0.611534885054854	0.200559483918932	0.322056611021469	0.972745479191146	0.117525069647682	0.0369623684753633	0.34708253083045	0.241371151629652	0.205862702119809	0.754412336368739	0.149808373591157	0.475376903726911	0.945677935968425	0.113196589143881	0.261205837264461	0.870012114057869	0.184362097480457	0.0320895098384592	0.304597448904463	0.247774719112472	0.120246395868126	0.475970977098245	0.183470785306405	9.55907921162018e-05	0.00782445303125714	0.435150562677804	0.00330496435734194	0.0821692973247399	0.339436614473737
ANG	P03950	Pre_only	Olink	0.00194737577901528	0.0437957540342854	-0.354417528545955	0.0419206998850021	0.320014356868608	-0.238763007914486	0.0352112812271033	0.416692454696288	0.24358626787651	0.0139240218307455	0.175916546206621	0.286707695141422	0.281739337038092	0.682622801406552	0.12591366812078	0.132916400969833	0.479463272289935	0.177541553247614	0.0924772572412022	0.431770495153538	0.195678781009543	0.164453833358006	0.751417893366533	0.164444296457579	0.00651691988451372	0.11502268067679	0.311518724860345	0.0383421599386746	0.362985807893641	0.242961258078819	0.00204732135642414	0.0442090906446967	0.350544072781402	0.0262845800953983	0.26879702663596	0.26005948294101	0.765310509137468	0.953740174420717	-0.035047551456428	0.61677210136917	0.998823757686294	0.0595466861798138	0.000611297874345679	0.0430290192071894	0.386650720031315	0.440722154942506	0.846024557222176	0.0916271275703249	0.500979777764622	0.976079072595515	0.0789095102151192	0.9414581715328	0.986348393178904	-0.00874597250152788	0.0597628704301852	0.566541430585691	0.218412907192013	0.903273772883596	0.996490931968062	0.014472692810514	0.00915525914456465	0.167075772941214	0.299040777122522	0.102621658625475	0.597432212406096	0.192574274865544	0.0460191652665161	0.634523910246359	0.309601357256615	0.572454827710799	0.948636972239159	0.0932184337846559	0.0860116557430755	0.461567499136108	0.199593872984695	0.0927923653531101	0.431607159131157	0.198192443701787	0.0135154422971114	0.184938975006754	0.284067820665659	0.0167328179932562	0.213392643584585	0.279248643200818
ANGPTL4	Q9BY76	Both	Olink	0.000129626744525944	0.0053225526918986	-0.430361924619916	7.06174736094839e-05	0.00301375359813703	-0.447975422857844	0.00215212013030105	0.0712072864376777	0.348959593420389	3.70502337655686e-05	0.00336892316550143	0.463054926918642	0.000453147242305948	0.0238452238184295	0.394990885462292	0.000207124676082059	0.0095136927488539	0.421130316041838	0.621349887551416	0.883530358020691	0.057960576149292	0.0337802589023504	0.43994484491634	0.248814430785187	0.000812996810488283	0.0256188529816657	0.378497881471408	0.00661039456217242	0.126156121573854	0.315162557865534	0.000111679632821781	0.00465618161456962	0.431354909347026	0.00120279335960699	0.0336038144797416	0.371740338636415	0.953635894304361	0.991361751075301	0.00682821551448301	0.688030806550789	0.998823757686294	0.0477934293805707	0.000446723765248692	0.03489375986354	0.395383217088423	0.013508201429467	0.383371213428542	0.287920391902094	0.719798166003583	0.985860560435328	-0.0421113219187556	0.132382118047632	0.602374241058845	-0.177782700096718	0.174804951713399	0.713131052274143	0.158353311868636	0.240563953578042	0.972745479191146	0.139088750596707	0.00184923650479333	0.0603786858793966	0.353749134837882	0.00233172023079487	0.0749804246360197	0.350965304930903	0.135869201426951	0.796631282586909	0.233973833625608	0.0066239302346226	0.377912651280574	0.427590958503548	0.141262989863396	0.550282680888881	0.171487601984724	0.1663930834236	0.53561433496423	0.163702185718978	0.000361742993565771	0.0188523752416008	0.401126204648358	0.000456864920962274	0.01965244342552	0.399858260636008
ANGPTL8	Q6UXH0	Both	Depleted	1.82778996598794e-05	0.00114541504535244	-0.478799959322031	5.47816358020709e-05	0.00257473688269733	-0.456885288286796	0.058326081878076	0.452669381558593	0.221116387951472	0.0140051125170043	0.221064156447815	0.288440579192995	0.00385657547570261	0.0683005105986752	0.331985053902631	0.0192999247356646	0.198121205436422	0.275203798146999	0.156984939326424	0.38738810759615	0.166206359942779	0.0680659770824083	0.390712681916639	0.216260189369688	8.61619862876391e-06	0.00110831523414205	0.49173774819562	9.22619234859166e-06	0.00132913762725899	0.496390781399371	6.0015577294881e-05	0.0040743908585747	0.449020611378527	2.28754550161013e-05	0.0020706522984945	0.476861620157356	0.933718370355611	0.984192108902892	-0.0098352340050805	0.56450967244175	0.985935556352107	-0.069027661534027	1.16545308572119e-05	0.00356045917687823	0.485453398893201	2.02969342857136e-05	0.0044389743315995	0.479503025322027	0.146881703631494	0.88885013361648	-0.170297553394293	0.0258135151511389	0.288400232004665	-0.262656927019041	0.0105834756711171	0.836967569396375	0.295510149012351	0.0193727990693637	0.559751910669056	0.2750446178156	0.11255938848199	0.569951339198891	0.18601397596113	0.0125102399040731	0.226492502712412	0.292961827059634	0.0424288744444548	0.6205593237005	0.318465721085046	0.160203615884907	0.505666581202983	0.232452256349488	0.053402799465039	0.367651948993114	0.225487427501643	0.0846206549300572	0.470344691907021	0.204656906671715	0.00260571796699732	0.0509469976907316	0.345054183692898	0.0301365335307704	0.237404889416267	0.255745479558169
ANTXR2	P58335	Both	Neat	6.98111521842704e-06	0.000809272356474581	0.496043839769581	0.000258905305034333	0.0121928217089606	0.415271384546218	0.00114439644358788	0.0958114133603857	-0.368436737935318	0.0479472172503931	0.326952291386165	-0.232320161801522	0.00490347353269568	0.110291561399588	-0.321577348816242	0.0153659824836965	0.159700245537453	-0.282731334370612	0.710935134067672	0.898054691567461	0.0435036718143355	0.615477512256126	0.895994218156517	0.0597652154317975	0.000541928838226098	0.0280867594399268	-0.390032697935994	0.00568843685816592	0.131884220696247	-0.320588058339741	0.000138889679620487	0.00805025950723359	-0.425957867293231	0.00187612004925255	0.0554375081220312	-0.357940852233347	0.00912775095854361	0.498459598209903	0.299153553227102	0.0149426105773471	0.824824109125231	0.283864229954811	0.00974347441174496	0.195418389194294	-0.29669741713113	0.010546195151285	0.262009490902554	-0.297639678527739	0.000291319459919425	0.0365848688415478	0.40691362516704	0.066117232752366	0.344484550531857	0.216257867657773	0.865525236372532	0.989727503461879	0.0198863632165583	0.170299465537799	0.988165370089238	-0.162226395229992	0.000603463010986772	0.060627917170471	-0.387014640165563	0.0054228502623654	0.194577032032968	-0.322295019154712	0.324154803918732	0.814747818509562	-0.155908430855342	0.0353881288986881	0.648990916385489	-0.337905556407791	0.0204315132031186	0.316162145596146	-0.267296200154837	0.0501292122466364	0.390193715730304	-0.230151654516532	0.0194814084848901	0.242632087493631	-0.269279186218957	0.00670654260036653	0.129573842291697	-0.314635839337098
APLP1	P51693	Post_only	Olink	0.0127944860402116	0.158517205146999	0.288131127585682	7.54695726781836e-05	0.00317089212337795	0.446380906221742	0.0543637161069474	0.504356097361418	-0.22309442764919	0.0424294204279109	0.336209734969703	-0.238190557658889	0.00275297361007806	0.0773114868736947	-0.341023919679068	8.8988950174837e-06	0.000868250178673844	-0.494080010716614	0.838865926739366	0.956787315430843	-0.0238778853291341	0.609314302651802	0.971110722515356	0.0608083090485778	0.0228561702983594	0.250263521246683	-0.262571120313206	0.000861305692283243	0.0324933525759747	-0.381724017547246	0.0173387746430053	0.187364084351103	-0.274074406360934	0.000650301365102005	0.0212327313183908	-0.389888560990586	0.0426654623356458	0.511930988803092	0.234715951588891	0.0172034735763951	0.58378098384466	0.27810594711514	0.0795249460746191	0.47417514601148	-0.203763225216826	0.0249146314713153	0.442404905487157	-0.262401926496808	0.27719643647502	0.937555716466492	0.127099310631378	0.289031216189501	0.741737306698436	0.125769998987624	0.319081948074422	0.794042313389975	-0.116613681697697	0.43428610848673	0.985164364684928	-0.0929174415166238	0.0123762613649167	0.19787414925619	-0.287519835281015	0.0213557179205427	0.285393618889709	-0.269042029395454	0.673233187095616	0.972064809029716	0.0670213667332983	0.220675919252766	0.853305838410709	0.200640419161231	0.0116438914679812	0.179408767097213	-0.289887643412465	8.6553593530875e-05	0.0100278190134521	-0.443067607054838	0.02159495662448	0.225552762879269	-0.264972506923379	0.000170238299087249	0.0101104157738882	-0.426193054491128
APOA1	P02647	Both	PCA	4.44282652721427e-05	0.00555206046777142	0.456023115626319	4.34067739617808e-06	0.000746114214654166	0.508623208708602	0.000124829143506617	0.032185114167456	-0.428611073299728	8.76692506683826e-05	0.0158569415524225	-0.442756191139564	0.0253723011475775	0.382297405670757	-0.258099024607694	0.00501519743828426	0.152127655627956	-0.325064569561928	0.00223902677268028	0.0666110464872383	-0.347697327999107	0.0777232411649259	0.562171940451106	-0.207793086735609	0.00010524091997075	0.00957692371733825	-0.432809148306547	7.19404519169187e-06	0.00193420015738994	-0.498458223937833	3.31340235959036e-05	0.00399631880799813	-0.459874483505559	2.06396369237712e-06	0.00079823795802685	-0.523009836092938	0.955592795535088	0.991961373955806	0.00653971700004044	0.686812518450477	0.956997989011509	0.0479902702379272	0.0167963848946245	0.419161293580634	-0.275368669996631	0.000446507163744082	0.112032239080069	-0.400495211470473	0.128415450291427	0.758545841517737	0.17714205953219	0.161439098972122	0.635486733104	0.165610890840646	0.193040748114487	0.938327477829421	-0.151977864270254	0.829194482716506	0.958363623096683	-0.0256890715408851	0.00125536462977826	0.123172788703583	-0.365657198616238	0.000665610489534817	0.0572055237394645	-0.389220406009393	0.0186379430407347	0.682481777609087	-0.361563036175297	0.13785651917945	0.745464883543614	-0.24192700200686	0.00469408196054151	0.191098547183098	-0.323091460354466	0.000781986671539005	0.06720741004838	-0.384554660137632	0.0681596600034744	0.516344704450352	-0.211772807861421	0.00646325545696567	0.149233674506357	-0.315981817553556
APOC2	P02655	Both	MagNet	3.07085285056737e-05	0.00602091882234575	-0.464419410501169	0.000278335130265515	0.0470360486701518	-0.413348181204779	0.00138325939910245	0.109790429789843	0.362716848450467	0.00633943700972949	0.321453176648525	0.316684051530158	1.81467852957323e-05	0.0066712119443436	0.473119173066051	8.71049328136622e-05	0.0365965153435686	0.442913249622778	0.0433144288612535	0.128804585723909	0.234006283263958	0.159973531066532	0.573409482616452	0.16618383446996	1.70586016059477e-05	0.00418077894359102	0.474449043958079	0.00121961240652148	0.224180005473729	0.371318302400522	2.02483626751416e-05	0.0054136758752356	0.470748942122099	0.000841279574108435	0.145541366320759	0.382415618191856	0.727492487646985	0.969073233419171	-0.0409072698405968	0.708500722063701	0.999576267023585	-0.0445046726160635	8.8089870760254e-08	0.000129536154952953	0.571039655847361	8.79870450120875e-05	0.129384949690275	0.442668154861884	0.0901550840957535	0.999744779521394	0.197059327892288	0.482728147213321	0.757653399597772	0.0834505671931442	0.0168627229158071	0.619860912622667	0.275208461313405	0.0228541968352661	0.61434878857363	0.266139484337634	0.00196199844316783	0.412159815811185	0.351888848146304	0.00508648941045903	0.517590058279993	0.324566189655357	0.0261308003000541	0.27322229939901	0.343073670019308	0.190450168587953	0.520338539686681	0.214173376642819	9.80851102590463e-07	0.000505064326955028	0.530495603455315	4.77338752902676e-05	0.0420066653414446	0.457215523717743	1.1384831272366e-05	0.00669655775440568	0.483011525944209	2.80087974255079e-05	0.0274579577428063	0.469381565002072
APOC4	P55056	Both	MagNet	6.528416187916e-06	0.00174546109169645	-0.497403597007347	3.08335999269233e-05	0.00824378339864375	-0.467222615880096	0.000169260534564401	0.0498075918252618	0.42098321140426	0.000833161252494171	0.174447164642199	0.382700247967721	6.70057413159774e-05	0.0218959872455877	0.443655326486418	0.00119273745505484	0.206343579724487	0.371995224276658	0.15581578560017	0.290949869994829	0.165532240193198	0.527480938314878	0.785781807093818	0.0751454800527253	1.1584259746463e-05	0.00309720981039524	0.482648496118344	0.000596745049759101	0.125359085095822	0.392344405126457	3.39109058466739e-06	0.0014247424870724	0.507360700098997	0.000121615892827334	0.0325156673459263	0.434693888384269	0.46273263260499	0.935864812777459	-0.086084242213742	0.241897121666688	0.999576267023585	-0.138699062517053	1.54273263457642e-08	4.53717667828925e-05	0.597295130035847	5.79729424235215e-06	0.0170498423667577	0.502841254742631	0.306158258308338	0.999744779521394	0.119747842734251	0.966813060160492	0.991076057836182	0.00495506938684221	0.0223870147014048	0.619860912622667	0.263450911229724	0.0265073371119579	0.61434878857363	0.259688409870073	0.00020340151558401	0.101269174053579	0.416290954234789	0.000149901426538781	0.110215023862639	0.42943506346089	0.0605305421295287	0.32064759506393	0.292077057478453	0.485943579110181	0.758914442093881	0.114942356283991	1.03039305057129e-06	0.000505064326955028	0.529608477297309	4.94893650147334e-05	0.0420066653414446	0.456374432126933	0.000233891419970936	0.0634564750749311	0.412677526979857	0.000792602472751831	0.19043034586578	0.384161097332726
APOD	P05090	Both	Neat	2.24509623136656e-07	5.63893336778235e-05	0.559125333383858	3.77126293916983e-06	0.000473607770777411	0.511395369404233	5.87900620983993e-05	0.017095226481557	-0.446730565069593	0.000239695339631818	0.0277862212942423	-0.417307705955985	0.080040191066429	0.509272706744436	-0.203422365815211	0.252028783122475	0.626034112005612	-0.135784710736892	0.0609321700765476	0.324873629883791	-0.217444657175185	0.183028578397951	0.817101527119639	-0.157583034683985	3.28606763029301e-05	0.0029130023052068	-0.460060482126694	0.000398307790385657	0.0200083280037062	-0.403649237654236	6.66997045168606e-06	0.000717974676477921	-0.493991328450079	2.58310728893411e-05	0.00243296417776481	-0.471188999431199	0.107567469951026	0.586941614368559	0.18731448737087	0.164844882333254	0.947501185809427	0.164294133256107	0.0137304531009975	0.23638189753226	-0.283444728522307	0.0202409690360977	0.305031403373992	-0.27131609737191	0.00459097436550053	0.172964959220233	0.323859154742434	0.00882169123672343	0.21356650429617	0.304458671882008	0.0929595674455769	0.850799416420647	-0.195395472293734	0.309799552497385	0.988165370089238	-0.120518147034053	0.000121369089914235	0.0304838697501253	-0.429306195228561	1.51631396713695e-05	0.0228508514847539	-0.482836883078557	0.0251616535949386	0.568052500844431	-0.345193105172703	0.0115907824136155	0.648990916385489	-0.400191227065393	0.0429990539280687	0.450558057887305	-0.234350049764339	0.0148989708413328	0.21230346008078	-0.283982572358059	0.0181605958649517	0.231932355665103	-0.272178097359581	0.0563328692569614	0.418443311377156	-0.224382928092932
APOF	Q13790	Both	Olink	4.54843908411989e-09	1.36958554644054e-06	0.61772994066633	8.65681228601227e-07	0.000101999831717797	0.539028354656543	0.000177352669576464	0.0133507148486727	-0.419797094260382	0.00307893721400772	0.068508684928721	-0.341812810445662	0.00027972969868886	0.0164797279010176	-0.407987208383139	0.000148273734072235	0.00765374893972871	-0.429711767817298	0.0445989986179428	0.344587640397502	-0.232627109779451	0.0384842776171559	0.465437228529409	-0.242788444486393	4.03437416876165e-11	7.28876933156271e-08	-0.672161888553879	3.07550251364754e-09	4.94819350349463e-06	-0.626407652122621	2.89052478846738e-11	3.91666108837331e-08	-0.675803486138234	4.14579695914116e-09	2.80877743981814e-06	-0.6223808514652	0.33055804810334	0.784725681222744	0.113898133335187	0.509243006896047	0.998823757686294	0.078484465495118	0.00687951751161034	0.146836476855409	-0.309565547377236	0.00137488967364079	0.16298099487522	-0.367652505832242	0.0509952605700163	0.780276958842064	0.226211198937921	0.0319515920472981	0.534906456586828	0.251347833702532	0.125306387540427	0.659948277983913	-0.178574583141512	0.0146428233419632	0.96907969195277	-0.284683282243157	1.37882282142628e-05	0.00266900703290372	-0.478984440113734	0.000360341658096732	0.0271257192622818	-0.406389768316137	0.241380048574965	0.868995064585482	-0.184787914058482	0.0958934462545708	0.752051059692293	-0.270433364714977	0.00283625941139112	0.0804551823952116	-0.340049415547954	0.0176735488889604	0.217706747699808	-0.276991139803404	0.00105537344945732	0.0391789321647854	-0.370848943515236	9.67907391332592e-06	0.00116579068022726	-0.492333197603403
APOH	P02749	Both	Neat	0.000480109952613227	0.0233395386641333	-0.395912217400771	0.000101269160411271	0.0061045049895914	-0.439228709623819	0.000107365058537705	0.0219739679436964	0.432320519495026	0.0015267914172708	0.0535087131587696	0.364411657832493	4.34218014998864e-05	0.00436244365735526	0.453743256957174	3.32113572119595e-05	0.00268709646692773	0.465543464637101	0.686195271519003	0.884247990355604	0.0474228902586756	0.468159964068326	0.884028668706469	0.0862406745350383	0.000157474287293566	0.0107869886796093	0.422807782019565	0.000274128327049563	0.0148753782844199	0.413753894971769	6.24346287006001e-05	0.00427677206599111	0.445320157793828	0.000208278732257579	0.0130199364407913	0.420985715479838	0.235353793483325	0.651386936493931	-0.138692091918263	0.789190204875136	0.998279605744279	0.0318339099829688	0.00786420525913995	0.191150924605224	0.304684966175608	0.00511370836325341	0.202798907984813	0.324377539219673	0.643853435390857	0.945555577216943	-0.0542557888362461	0.711035755541952	0.900446120673715	0.0440997426428245	0.342137702326304	0.923700129470704	0.111217984371633	0.429125806031377	0.988165370089238	0.0939598181655594	0.00139514285100811	0.109052402204875	0.362456263925567	0.0106506420073298	0.276733060431829	0.297258739910053	0.357177878969746	0.832583308940504	0.145712814277261	0.998421441537211	0.99991776184706	-0.000327456853364463	0.00105622580573655	0.0513462028788706	0.370824987353444	0.00349813928142894	0.112783573877599	0.337517959282622	0.0017485233117933	0.049717445865519	0.355499029989937	0.00356311784781657	0.081357857525145	0.336893762163758
APOL1	O14791	Post_only	Depleted	0.00484507077289837	0.0709063052033749	-0.3241155303688	0.000422050859695579	0.0115898011359101	-0.402054418344135	0.0461978855787718	0.394781931309504	0.23095558709161	0.0256115070758759	0.303820406433712	0.261197095972775	0.000775735462232798	0.0243063778166277	0.379853795733602	0.00106245753123825	0.0309124548374556	0.375486048771584	0.253160276309465	0.499776829806407	-0.133599850004545	0.254668744073737	0.606637827013852	-0.135038531600154	0.00086032797286507	0.0288033091189347	0.37685470130709	0.000202152115829387	0.00980073630286701	0.421761959118901	0.000920709296425829	0.0264642079014762	0.374873689919859	0.000254775644961815	0.00957956425056424	0.415697156981836	0.066956146913895	0.485297906366894	-0.212682447331032	0.0219325688721308	0.482911696607997	-0.267904743142365	0.000408416393924417	0.0302475656591295	0.397835963511133	2.58118155231304e-05	0.0044389743315995	0.471205605954975	0.245641886432001	0.912384149604576	0.135718902685678	0.490388225784953	0.780787507373567	0.0820015092458989	0.253761862437089	0.972565265309277	0.133432161838757	0.313508742797931	0.719451049200134	0.11960447813384	0.03665085530142	0.350015710455898	0.241758715343582	0.0216313334251569	0.300380561881156	0.268495419266356	0.681358702438154	0.943070074893452	0.0652603097023868	0.703983897389386	0.881422461690399	0.0628242530629307	0.00412892657153742	0.0869922115589437	0.327499211868265	0.012423381854281	0.173501401439215	0.291243297561922	0.00105981934907078	0.0301185870828951	0.370724180083431	0.00166203812813376	0.0384638122872644	0.361762148071266
AREG	P15514	Post_only	Olink	0.010930354191263	0.143002720816898	-0.294268723997954	0.000488902163448766	0.0144013572059365	-0.397968355282481	0.0402027507451886	0.436107675533566	0.237493124549471	0.00852836873511663	0.130945491627003	0.305732816623256	0.682364728829426	0.899314039202747	0.0480342653954495	0.0716644282032496	0.372765068005386	0.212074954335152	0.441589356096111	0.790166493905884	0.0901891141172294	0.151997534719164	0.735040145929745	0.169372068693511	0.207750471077553	0.71041486008854	0.147144450123322	0.0371043464769083	0.357203477628496	0.24448940795543	0.0909294667900487	0.491774222837024	0.196595872759045	0.0272516334972165	0.274033123478503	0.258467368330021	0.926152452572681	0.990911514382565	-0.0108850502252383	0.768034509929533	0.998823757686294	0.0351163665459372	0.269555601544251	0.732170533651194	0.129123093606507	0.141410428514926	0.659041018587714	0.173802778962166	0.372800080821356	0.954647414396871	-0.104383304737225	0.421837325536292	0.819230461237662	-0.0954443188596724	0.273050646810095	0.768219316934767	0.128192677987123	0.57628431132115	0.986791634720565	0.066479985066928	0.0260166344755915	0.288033543971977	0.257014560871896	0.0380168197852502	0.375631037521487	0.243358883685954	0.37647789606931	0.915808571975094	0.140018132709931	0.616764553788785	0.959216254049466	0.0826875197673004	0.377648572196802	0.754137232547798	0.10333448903632	0.0801738210914513	0.407754481109163	0.206136675062906	0.858533974396835	0.953431450407523	0.0209307600871059	0.223799472909439	0.615732559984344	0.144121837077462
ARHGAP27	Q6ZUM4	Post_only	Olink	0.0151006204851037	0.176480039686749	-0.28153071603099	0.000569989627048481	0.0161745747570826	-0.393647462591846	0.512196945983543	0.968634838531335	0.076860329917743	0.00361290383562324	0.0756059412705712	0.336422327875605	0.0970085664222456	0.469941219822889	0.193061505767857	0.00209121954873488	0.0480271608226399	0.354477595620227	0.87192881545343	0.963673026045662	0.0189311099622015	0.0132039924032592	0.294384138931641	0.28882820077342	0.276877050857545	0.767934226729795	0.127183152106505	0.0801382580253898	0.507417474880389	0.206160423097813	0.126324915896842	0.564649277560883	0.178102333559004	0.0346512195731305	0.309542430438368	0.247647982654556	0.249703562741687	0.725222801980793	-0.134568696401047	0.230079091644973	0.998823757686294	-0.142206799607205	0.0179823138811116	0.249628983495999	0.272583126107084	0.00153037013128583	0.16298099487522	0.364338872775095	0.987107998154436	0.998720842960064	0.00189768724137248	0.761519392823	0.93933434435609	-0.0361324057933462	0.0159729662922762	0.452055121626886	0.277403944150534	0.393597806520702	0.974725983626214	0.101340793518384	0.0355640837324736	0.341768322393629	0.24313268917933	0.0473479641447132	0.422777538162019	0.232929890571803	0.16224248509256	0.811961467406902	0.219634277218262	0.796858769457801	0.977319900606909	0.0425861906266129	0.669501744205094	0.896196456802077	0.0500967617827427	0.0476889966341159	0.326195198260179	0.232582123321273	0.0665850945035311	0.355166734669356	0.212965553301856	0.00454013818110252	0.098825497757332	0.328555474190787
ARSB	P15848	Post_only	Olink	0.0142271851772892	0.16953158175944	-0.283920878022877	0.00174921872318385	0.0383113722871519	-0.360155397201622	0.2196428030437	0.850965660142818	0.143411747437624	0.00392689688889114	0.077962568270293	0.333575683823026	0.114547106016409	0.4999474273722	0.183752011658354	0.0148905225959215	0.164707413203866	0.284005516864496	0.30238769991061	0.682607802380468	-0.120678345145688	0.669130461296902	0.971219213331725	0.0508620369065091	0.242591518375137	0.747769045652799	0.136591336004388	0.0439353268033218	0.38973726886089	0.23652866116515	0.188825536639	0.661355947106813	0.153411465736141	0.0270929858987001	0.273452483372354	0.258725250770748	0.421323338942948	0.820076093820267	-0.0942284460293063	0.566274839058908	0.998823757686294	-0.0682278192679818	0.714886915602724	0.935332789374292	0.0428821316308715	0.140213865047254	0.659041018587714	0.174319031085144	0.894977228406914	0.994207283659295	0.0155025456322134	0.521986512788622	0.861405441715825	0.0761451717604192	0.603133209688339	0.908568968776988	0.0610015140048229	0.714520032312892	0.989266089312206	0.0435440001932622	0.14161335558188	0.62199797356005	0.171338940202925	0.0456082941657058	0.416575033267026	0.234736701284605	0.825687153005767	0.984336567590976	-0.0350299340588292	0.744171449907698	0.967531417940324	-0.053973243109544	0.303291157081104	0.698969021579647	0.120454704510263	0.0348230760747611	0.291267086921613	0.247420722361707	0.0702391203004758	0.363259572546354	0.210231135608399	0.0137016237082937	0.192890390906369	0.287352340568485
ART3	Q13508	Both	Depleted	0.000570650750965588	0.0140875801551505	0.391076690752459	0.00149682486700528	0.0323738050881496	0.365027235888532	0.000345967387882443	0.0267902613443586	-0.402326686532769	0.0043284616566739	0.112540003073521	-0.330216344629866	0.0103256063491076	0.130081350088757	-0.294496847259407	0.010606856898153	0.132939273123518	-0.297418035417335	0.368452709470066	0.606603290583367	-0.105330776926032	0.380542835889257	0.674435598921932	-0.104151093191505	0.00571563976034793	0.101963675724747	-0.316199428445233	0.00395541966758838	0.0826243219451796	-0.333327232768676	0.0013499539462529	0.034367577548355	-0.363458105078007	0.00120251930127831	0.0296864360840828	-0.371747259578068	1.49378882456665e-07	9.12704971810222e-05	0.562603443518835	6.30557681649255e-06	0.0051369432465026	0.501141965002585	0.0485411047992381	0.398102215199121	-0.228590077246256	0.00815809181495416	0.16751717250107	-0.307397167596691	0.607381780423849	0.987358093733703	0.0602887652579962	0.720389973558871	0.890107732749181	-0.0426098353459658	0.179768077504391	0.972565265309277	-0.156572062076992	0.471954966112702	0.809444166441716	-0.0855094085773175	0.00124427667024385	0.0691789791919028	-0.365924711568157	0.00528178705375271	0.153674851897281	-0.323231904978331	0.29757638224701	0.802907154744071	-0.164597099146934	0.852867376913074	0.949616341310047	-0.0306890566821183	0.0228072659524378	0.224761927369992	-0.262662107676137	0.00680503125072852	0.125732479365213	-0.314103141103658	0.00768281899927141	0.104909512182295	-0.305542058092087	0.00540331604027842	0.0829410213530397	-0.322423463876162
ART4	Q93070	Both	Depleted	0.000375235347796097	0.00996820858710502	-0.402686162864123	0.000110206297881877	0.00434426116166626	-0.43714189474608	0.0204402588183167	0.252302992686697	0.267278316210931	0.0146560435505925	0.225279059356278	0.284646859662093	0.00780952895027661	0.109065650025577	0.304941482292958	0.0506271877755569	0.343687316920999	0.229667645603357	0.00181822766249932	0.0454718630067892	0.354278583248848	0.00217785523501808	0.133066954859605	0.353172480491079	0.000936845968572052	0.0305286872958679	0.374364258146602	0.000874873657692282	0.026075502675609	0.381263693409812	0.00124851994343248	0.0321198183341997	0.365822082893041	0.000762869807534013	0.0214711948197254	0.385275786998867	0.801924817711757	0.961445771262236	0.0294548888486518	0.202736399651882	0.85898814706096	-0.150835071831693	0.108103932843145	0.56696569070525	0.187034425927997	0.0374233220246894	0.382688698863351	0.244091601661299	0.527234687683202	0.986449788797904	-0.0741487677699806	0.154043355601238	0.527576970891882	-0.168542660203771	0.0990732288673391	0.972565265309277	0.191900638481927	0.0326769794888061	0.559751910669056	0.250328708718323	0.0297183793179065	0.314669587286814	0.251191023047245	0.0136485260751753	0.238264269483774	0.28750758627062	0.165941772032749	0.7267831552548	0.217762407502922	0.186380503094242	0.53214246444197	0.216108145049362	0.00151558308598676	0.0500679115203073	0.35992259325538	0.00161706597709447	0.0510730149462785	0.362620888633904	0.00820542433150805	0.110187126737394	0.303118571164843	0.0568527145335217	0.34765250986185	0.223923488774301
ASGR1	P07306	Both	Olink	3.8759772692011e-05	0.00207997988109604	-0.459151712664978	0.002285529853449	0.0476445069449752	-0.351613835346291	0.00209115874545185	0.0699634592614139	0.349872620436265	0.00592141018204816	0.101885851386352	0.319147676583136	5.79069370608385e-06	0.000871821107971513	0.496832124571395	0.000145274415425445	0.00757103203467225	0.430229056742679	0.628252029485561	0.883530358020691	0.0568184003131233	0.964592816015502	0.998240589438598	-0.00528677568023743	0.000455047372181443	0.0163334884584333	0.394875803614425	0.00508346232126361	0.107837198103288	0.324587225092887	0.000124427372257463	0.00507064930552969	0.428690869731355	0.00166421107073385	0.0429524952541785	0.36172118796481	0.925859700645414	0.990911514382565	-0.0109283234880185	0.960967932772581	0.998823757686294	0.00582842362346963	8.93924452280178e-05	0.0138430586610245	0.436772634325784	0.0548052518407871	0.547751616437178	0.225753331085501	0.694780940146567	0.985140774904654	-0.0460571120630819	0.275873947967448	0.734038683349812	-0.129226920488048	0.19533128952866	0.728184492380113	0.151208276670201	0.648990328237788	0.987237121388611	0.0541688689905491	0.000538670825812091	0.0277631725516857	0.390201066700147	0.000977091064088827	0.0490354959940874	0.377990134637967	0.00628556527148717	0.281551766706285	0.414960185702629	0.171254522089644	0.822079430439716	0.223574021617642	0.000841322402546555	0.0379997285150194	0.377504402049626	0.00975672727855388	0.172815234803144	0.300630340714541	1.48904273409803e-05	0.00212928580014561	0.477353118381678	0.000866701493118831	0.0326216811993338	0.381540170102092
ASS1	P00966	Both	Olink	0.00102977055078616	0.0269264023240041	-0.373976225734867	5.51528785270307e-05	0.00255494531296159	-0.453837836133926	0.000142943111183098	0.011228284965397	0.425239011371405	0.000784176295991085	0.0277793171521025	0.384473087980455	0.00790730963307174	0.14430174481902	0.304483840667969	0.00291285675873859	0.0606323612924453	0.343660139408238	0.172064536731135	0.545055399814582	0.159352718626012	0.044242287100226	0.476331967983401	0.236195696364773	0.0093024826929307	0.143514899133807	0.298442186995751	0.00137072273509848	0.0439604569481286	0.367745881265265	0.00333896429698815	0.0623576123307458	0.334658937994084	0.000392876689357458	0.0147874420577599	0.404026233982369	0.497339456064022	0.856283307454574	-0.0795796233661241	0.377864952265854	0.998823757686294	-0.104734660181383	0.236239570670159	0.703540812431311	0.138432616302797	0.0465507222857062	0.529794422662372	0.233750991953921	0.0203392332402654	0.656182405727609	0.267485303380555	0.157957581387838	0.63262460425964	0.166978323788381	0.226750600576905	0.752000153792978	0.141248285245219	0.173778855967562	0.972745479191146	0.160932681992794	0.0242111537416913	0.279026183317928	0.260113684867745	0.0068220905266377	0.146015227158255	0.314011561853171	0.300526272643419	0.886093677765925	0.163608976930489	0.65933143142774	0.963774260686936	0.0728671156104122	0.00110101233300851	0.0457861226222972	0.369590217188455	0.000302036025444328	0.0212601981546527	0.411162352997042	0.00723060578666631	0.128914090012274	0.307758835583394	0.000452251782503348	0.0196096372893452	0.400140299773699
ASXL1	Q8IXJ9	Post_only	Neat	0.00795688104832915	0.155727529088728	-0.321614118746765	0.00159158038296546	0.0444168821690547	-0.383954341268977	0.0187933954178626	0.308865408054177	0.284295501558368	0.00631532742021434	0.117496276818062	0.335368897445079	0.00054926041595248	0.0243451602011879	0.408197337126153	0.00166511877078106	0.0374527460830904	0.382473957007773	0.647950003586821	0.873098846894971	0.056373414047304	0.381634093319817	0.854049241527119	0.110325559864878	0.0110374586154621	0.201091729075481	0.306431432824893	0.0290477805028786	0.347420676332048	0.270918962477016	0.0121643890126587	0.203685936023075	0.302507501096711	0.0161010352710853	0.230743800040967	0.297484183133844	0.115419154611354	0.586941614368559	-0.192689912964915	0.0247619528267856	0.824824109125231	-0.278342648519239	0.0328884512529815	0.348564020282801	0.259085935090506	0.264294821610213	0.610877754856734	0.140497650910821	0.0109970165392092	0.254961598839819	-0.306578604862456	0.000203270411974701	0.0510547518076456	-0.445083209127296	0.112092530198064	0.87774274525216	0.194438278725821	0.292820831196479	0.988165370089238	0.1324730757743	0.0553987266891453	0.567093413235799	0.233424371222205	0.0354588710416875	0.458129310348586	0.261373075802058	0.0174390567017114	0.568052500844431	0.393950217113526	0.0811958156474451	0.691154742960096	0.303312053580854	0.0147304094733777	0.274058358967656	0.294629948410022	0.0642728820818328	0.438277073743539	0.230867787054042	0.000121033833028273	0.00735093780507403	0.449364174402669	0.00307774186273771	0.081357857525145	0.361630593970723
ATF6B	Q99941	Post_only	Depleted	0.0200091496200435	0.179129529931818	-0.26996674764019	0.00185216622206095	0.0390232262648013	-0.358348337488331	0.0945895170151676	0.566261204236006	0.194446508302598	0.0179565733310132	0.248637377223445	0.27633214176264	0.734118422028324	0.966944771160107	0.0398737790523807	0.452241495147695	0.896075944729469	0.0893437811365251	0.00178990608002643	0.0454718630067892	0.354769296580995	0.00853112370816415	0.21104847856758	0.305720672311769	0.00253137035392717	0.0603811886312783	0.343751473509316	0.0144047713114702	0.203498618989786	0.285344035803004	0.00173365174327639	0.0410561154308437	0.355765073205575	0.0102548361479397	0.146566196172892	0.298719955544818	0.880505450283157	0.974617445875016	-0.0176535995702219	0.367029209321749	0.945700095774597	-0.107121887173086	0.923498159448681	0.988191550653492	-0.0112774494481279	0.858920429926054	0.983487812556577	0.0211669075868007	0.0821790544869282	0.811588645416274	-0.202025793247769	0.00248182676564814	0.116645857985463	-0.34893441920174	0.00447777952199073	0.821150935015848	0.324719764950126	0.0610293670628855	0.559751910669056	0.220351129166108	0.0470378654077986	0.396344642564935	0.23009648731114	0.0193556359723434	0.285977957803943	0.273199654882467	0.238856281379327	0.767546367658015	0.185765207233675	0.0520938588700961	0.37779641269589	0.313338110482016	0.337812416960558	0.789305494313197	0.112212302866615	0.371011922585908	0.869818222232584	0.106239545265845	0.576844710141681	0.886965187545191	0.0654625647105131	0.392155536741614	0.760320441047523	0.101648510109182
ATRN	O75882	Post_only	Neat	0.00165889803827438	0.0567869480337089	-0.359455014079478	2.92832662799313e-05	0.00232262538336087	-0.468383561126872	0.00154400496600515	0.108360796452748	0.35935126404791	6.43128638413096e-05	0.0121149357261067	0.45020608814249	0.029473250494318	0.342030712795927	0.251557151104093	0.000627011386176297	0.023622653974192	0.390933010332871	0.0124503862376491	0.178971935553849	0.287287011976443	0.00691695820402895	0.297824457527761	0.313505927395813	0.00802785294520731	0.170394005470809	0.303926445271469	0.000691011442797961	0.0306280660087214	0.38814204060382	0.00346522454423577	0.0917983070848903	0.333419505203103	0.00041875490256148	0.0195601708795444	0.402270829995226	0.350090745355199	0.758610816314093	-0.109410025962366	0.938658688759916	0.998279605744279	-0.00916499722210628	0.000942820994476899	0.0591159340862367	0.374177645202372	0.00296533824267203	0.159598740418098	0.343066436567534	0.0390578066741	0.432794960719622	0.238832633313272	0.316300529941488	0.652945484094135	0.118921372989401	0.0829395136667078	0.849139267471167	0.201536207742171	0.115654250465169	0.988165370089238	0.185737920381349	0.0220514807416772	0.396167164536803	0.264089803959134	0.0116289351451436	0.287184202510192	0.293840226891611	0.07276162156167	0.646768818039875	0.279755026719903	0.269619909244934	0.837332315075364	0.18119874294265	0.0136028473721227	0.269730144602485	0.283813497363513	0.00351747045271874	0.112783573877599	0.33733118881105	0.0134849030017034	0.20101276219499	0.284157016623815	0.00184162853612246	0.064542655905501	0.358529099404233
BACE1	P56817	Pre_only	Olink	0.00032082580421423	0.01092048087957	0.406918359522816	0.095963200397315	0.496051390720239	0.19633121137817	0.0234570228268384	0.330116338013566	-0.261466527705111	0.469266415444003	0.854229438679811	-0.0860271403083597	0.000524692696437016	0.0265778917260619	-0.390934142990174	0.0896562680609066	0.403098427460761	-0.200083103534168	0.596677716422385	0.871931308441447	-0.062088754191889	0.774616998302555	0.97988064065282	0.034092357627588	0.00789501719743927	0.125894908810537	-0.304541099107386	0.360167633011302	0.797955538361455	-0.108655838222792	0.00440463641465698	0.0736824980476568	-0.32528618892271	0.296967124008227	0.758933664856702	-0.123734947362861	0.354281159586171	0.797461612795733	0.108467688121852	0.613248724058912	0.998823757686294	0.0601419034311933	0.0271275588029716	0.303783819653111	-0.255197056785039	0.301898928155609	0.772402880456459	-0.122488150268216	0.0991698970728731	0.866342415591193	0.191846751614382	0.0343882697332391	0.534906456586828	0.247997533721261	0.961425427922408	0.994072075417675	-0.0056800566836572	0.815849076459111	0.99498445719098	-0.0277307614060153	0.00850573488537831	0.160630951493904	-0.301786506846311	0.117266619133391	0.619258807133306	-0.184934147565767	0.945775124071694	0.997622080356309	-0.0108209290687467	0.711191491894137	0.963774260686936	0.0612247709557333	0.00119249062829709	0.0475242588630163	-0.367203398320018	0.154344350601993	0.521537643555362	-0.168421324913926	9.15289976495877e-05	0.00763211026555024	-0.436202079761526	0.0557472799777087	0.360561166442937	-0.224904627887333
BAIAP2	Q9UQB8	Post_only	Olink	0.00703560251747186	0.108356808755343	-0.310796766815152	0.00119828025476141	0.0292492543094855	-0.371854492480286	0.199884897891915	0.836588002740476	0.149697360246661	0.0331954517900728	0.297879716394362	0.24961184505105	0.00938819489688011	0.160012630003428	0.298097495118855	9.29062042074244e-05	0.00565788344723865	0.441341651143416	0.821766127471636	0.952925205583284	0.026452140277738	0.795692209646982	0.98264812022587	-0.0308299314852939	0.13261533376449	0.606281646167496	0.175248255970934	0.0205515601303868	0.265779223571837	0.270671968170829	0.188010644821922	0.660841566105588	0.153691268998747	0.0202648570612366	0.229781433623227	0.271266257999911	0.0973600433169046	0.601015301569047	-0.192862529412192	0.355601389854691	0.998823757686294	-0.109686619567527	0.435622875303392	0.827800175934786	0.0913672120569126	0.0245600758685035	0.442404905487157	0.263025916488783	0.537436978667066	0.976079072595515	-0.07233112152274	0.782665964468135	0.946099628211929	0.0328435546406742	0.0552719767965225	0.56150216870556	0.22228112709425	0.421023350292011	0.979546551911073	0.0956110160065761	0.376092222589316	0.81653221777108	0.103670263156708	0.123406164547465	0.631001331931377	0.181949074168043	0.259560967614449	0.869630474671362	0.177943430603863	0.200317176184936	0.846492265786711	0.209600547062736	0.0105371760257391	0.170653503827559	0.293723817984261	0.00774992143918167	0.148952390781435	0.309310335855862	0.00361595113801235	0.0838319722634252	0.33199154214946	0.00033537453052619	0.0165248177768359	0.408339888206194
BANP	Q8N9N5	Post_only	Olink	0.175232326207439	0.657776201303392	-0.159286787244457	0.00060992840824094	0.0170402679003397	-0.391721801026339	0.0745274662581116	0.584174703774772	0.207164136173899	0.003800137563075	0.0771413692579269	0.334699617644306	0.0388596262435118	0.31365315025154	0.239067797149343	0.0195014801370672	0.192528273848641	0.272884370328417	0.0473823505818041	0.34657535783182	-0.229747812324461	0.126452545408044	0.688952042768035	-0.180509903216109	0.61013300846257	0.913053464290117	0.0598283768786901	0.224960620177245	0.706809668834107	0.143764930130888	0.303780866017714	0.77509869287992	0.120333663789081	0.0745477103492787	0.462210948320163	0.210002608369468	0.793221644241538	0.960358741239378	-0.0307778754424778	0.104250960973971	0.8647616956255	-0.191684030896723	0.874860557346051	0.980851337662866	-0.0184941805174213	0.492202884870572	0.862787721862386	0.0816599832431553	0.95597222437052	0.996961051784369	-0.00648378377419192	0.757456072142523	0.937522701761241	0.036767387572453	0.293046070897235	0.775920715321453	-0.123016776491733	0.519223494321099	0.986791634720565	0.0766498918102698	0.0258103794358826	0.287997235631232	0.257359204948245	0.0149761660559264	0.242300955292899	0.283773436557101	0.30079587405005	0.886093677765925	-0.163518979680684	0.0491990816285883	0.683974932598775	-0.317086330338328	0.357846138035053	0.738585707597101	0.107671412475095	0.0293978231959019	0.273303948064817	0.255097619151911	0.198557514082652	0.565012703932556	0.150135226005368	0.070296605236992	0.390533360542258	0.213081524682358
BCAN	Q96GW7	Both	Olink	0.000477055912318037	0.0149459135535478	0.396089434295138	0.000857056898462321	0.021893784744194	0.381869520718166	0.00901370678333524	0.184361625160317	-0.299624295735231	0.137952556410382	0.593414964876404	-0.175303792703502	4.73588388174868e-05	0.00435059163374201	-0.451750203785565	0.00120836159600643	0.0310181981815248	-0.371600028794337	0.163124757961569	0.532323572912949	-0.162696455650282	0.321061769914859	0.87858254000526	-0.117765248496657	7.13150113085819e-05	0.00375269282808266	-0.442179561170445	0.00449775081523876	0.0999931896024727	-0.328882476825894	2.21949168149346e-05	0.00119105395185094	-0.468749942977353	0.00226570128168491	0.053624894963896	-0.351895846606603	0.0834737901118708	0.581939278406068	0.201194365527479	0.0158078333534817	0.558785230592628	0.281577312582089	0.0486188397878345	0.388663881489769	-0.228513227475199	0.0431153373631487	0.511206582148956	-0.237427639835932	0.155736366010272	0.909785136741578	0.165563590650937	0.529328192348273	0.862262475655124	0.0748105492034739	0.10243801387236	0.628712449536296	-0.190048639836783	0.468048584419753	0.985164364684928	-0.0862621848513065	0.000131335607032268	0.012488403335349	-0.427350767405046	0.0120048080906466	0.217481072240799	-0.292592980776104	0.194689757013077	0.838036263220981	0.204151039992398	0.483193018521974	0.921825470041921	0.115663521044589	0.000458203842891864	0.0259047783120483	-0.394685598094717	0.000282639960328913	0.0208295027546202	-0.412938793165043	0.000135318429476879	0.00952501152941148	-0.426607427354916	0.000306071019330977	0.0157990945216561	-0.410805978922318
BCHE	P06276	Post_only	Neat	0.00191021516272521	0.0599727968797268	-0.355027188586591	0.000201220992722687	0.0108300012868961	-0.42188182089329	0.00288718556717029	0.133350452248545	0.339466074944988	0.000855321302769235	0.0412403571275204	0.38192914587877	0.00179566429855691	0.0575758744239417	0.354668963793649	0.000111518145180421	0.00579509809609981	0.436848826997488	0.349301279409895	0.682656941841292	0.109588342948143	0.251589783876698	0.821047981786711	0.135909309078791	1.20972242774236e-05	0.00121944917230041	0.481740887782485	1.79354351154785e-06	0.000300318896878068	0.525655199696866	7.35122900692188e-06	0.000738553474228752	0.492022136780432	1.16313466709523e-06	0.000193664409805364	0.533674913194954	0.324465486507217	0.742619756259548	-0.115332173885681	0.515974684078261	0.998279605744279	-0.0772450908804454	0.00179656521728214	0.0873362510465865	0.35465329213997	0.000238739524623758	0.0599634106013338	0.41741289291407	0.222053129016334	0.772485201285078	0.142672668366147	0.301358795689297	0.640910787499561	0.122624048698847	0.166116825878532	0.908051025457239	0.161562645325227	0.0403706996278118	0.984365235375959	0.240543406640432	0.000765044123575677	0.0720575933892841	0.380253776784226	0.000629373654221452	0.0790388414093107	0.390825478645666	0.0794754064577548	0.647662571611142	0.273673831133417	0.140870124645129	0.786097036427202	0.240145114351043	0.000834152559411618	0.0433471692080451	0.377752968501735	6.18280584473956e-05	0.0104223352461198	0.45114133440996	0.00125100064523214	0.0384746524972417	0.365762230108346	0.00039371333434854	0.0233879574787562	0.403967849545634
BDH2	Q9BUT1	Both	Olink	0.000140747278321522	0.00565074258150111	-0.428302007548364	0.000165979652144912	0.0062909770253526	-0.426841257933778	0.0121079788438711	0.221706909911424	0.288372738629636	0.00586457486745252	0.101620664422302	0.31949439340238	3.14127409789295e-05	0.00309558283828724	0.461070393398828	8.85840306359873e-05	0.00551868328789714	0.442503567999218	0.0492536401863595	0.351833178840804	0.227889407921602	0.0103784069428013	0.258031952431115	0.298258567350415	0.00085066674624215	0.026078269456306	0.377183320890599	0.000290665333630615	0.013465009472461	0.41219061496214	0.000490830475067864	0.0143704008662032	0.392786729741897	8.13954665569196e-05	0.00435499254359135	0.444557463851162	0.908959813104695	0.989524402657266	-0.0134290398213038	0.743133361556339	0.998823757686294	-0.0390139456841828	0.00488714103353075	0.129132293233836	0.321693368327841	0.0205888409752567	0.434208241579344	0.270595211610377	0.315743379517412	0.946415037954022	0.117415371985531	0.613523674595063	0.896987025294769	0.0600954020865904	0.0307635349965248	0.488610276316173	0.249657930154314	0.0613315102955529	0.972745479191146	0.220100483678812	0.0105688019781084	0.184532082287177	0.29360942756479	0.000587520952155319	0.0353818173409092	0.392787520199314	0.0684080473702919	0.684286552063	0.283938638028059	0.196398920879123	0.845498134364454	0.211397077251233	2.57499846814736e-05	0.00465216389911957	0.46548768707795	9.48323560001745e-06	0.00214163070633727	0.492758953788494	0.000128393885727353	0.00931658644078142	0.427913274454602	0.0003556019242929	0.0169066879795396	0.406750261825492
BHMT	Q93088	Both	Depleted	0.000309822828100765	0.00879389962559532	-0.410478457248788	1.03842262429798e-05	0.000793095279307586	-0.493914349899434	0.001553807101596	0.0594170449735561	0.361488242075678	0.000183766260123953	0.0254465626063122	0.426974237587969	0.000382899666284113	0.0162385509274148	0.40213580809465	0.000285293415150984	0.0122325808180527	0.415376614130589	0.197779931016985	0.43427998569175	0.151428603014831	0.0638920192267828	0.390712681916639	0.219540130733399	0.00310349555364701	0.0683328210190386	0.33929491848942	0.000649333138661759	0.0206100024790823	0.392499419906741	0.00254585191452077	0.0535975629670454	0.345811905178917	0.000291347082247592	0.0107406032836284	0.414812385161972	0.290349732558788	0.772881690509857	-0.12455609109157	0.0653960573268531	0.688013752141431	-0.218338850633193	0.165481770552248	0.670708867710934	0.162914446628489	0.106173108758942	0.62078248279152	0.191988703535677	0.193576445462706	0.898392608236814	0.152842636821527	0.725529880266661	0.891598558451276	0.0420932798617949	0.156796449882618	0.972565265309277	0.166280866210591	0.201311826486671	0.632563396725958	0.152378574519937	0.0231935878266301	0.272524656962904	0.263708264122798	0.00502270968401073	0.151889162733071	0.327212249960957	0.18341058841543	0.736937843323354	0.211947243138208	0.507388849885992	0.789343315799723	0.110910476266699	0.00597668461761337	0.105944568058261	0.3166929033276	0.0014179859587475	0.0468318605834986	0.369142482018767	3.81955444511482e-05	0.00355619299854515	0.459486026192482	1.37652390712553e-05	0.00112140814300494	0.487932390716853
BLMH	Q13867	Post_only	Depleted	0.0218952762601401	0.190071300751811	0.266165660117201	0.000810887525351878	0.0206438449162499	0.383494298769998	0.164835593746213	0.698194438675467	-0.162046294793429	0.182850850322864	0.702653267592894	-0.157646222678395	0.221264746699948	0.684241638531385	-0.142913787783103	0.0156185282593618	0.175666467266433	-0.282068293133427	0.0869461280028547	0.275969268622048	-0.199013964554274	0.443283511067898	0.728601689313733	-0.0911165676047751	0.00607710290663156	0.10385680195946	-0.314020653527278	0.00418741224934708	0.086729114723765	-0.331363533330304	0.00989615192782531	0.128354674311291	-0.296109400006	0.00341990272444355	0.0652987676448441	-0.33828336388723	0.374365777897358	0.831772691982858	-0.104043718556489	0.66700933237287	0.988728435054251	-0.0512084570238107	0.0482243658918835	0.398102215199121	-0.22890425946662	0.0196710153321559	0.268452317213879	-0.272520394330203	0.215623488574849	0.905121923220852	0.144656979044155	0.0450775852328383	0.36969670573509	0.235299197159372	0.0214537743874879	0.972565265309277	-0.265248706803572	0.108076773948978	0.572936450315062	-0.18963534223286	0.1021609616207	0.557146333200129	-0.190199323420012	0.0221684475417131	0.304380257258128	-0.26744702467239	0.022816521432758	0.57674375968979	-0.350617994429631	0.286401132809349	0.628898803761051	-0.17507802717853	0.0257786166307046	0.241037699460418	-0.257412486402053	0.00269124426492726	0.0739033818368788	-0.3462775181282	0.0528267664863373	0.345210206664728	-0.224496336397237	0.00286612851251231	0.0551560479100794	-0.344196853507571
BMERB1	Q96MC5	Post_only	Olink	0.00703719495975657	0.108356808755343	0.310788505888932	0.0012099344883738	0.0292760934240446	0.371560500514195	0.0623777593216296	0.53800992229293	-0.216268242335025	0.101397701826232	0.523904236318567	-0.193250304981389	0.676717034452147	0.899152990178883	-0.0489380095241064	0.10685350779802	0.432198516615872	-0.190284184438361	0.236808018224589	0.616031631055542	-0.138266452609466	0.223984837120987	0.815374741283099	-0.14406477410732	0.0747511404521307	0.47833669569132	-0.207008084041508	0.0305933151484615	0.331010164696888	-0.253309511864587	0.0452901597653018	0.344000367147002	-0.231898578739689	0.0194766489521624	0.225233747991176	-0.272937907435038	0.748029830741747	0.948961893499544	0.0377136372375713	0.151904517029706	0.928389151584055	0.169409976659923	0.379503486891368	0.801979718555232	-0.102935389889273	0.0959640444490028	0.609113897692694	-0.196330722396041	0.0071160643419345	0.482113359166062	0.30833962780692	7.56722010185892e-05	0.399788466877322	0.446316402134874	0.900892655797766	0.988428784296335	0.0146247938705319	0.36807276784268	0.972745479191146	-0.106890132774599	0.0612145538604149	0.434767098500972	-0.217213089207936	0.019990810722745	0.272922403318081	-0.271841061088762	0.3594879229469	0.913005091453593	-0.145021615937315	0.237659575653672	0.856340460912515	-0.193591775921576	0.896649298556511	0.979214023408481	0.0152543541046702	0.235490416016307	0.592576134507974	-0.140585535632365	0.154098530903664	0.508740330377806	-0.166212783528207	0.00893979003464338	0.154055109472175	-0.303956109229121
BPIFB2	Q8N4F0	Both	Olink	2.50805707244307e-06	0.000251734617271137	-0.516196045092072	6.09793527523211e-08	1.066155135218e-05	-0.583337996351184	0.00274860891097966	0.0854619572931154	0.341075713625432	0.00250830962615301	0.0619608193715509	0.34858758484839	1.03340107606166e-06	0.000350064614515886	0.529555916863272	1.74799784088885e-07	5.57302841036329e-05	0.566514261169355	0.468617265943326	0.806063339071034	0.0849601953580268	0.144650550309601	0.716865526285691	0.172421136571062	0.000444249141391421	0.0161599352103457	0.395535738423228	0.000228325707378219	0.0114536457638809	0.41858468666723	0.00024187808901773	0.00862735241603757	0.411802774409708	0.000236648092518384	0.0101796242972194	0.417644409101057	0.25934024779758	0.729815235235143	-0.131889962092321	0.415536195719636	0.998823757686294	-0.0967396217651662	0.0685983358824903	0.444209056730104	0.211444463592043	0.015663450853575	0.412921673861055	0.281951320438028	0.379997197673122	0.957592639042735	-0.102829362367867	0.206888547607926	0.6892046269422	-0.149473897388336	0.237284992473273	0.756740437019396	0.138127240512671	0.209027869479393	0.972745479191146	0.148780143873564	0.00250556098392414	0.0746161567740046	0.344082913901958	0.00422787754138335	0.110700948185013	0.331030953839387	0.433158107345849	0.935238160998807	0.124222102545087	0.218363117788786	0.853305838410709	0.201628718680668	0.000944807442796331	0.0409668507196489	0.374115841692142	0.000258963219947309	0.0201687415599864	0.415265457883297	0.000174600532279488	0.0113836265906523	0.420194797125548	2.24268940219607e-05	0.0021325222034917	0.47432045616445
BTD	P43251	Both	Neat	0.000777920597492147	0.031684495687045	-0.382215869058707	0.00010010413316273	0.0061045049895914	-0.439513173129615	0.0043338445752583	0.152156502221138	0.325842410521091	0.000262231505492678	0.0282273484841047	0.414932956175125	0.000419324342539175	0.0210640594735512	0.397116827518887	2.00813185160136e-05	0.00189140918772703	0.476747255354794	0.320774803077508	0.650615919566359	0.116209230862296	0.36617662711557	0.840934464841689	0.107311527881081	0.000584427907265231	0.0284107372983452	0.387917062093985	0.0022356801013972	0.073973681619591	0.352327061791369	0.000195750317920279	0.0101722665208917	0.4172757833901	0.000651587259889298	0.0255421093015802	0.389831891499654	0.23420773921015	0.651386936493931	-0.139028818390513	0.46531094929479	0.998279605744279	-0.0867917694944959	0.00213803833645239	0.0895006603620486	0.349168416406899	0.0326226990736338	0.343856744587012	0.250404309316516	0.107340175229623	0.621784866270372	0.187433473725288	0.451730429781986	0.757621769036128	0.0894443937257574	0.101573249756204	0.850799416420647	0.190520026446603	0.150451196652477	0.988165370089238	0.170004515272159	0.00729110474127986	0.228910309273099	0.307455326259826	0.00295602086317937	0.148490781360377	0.343171151839051	0.16509032041192	0.721431360320816	0.218190549910443	0.186258294958273	0.802086858237673	0.216166704642551	0.00413136763413281	0.124519420492763	0.327479049586382	0.00250342665598264	0.0967349736042523	0.348651287673627	0.000805121802970877	0.0288885370732645	0.378779671670756	0.000403508224583717	0.0233879574787562	0.403292631662651
C19orf12	Q9NSK7	Both	Olink	0.000123267129851264	0.00513929110610654	-0.431614461421041	8.0588795228718e-06	0.000559988807871348	-0.496128719851742	0.000258745904535523	0.0177519342099055	0.410039272523285	6.26840747930576e-05	0.00471871785247739	0.450815272850452	0.00013748764057581	0.0100226779839823	0.426211021098046	8.28418170756907e-06	0.000868250178673844	0.495560316709367	0.482541338718794	0.810717314276461	0.0823305045833409	0.0931309744279921	0.616591015473924	0.197991326108035	0.00371130423430299	0.0785752693356337	0.331115320029926	0.00317686575514319	0.0800242315328001	0.340764816513279	0.00085006003881898	0.0218356654521273	0.377204070510718	0.00116285088631879	0.0329106565961962	0.372764390570239	0.0243183939589348	0.469387397686542	-0.259924221248987	0.0376748783453747	0.711054641673657	-0.243779863416737	0.12234254963915	0.565299760480984	0.179965676588081	0.103656429881618	0.61896311483052	0.192007617782862	0.892534461710466	0.994207283659295	0.0158652567382115	0.863196756468874	0.967360167484093	0.0205189571226969	0.122249081757746	0.659948277983913	0.180009963488421	0.32508581296153	0.972745479191146	0.11679664998432	0.00282121526709761	0.0817699826078557	0.340223532500343	0.00594068543886095	0.137600491789002	0.31903075658892	0.385523485055521	0.916966406104705	0.137408963260104	0.16411284884286	0.815299395717965	0.227264103571769	0.00190726378815235	0.0649785147090006	0.352779473586742	0.00030108601555813	0.0212601981546527	0.411246892897313	0.00010663289938811	0.00814014527723317	0.432487925887441	1.35363398020343e-05	0.00152847836931304	0.485264514283819
C1RL	Q9NZP8	Pre_only	Olink	0.000999059275095003	0.0265740615746309	-0.374876112434645	0.0203890113360524	0.217108922281736	-0.271008030584466	0.000122527742465551	0.0100621267297468	0.429071408490722	6.13503179689812e-05	0.00471871785247739	0.451325131225373	6.68896146665097e-05	0.00566471424207004	0.443696299889182	0.0015904586359705	0.0386559901657405	0.363139136423671	0.224657675137286	0.603690926744715	-0.141880333243443	0.480372725869762	0.945930308501606	-0.083898591153903	0.00463598211643298	0.0907112746247897	0.323522185732743	0.0810190148534106	0.510767633194362	0.205574727161653	0.000276635905087697	0.0090870703368201	0.408280691253944	0.0204772131308667	0.231704582816905	0.270825394712965	0.00193490560055225	0.163862318046768	-0.352326863261987	0.38868157398424	0.998823757686294	-0.102392470739109	0.00767406445290677	0.159974728210595	0.305583872860794	0.246725258751395	0.742470410961913	0.137300028946207	0.0566125743997944	0.790825137234241	-0.221100395989151	0.225534787758397	0.700780828435556	-0.143588921535864	0.202423236542358	0.729988113484119	0.148865790343857	0.582263536461922	0.986791634720565	0.0654426044567475	1.03424394061697e-05	0.00224224086325758	0.485011567321699	0.000825241083854874	0.0438510458283668	0.382980366920141	0.0613982183448067	0.66822960527882	0.291140742929883	0.898377451099761	0.99024348470619	0.0211355664290618	0.0201450625974576	0.240498324401366	0.26788561016639	0.0510819382562488	0.333973589081868	0.229229047367488	0.00165847101840292	0.0528759583514344	0.357142306435449	0.0315910285121188	0.289154043837862	0.251861642599661
C2	P06681	Pre_only	Olink	0.00176343603890662	0.040663361797691	-0.357544482881079	0.107661841504283	0.522177434117822	-0.189854788971595	0.00579136262086766	0.140242545226384	0.315733123514026	0.000620458620946825	0.0231923153484951	0.391233237756985	0.105758504087945	0.489020504341826	0.188266920823125	0.11174633485261	0.442737671711365	0.18772245513806	0.334280645889567	0.711067935918938	0.113030159243755	0.592756829030593	0.967153032464798	-0.0636337132343099	0.0503937780809178	0.39130985272002	0.226785388872683	0.462590033953561	0.842930815068572	0.0873198019514272	0.0136005955484403	0.160599624994654	0.283820031749599	0.17832884187056	0.644512817198865	0.159269161985631	0.123098536791949	0.636028664835427	-0.179608423322108	0.136810316894323	0.922132537663621	-0.175805852723078	0.00285131180762156	0.101400542915091	0.339876027509502	0.788528441577227	0.958089651554314	-0.0319362164518558	0.712735525869992	0.985140774904654	0.0432203571431317	0.171235760341884	0.659160384270603	-0.161876370643088	0.662724503269139	0.92791246186894	0.0511895407920324	0.722952749080844	0.989266089312206	0.0422027934866763	0.00650156156201469	0.140392285522389	0.31160354820377	0.0384903889576202	0.37656662120993	0.242781025073216	0.0566041359334056	0.663164538344302	0.296453006105788	0.986205340340928	0.998947463552484	0.00286170510487619	0.74012382266278	0.925475535201712	0.0389396884800803	0.271647855895369	0.622024241213731	0.130360524553721	0.0503439188239601	0.313593146799889	0.226833237664921	0.313961639881468	0.691972310575579	0.119493396322042
C3	P01024	Both	Depleted	1.16319492257463e-06	0.000177678024423274	-0.530517254589516	2.16349101625107e-08	8.8126200728627e-06	-0.599012945137272	9.11461004409678e-05	0.0141839974618489	0.436303418201853	5.50444343172257e-07	0.00123197072955714	0.547059953380446	2.51239645226146e-06	0.000614029692932701	0.513112055351782	4.30091187543765e-06	0.000875952385297467	0.508805386869966	0.0733672033353703	0.252842813538436	0.207979691926586	0.0614875868450434	0.384682740774719	0.21997140081332	9.21145541563271e-05	0.00549092610629423	0.436047860689974	4.47996691846538e-05	0.00361569065061159	0.458687640566217	0.000124691593551785	0.00648396286469284	0.428638365598927	9.21890795798105e-06	0.00107290528806218	0.493346829086354	0.44159709982816	0.855488476556537	-0.0901875909291986	0.129205718094624	0.805023944483725	-0.179231805832332	0.0047014450334417	0.12352104354137	0.323037211805382	0.0014404159412695	0.0640068465538664	0.366216768662501	0.769046382036501	0.991405610839929	-0.0344735429097556	0.213999714283038	0.591646268900165	-0.147187053764414	0.0817971937003508	0.972565265309277	0.202272994078124	0.0850034083835988	0.565678019554408	0.202986619084182	0.00994754889365672	0.189936011688258	0.295913231540155	7.70843564498518e-05	0.0190019972316945	0.445871248230258	0.00220913912056701	0.415318154666598	0.459411586595951	0.00527123610393073	0.323879341237881	0.438172435670156	0.00101614742938256	0.039420068530333	0.371970845992799	0.00042080743653497	0.0201657524488523	0.402135879168687	5.35582249558557e-08	2.61792603584222e-05	0.578777607020322	5.5605899531656e-07	0.000271801636910734	0.546882206894696
C4B	P0C0L5	Both	Olink	2.21087234016005e-05	0.0013168052839195	-0.471708634530548	0.000287966362218312	0.00934597415103743	-0.412440094056931	0.0212498040829694	0.315545035971764	0.265650490861073	0.00623270295554626	0.104910714344909	0.317299153797407	0.0229024747552568	0.241500803839479	0.262485122600905	0.0426337827006136	0.289797124978792	0.237962192839609	0.018972384383687	0.269757815167088	0.27037585331671	0.0972499453624081	0.626747567020513	0.195589644813759	2.41054936815756e-05	0.00169677630849532	0.46694086287695	0.00262386561170764	0.0721896021089108	0.34711154149722	6.72456304465579e-06	0.000499275776740197	0.493826741152808	0.00073285727452019	0.0229876262762067	0.386441741802752	0.0210117627866638	0.435027426593082	-0.266123569334113	0.0763339042753524	0.837141487148882	-0.208750743319359	0.000122247656516016	0.015775769007543	0.429127976060574	0.0115584781936652	0.369447087991527	0.294077907596714	0.252935593675421	0.930203478920753	-0.133662548509475	0.312698518674144	0.762331241120933	-0.119803459506106	0.000957249363844493	0.172943051734572	0.373731401135708	0.0229736199199866	0.96907969195277	0.26591519658777	0.000742236106268227	0.034627159543697	0.381124332342621	0.00210163313654305	0.073000986754658	0.354318182798831	0.0220631659092343	0.494141980281197	0.352459594558826	0.140553320936563	0.803884298838054	0.240331103781244	0.00587057153343723	0.121569524945087	0.315251076438059	0.0300073700239507	0.273711533571014	0.254178425673143	0.0800249385817736	0.391202228281587	0.203432430951444	0.237701082484199	0.630611780256661	0.1399306364243
CA14	Q9ULX7	Both	Olink	1.20040904805993e-05	0.000823571777276558	0.484831841146952	7.11043527607809e-06	0.000522116418804893	0.498697145301844	0.00370133048910966	0.103944099745981	-0.331206026448753	0.145967526831034	0.606805783995426	-0.171866189330776	1.83420777622338e-06	0.000465321365608808	-0.519034766755932	8.9708505545637e-06	0.000868250178673844	-0.493913029890509	0.0975024265935779	0.44148968432514	-0.192782084114788	0.165451407324875	0.753405484165205	-0.164061745452353	0.000136660499959485	0.00655486645823369	-0.426361489506242	0.000144143010111443	0.00822373805056864	-0.430426748240834	0.000126415105977651	0.00511320801790202	-0.428298379869525	0.000409903562198878	0.015216967856972	-0.40285980398243	0.000124052305488213	0.0320173093212436	0.428765577248172	0.00147478214424403	0.199832980545066	0.365487174056464	0.0747493270857545	0.464079441929885	-0.207009347681075	0.0215964589363959	0.442404905487157	-0.26856425450261	0.299914751653216	0.945236841677071	0.121292731727312	0.368363625542308	0.788816981211352	0.10682561022075	0.166132909163021	0.711467101977693	-0.161556591575842	0.398817050077963	0.975886415992126	-0.100232780560122	0.00101491744802913	0.0410848439137177	-0.372006655324477	0.0274657822946852	0.323618565298248	-0.258121271647729	0.203818072841525	0.846663386132252	-0.200129646313258	0.167225598379944	0.816803540545979	-0.225641817208839	1.84704514069983e-07	0.000391750444010019	-0.559145433707785	1.06118912110247e-06	0.000575164503637541	-0.535347410333693	6.19566972408425e-08	3.73116998939296e-05	-0.576532954527938	2.31914234010931e-07	6.61565867546973e-05	-0.561833174852956
CA5A	P35218	Both	Olink	0.000115214347841146	0.00498802367622986	-0.43328896188816	0.000233506543834407	0.00810229121716406	-0.417995725289609	0.0367240254631734	0.428974607781034	0.241667435774525	0.0109689172208972	0.148172369998782	0.296117640623472	0.000899982708153752	0.0385137156367878	0.375540043612796	3.9713223281459e-05	0.00316537750272806	0.46146575157139	0.152646005125993	0.522965288301242	0.166792835217534	0.207578397740147	0.795507414764037	0.149249634260909	0.000424484064927391	0.015753165331527	0.396782599854575	0.00191638801202844	0.0561449893253738	0.357266264288724	0.00034000097318013	0.0104113292352334	0.402793818797175	0.000868058613301362	0.0258509762862274	0.381494093340307	0.530645193502406	0.875835960114362	-0.0735392234303278	0.509571754248665	0.998823757686294	-0.0784237458507751	0.000834819791912497	0.0532320384960675	0.377729754952018	0.00725812131364098	0.307336074374485	0.311736556370217	0.0673389437161772	0.825739988555838	0.212391702993818	0.23423562724218	0.705556346985509	0.140959156405108	0.0208996802750653	0.462352110574913	0.266347905078144	0.120374324912426	0.972745479191146	0.183408585026328	0.0162514513064705	0.231797016002816	0.276705703354603	0.00294279430801532	0.0871581702155357	0.343320308455481	0.0207483819509153	0.494141980281197	0.355803612104569	0.130732131457964	0.790602939661022	0.246257142803462	0.00183908645435693	0.0634894814179271	0.353921552761485	0.000568607785787636	0.0327856829677552	0.393716264872433	0.000527317553390113	0.0244278729861061	0.390795135553901	1.33536342242009e-05	0.00152847836931304	0.485553968208067
CADM2	Q8N3J6	Post_only	PCA	0.0237245914713161	0.280040991356958	0.26452707931196	0.00154243551186501	0.0495922791628174	0.36652103020486	0.13285195425741	0.761495173027361	-0.176344232512549	0.122249141302824	0.690216867136747	-0.183788680681203	0.0938095965911819	0.617512268525721	-0.196230638430483	0.162793310724606	0.675239714062209	-0.166251759795436	0.460835839029669	0.765749777635765	0.0870483347985298	0.933347341454951	0.984758103241975	0.0100316993747915	0.218810849039983	0.767885638161651	-0.144658771529494	0.00626593192626294	0.130147453318161	-0.319259913585231	0.194641610481296	0.772078388242472	-0.152482251218037	0.00387911527246512	0.0983769069918614	-0.336249083083584	0.180753715818325	0.655886718950834	0.157297651910263	0.00187829931973843	0.157238828680767	0.36029554065608	0.0560514486981524	0.632180881061092	-0.223096906571228	0.0234343956656071	0.523826321940938	-0.266889745250518	0.000951588168124532	0.105150492577761	0.376317667741624	0.441228226154279	0.86067196755319	0.0921794039979478	0.984372094653818	0.99721809201073	-0.00231648540947305	0.62329954917842	0.909867826317832	-0.0588660532996923	0.39738324045285	0.888708155826485	-0.0998343683273486	0.022979652184965	0.374205494001483	-0.267740020862975	0.872892706422228	0.998438495118368	-0.0254503329883986	0.695966276797676	0.960783780636426	-0.0646101604462736	0.935698564770261	0.998950723838752	0.00954076724586473	0.0477409347098727	0.479579389585539	-0.23414965987532	0.055079107115787	0.486899306903557	-0.223963556954604	0.0716314016260773	0.48816642429754	-0.213584267258238
CANX	P27824	Pre_only	PCA	0.000205464555275775	0.0172524474703066	-0.46518105957968	0.0954332126539191	0.473321963402004	-0.231433556857672	0.000174044976468838	0.0384639397996131	0.466176982364604	0.144745549141838	0.721249240307578	0.203067420886046	0.000477893328743022	0.0506017305604201	0.437199311196289	0.149778854404752	0.663396068842308	0.20060821711432	0.118772055869792	0.409155971887105	0.203555609830571	0.0630943780378854	0.523827976072002	0.257108754720307	4.68969255069264e-05	0.00659541306901955	0.500310192405811	0.142515623351741	0.647364735178259	0.204177272225458	1.51464870332902e-05	0.00254688098553041	0.527071391207883	0.296309591246826	0.813731399611912	0.146169817806677	0.274883740970462	0.752099786602578	-0.143246577828499	0.482077398727253	0.880488472055561	0.0986766227932768	0.189423590959678	0.833135904914773	0.171766434362833	0.794562800775357	0.966343280502734	-0.0366287683287877	0.105577499820305	0.738216307624376	-0.211012740148989	0.811920486720822	0.957878760273912	-0.0334738776518918	0.118732198052695	0.938327477829421	0.203577156573177	0.531461384464454	0.875351824339832	-0.087886136400762	0.000629627979535595	0.0885485894855969	0.428820041589297	0.730348360240483	0.941947219631561	-0.048470950043527	0.144112729379025	0.933796137410142	0.255877566143339	0.0687277236015156	0.698747786527561	0.355575310043195	0.00690815863483025	0.236991490045452	0.345199801276886	0.0387404139738462	0.44094869187375	0.284797204049244	1.9821960783811e-05	0.0108482516850448	0.520902491307654	0.0572658267647303	0.442951170025189	0.262815787260762
CAPN2	P17655	Pre_only	Depleted	0.000320277092394461	0.00889496833877345	0.406964297114073	0.00726135812560313	0.0949024559303425	0.311720122242675	0.272345889805013	0.820980303786243	-0.128379645648535	0.902159921754709	0.997753272559404	0.0146401725271736	0.0223969709000585	0.20878961942251	-0.263432078439992	0.241165760459426	0.707939810174149	-0.138912657293424	0.789503105515935	0.899135875992984	0.0313442976446365	0.16605657834813	0.525022351206767	0.163830500880974	0.0135681570221965	0.168636049945669	-0.283914266499153	0.58127892589708	0.920103782470189	-0.0656130945448192	0.0194760310260495	0.191933144466391	-0.26929064286658	0.495364636458903	0.880488124731316	-0.0810665035606862	0.225405165799996	0.736618572425417	0.141654125835459	0.825877789820598	0.988728435054251	-0.0261957736205523	0.00437411953237159	0.121481228830866	-0.325524984225082	0.414484779639485	0.85978813999288	-0.0969568586461352	0.490155948921718	0.984299546718318	0.0809095280553158	0.938802061628508	0.979271121903574	-0.00914353461156832	0.300585438785829	0.972565265309277	-0.121125778632094	0.510084843706525	0.827787090317893	0.0783290183053079	0.0772347026791707	0.502028812811485	-0.205299967013095	0.499035253526696	0.860114357982542	-0.0803799843117489	0.155763835539082	0.7267831552548	-0.22298861970732	0.981547001435468	0.995415391171011	-0.00382822289320097	0.00341715296970621	0.0791514620647236	-0.333886578771994	0.401173949008695	0.893074628957752	-0.0997352287004368	0.00352151465649102	0.0610395873791777	-0.332879862382286	0.0192660693513691	0.188253046987723	-0.273394287467973
CBS	P35520	Both	Olink	0.00200546244061816	0.0445475673284854	-0.353485182378761	0.000216915075678264	0.00783786473450794	-0.419926393491572	0.000819183767250716	0.0389471580570077	0.378278228624275	0.00116526463638431	0.0369341188842278	0.372701610265086	0.000609814622979392	0.0289929408469149	0.38671928790088	0.0017639708119215	0.0413884060632664	0.359890671204201	0.250126878582181	0.629297042310865	0.134449559028037	0.0284769979169662	0.401940960182179	0.256517126705516	0.00477859512265417	0.0913726178513543	0.322473280178875	0.00321633430061062	0.0800242315328001	0.340350569609514	0.00331062612430741	0.0623576123307458	0.334942852482654	0.00302730546476988	0.0649510899404698	0.342377385883824	0.280802972238893	0.743166664713833	-0.126157001472176	0.292715926706319	0.998823757686294	-0.124820600753168	0.0364208196565123	0.35092796972834	0.242046677892172	0.0347916146934704	0.490195904438205	0.247462256190459	0.179354626360441	0.909785136741578	0.156719069642552	0.866732668954478	0.968592548054378	0.0199836440407486	0.0214951458084941	0.46418765847668	0.265167610288904	0.0315339500809191	0.969759868974114	0.251943430999895	0.0112309105005092	0.189042033890559	0.29128049323387	0.0277193591074991	0.324491807234595	0.257714386997584	0.019458119579629	0.48375148818474	0.359262683270446	0.148063245123648	0.807462438554825	0.236002645566117	0.00423595715406683	0.103856206868385	0.326624964754416	4.31728446117841e-05	0.00599991840502231	0.459542858067539	1.24148831579606e-05	0.00186912963100407	0.481196705870105	5.1880294435587e-05	0.00413516464471885	0.455272336168723
CCDC7	Q96M83	Pre_only	Depleted	0.00101361979255344	0.0221186319017912	0.387192837739732	0.30479234740093	0.681530189430808	0.124418478400614	0.102576421439089	0.577517257550665	-0.19675006671469	0.193269974840717	0.720048503827307	-0.157357794045035	0.000263825337769853	0.0143286472335449	-0.423027066582823	0.0134769625068022	0.156846173174403	-0.294063631639228	0.191192247106627	0.429945573460023	-0.158085602994237	0.823107782806864	0.921957134878208	0.0272041764107301	0.00889814714078943	0.12717585738064	-0.310487103285002	0.235295864824189	0.764555674585853	-0.143702772540869	0.0138666778179709	0.159559523578225	-0.292902210568635	0.211564744408821	0.699680967977209	-0.1511789982631	0.853883305866187	0.969103363697392	-0.022412833727304	0.512903170647842	0.968289345299143	-0.0795144014728307	0.0179097485379257	0.235330244229518	-0.28226994618401	0.585517940726838	0.945806904914998	-0.0663029391653099	0.13046369794866	0.863153985877041	-0.182515856489588	0.141090251433228	0.510851221485644	-0.177703224150182	0.0938278322011842	0.972565265309277	-0.201832994880641	0.952536339363154	0.988954466186724	-0.00724459315123017	0.113118616677482	0.569951339198891	-0.191054851336285	0.358588486756427	0.7992896093111	-0.11139261090269	0.25071259368499	0.777825094767671	-0.185919483500644	0.354776409942744	0.683935509069828	0.154368115723011	0.025610664169919	0.240740243197239	-0.266732083777433	0.552389726855765	0.950608984775804	-0.0722260811984192	0.000418836445010743	0.0157482503324039	-0.410323979942806	0.0490469489884096	0.318232275279247	-0.236156164448288
CCL16	O15467	Both	Olink	0.00040387401106307	0.0131867297588062	-0.40067966177828	1.43939607703044e-06	0.000152971112500097	-0.529754344801019	0.0840830445851883	0.619198507678968	0.200806661775302	0.00274265976097563	0.0654855326188894	0.345653558187497	0.00227712462396068	0.0713038532846462	0.347157792318691	7.25071892524716e-06	0.000802018297445706	0.498297747666824	0.603483903349526	0.875302535679644	0.0609425975926154	0.0246882740584578	0.382832123927938	0.262799421632724	8.6234446484168e-05	0.00438575611972796	0.437639495364272	4.36894466325177e-06	0.000563801906543442	0.508494656494938	6.44532581048231e-05	0.00291113882440118	0.44457148575898	3.79594322318958e-06	0.000395654082109376	0.511267313260477	0.111191516698226	0.618745400928525	-0.185443147124239	0.277524753804728	0.998823757686294	-0.128787261036861	0.000713697137930143	0.0494464041985374	0.382248562481992	0.00103828723613827	0.1480925478913	0.376175992780103	0.349806853455108	0.954647414396871	0.109474119934921	0.640456510363049	0.900154845856388	0.0555823586627642	0.0183864165513115	0.460471381960172	0.271669933974173	0.0369718993279056	0.969759868974114	0.244655425341397	0.0079248334749392	0.153951962129643	0.304402349043005	0.00320879960644129	0.0920195442693746	0.340429299486329	0.0429343027189913	0.615618837928394	0.313892504724755	0.0174820600280275	0.564285460889978	0.378563268676744	0.00568965163179641	0.11906529669628	0.316360722454716	0.00021405059325721	0.0187121647653883	0.420273383275204	0.00132518000454938	0.0466394521081665	0.364020272711357	7.6569189672077e-06	0.000979621033272991	0.497180760334703
CCL19	Q99731	Pre_only	Olink	0.00210549205281115	0.0458303892619938	-0.351935026311193	0.00999545376826739	0.132998942005776	-0.299704406978951	0.0513769560064069	0.493728903465825	0.225849697453685	0.118004096608557	0.558048984809074	0.184569340003563	0.05556199331053	0.371983326584138	0.222023730556775	0.0416139712254934	0.287591159393218	0.239110947965958	0.236758056877216	0.616031631055542	0.138281045804079	0.107920376570293	0.654017480151444	0.189717979870336	0.00478686995882546	0.0913726178513543	0.322413274981204	0.0426473667079414	0.383681352566723	0.237947045511936	0.00160814785068625	0.0366225266836954	0.358095952139994	0.0255160079910265	0.263925120823213	0.261360550501992	0.293872528116836	0.757029041061432	-0.122807942178582	0.420995808610249	0.998823757686294	-0.0956166596097745	0.0084052492549193	0.168817923446665	0.30222757204553	0.0832992727731088	0.584064758641979	0.204081528564579	0.706896983439419	0.985140774904654	-0.0441400337360299	0.220350709312772	0.695200754691542	-0.145189603593699	0.00183971647913353	0.231889844579156	0.353910825702349	0.0622687086125735	0.972745479191146	0.21932933533818	0.00183231489643465	0.0601887681131868	0.354037057279004	0.0239869879801317	0.306035398186559	0.264050849108284	0.00561470156298886	0.27357662548792	0.420050191383281	0.012858408136339	0.482773047967913	0.394857359812076	0.0179331156644857	0.229456498269222	0.272695502973661	0.0317559503999289	0.279865449053032	0.251626018866191	0.0136414085562586	0.184938975006754	0.283701744717752	0.0266724431530084	0.267634213184422	0.259415070400868
CCL2	P13500	Post_only	Olink	0.0576723556093999	0.39718635156627	-0.2216790522066	0.000344697434740108	0.0108619773040197	-0.407596621270128	0.0590905976508092	0.525224738752093	0.21897657526894	0.00108915929166684	0.0351383533382992	0.37474017142601	0.162590111173103	0.551530822631612	0.162900666893296	0.00375027000124158	0.0716037196504224	0.335150933551696	0.0459477407612813	0.34657535783182	0.231213913556328	0.185101581775475	0.776219824453015	0.15684928039417	0.0375663124127461	0.339915548041876	0.240627459515568	0.0119037342789247	0.191448782764901	0.292925001506905	0.0150988602509831	0.173014424017608	0.27966585072973	0.00390700750644214	0.0770035661269688	0.333749883509951	0.853009246013131	0.976875520780636	0.0217572219560866	0.910530936807251	0.998823757686294	0.0133821695489923	0.016812219572165	0.242346356598761	0.275330379334958	0.00412358199574918	0.240035581773792	0.331893992424681	0.801467314302618	0.985922537573798	0.0295243422534014	0.833321814982583	0.957750032085792	-0.0250591596930407	0.00435366231181611	0.305442863969971	0.325685891684876	0.0566256167885084	0.972745479191146	0.22412377511298	0.0266120004735031	0.291797930667178	0.256032539287035	0.00608627885597751	0.138603493274782	0.318158263585041	0.0658035140934183	0.681123819119853	0.286543125782833	0.0608261219010011	0.713110166977514	0.302960108885118	0.0987556455503474	0.484706913840539	0.192077962368581	0.0298147465658008	0.273711533571014	0.254467189317891	0.747703796027472	0.916885424671127	0.0377641176809271	0.0108818587197734	0.168888958108387	0.29642687616034
CCL20	P78556	Both	Olink	0.000364555352851395	0.0121220246162856	-0.403470471393094	3.99943533292471e-05	0.00202588219667775	-0.461303803424294	0.00101671916341397	0.0440849429256299	0.371954214060633	0.000387966740542825	0.0173783449069596	0.404371178603413	0.00946798381080121	0.160866684183519	0.29777908546969	0.0011381339577919	0.0302386571138827	0.37341413696529	0.313639987317846	0.693565373832202	0.117923260992446	0.328307888347461	0.881705157665061	0.116026578947929	0.00193408286289426	0.0492146906896097	0.352340250679561	3.07182137749374e-05	0.00252261694939638	0.467307129836294	0.000539019824428414	0.0152160804604271	0.390182986663323	1.36426996844432e-05	0.00103453295114564	0.48509768685055	0.0259606078722519	0.472169445193306	-0.25710794962868	0.0859248575033042	0.837473084403266	-0.202401807855865	0.000911686034271196	0.055361675842335	0.37516209467669	0.00694067724626166	0.299442453069898	0.31338046059505	0.732134465014512	0.985860560435328	0.0401829088354013	0.524060368587994	0.862262475655124	-0.0757672238839916	0.383627281464898	0.819181950827975	0.102052310078925	0.543269374641873	0.986791634720565	-0.0723012606887682	0.004345822755409	0.103308593571565	0.325747732091682	0.00435725528478506	0.112458684016833	0.329986244010415	0.176119506758872	0.817966533757245	0.212763357420046	0.973055725906371	0.998947463552484	-0.00559034740928828	0.0286293889420505	0.286546726398115	0.252837493877188	0.0104255964915312	0.176613429629923	0.298083632775342	0.0547971395358017	0.324546283376869	0.222704946411346	0.0467355104761462	0.338192879547013	0.233559648508819
CCL22	O00626	Pre_only	Olink	0.00145141679432363	0.0348838960250617	-0.36359214638714	0.0235064362269396	0.233761895250859	-0.26492643145872	0.025378637143752	0.346479126748453	0.258088247617694	0.474946037127716	0.855339767352579	0.0849352863372355	0.0896522425336697	0.455830351343799	0.197361952669981	0.152846266548948	0.515900628465826	0.16902697652284	0.747944994412062	0.929004596949759	0.0377267719155744	0.238469657685137	0.824929829383905	0.139703936697339	0.00708052043854658	0.121132091652832	0.308521527092616	0.0297006947672562	0.326937278221461	0.254638906097523	0.00476767811850801	0.0774533018714091	0.322552586157418	0.0492689643411433	0.383178694639869	0.230997148312732	0.0871244802976482	0.589158558624174	-0.198903844457085	0.625758292887408	0.998823757686294	-0.0580351627705758	0.0822902549863077	0.482176413000852	0.201953978180039	0.140045238328931	0.659041018587714	0.174392050629462	0.408977750710774	0.962575258765517	0.0967438956579448	0.903976562963234	0.977840190416015	0.0143670350587779	0.0264290422136224	0.480689291267897	0.256332322693313	0.562213471601715	0.986791634720565	0.0689411273688314	0.0165326563754631	0.233351556132839	0.276011012672668	0.337171522951136	0.850829493894625	0.113932585735128	0.21449622576424	0.854252500980125	0.195582371772631	0.20877918715638	0.847343883229078	0.205802895548581	0.00626961032018457	0.129206418005325	0.312906552492091	0.0940387024782002	0.432673826342823	0.197454997702239	0.0228082507386087	0.230106561509065	0.262660273828032	0.058400872810373	0.366860426255832	0.222575190917089
CCL3	P10147	Both	Olink	4.47028353385182e-05	0.00235232395664824	-0.455881174856738	5.71199014255826e-06	0.000442271236752368	-0.503140038935086	0.00634872653279438	0.150908033370768	0.312457407161544	0.000118160620619543	0.0070376985028343	0.435412046692386	0.00351225612083695	0.0877647773993994	0.33296809166419	0.000531984714259831	0.0184830586621044	0.395597643884762	0.00062797110140658	0.0719802618024235	0.385890203946293	0.00120465371743146	0.105668561095729	0.371693395670056	0.000560435902345162	0.0194391522810134	0.389093447417795	1.29978225441154e-05	0.00130459626276121	0.486128436324583	0.000510244638070581	0.0147102443528859	0.391710837266013	8.52270986732398e-06	0.000745049798078968	0.494974089105509	0.665526408128925	0.92593371775881	-0.0507372323377141	0.663671426090517	0.998823757686294	-0.0517544632057331	0.000362548876307117	0.030703357962259	0.401066174549402	0.000627927905110752	0.121010110889372	0.390891246192206	0.808411761776187	0.985922537573798	0.0284711822817658	0.816675509117306	0.952907828774779	-0.0276041009020653	0.000368464434476093	0.1469676321137	0.400629227766316	0.0050086479999534	0.9600628949349	0.325110668429331	0.00522855955783229	0.118078303347713	0.319336458496138	0.00168422684713486	0.067248262318388	0.361346137118095	3.4314793284436e-06	0.00929930898008217	0.648390857289735	3.42705529995799e-05	0.0464365993144308	0.612358595540568	3.85466925530177e-06	0.00130576921023347	0.504871240756552	1.26770679550867e-05	0.00245391815416321	0.486659026818356	0.000600430600612703	0.0266748676665643	0.387156648686167	4.550495531123e-05	0.00379441319672102	0.458325797868813
CCL7	P80098	Both	Olink	0.000104441060871318	0.00462341029589684	-0.435706754150169	0.000131184640648915	0.00516117352714026	-0.432799094939589	0.000745980535820127	0.0367564954922281	0.380979757479115	0.000279586711687206	0.0134102652862359	0.41322856097494	0.00711403888815999	0.138201042200097	0.308349971773498	0.0119192150726093	0.145173361109084	0.292873989885984	0.0116773504244441	0.242272217854306	0.289776686610835	0.0228485942491811	0.370838268105376	0.266150030966472	0.0147141717821797	0.195679480944257	0.280697261511016	0.0048934953842834	0.104918298058419	0.325930021375975	0.00392084832627734	0.0689523273480611	0.329258079689108	0.00117096096747073	0.0329106565961962	0.372553916806641	0.247919060344002	0.72398777320285	-0.135072449431952	0.462639148852952	0.998823757686294	-0.0873102555175361	0.180864400505931	0.643498372239417	0.156183438673912	0.0156940709991471	0.412921673861055	0.281871754910158	0.789789169672516	0.985922537573798	-0.031300698025994	0.591453819087415	0.891547790798042	-0.0638575419883902	0.518146231528964	0.877935883076985	0.0757828220059657	0.307833295066228	0.972745479191146	0.121005355307982	0.0028598126005265	0.0819472873032564	0.339778468392806	0.00354136431963107	0.098431767243079	0.33710159417056	0.581684079007378	0.962077420878849	0.087486746726442	0.192628622159469	0.838473236182068	0.213149690915247	0.00465195918513164	0.107750507621425	0.32340326420625	0.0718416775500894	0.388559939989305	0.21194564849114	0.0891929624986191	0.405745337948315	0.197639532475263	0.00614517734253284	0.12218551630076	0.317810523358852
CCT4	P50991	Post_only	Neat	0.34712656787866	0.876247466990185	0.13044642999044	0.000661384859257783	0.0221490440644773	0.469720907710813	0.144030273116017	0.714614319025914	-0.199590071470467	0.000643500017003257	0.0412403571275204	-0.47062875135658	0.669991758817014	0.897491182699769	-0.058763335143141	0.00268260380932665	0.0511732144386741	-0.419690358230775	0.504831800513678	0.802010862876349	-0.0918448790100252	0.274217644104512	0.823240855037882	-0.15931266737841	0.215584030199102	0.78420571554917	-0.169663153927265	0.0006148151185823	0.0289642433496215	-0.472133347838262	0.138550517517755	0.645353339199706	-0.202301404447037	0.000490532887278592	0.0211209446036811	-0.479484903520174	0.182332629818482	0.618863227784803	0.182500962859165	0.392364654420277	0.998279605744279	0.124936480042748	0.859728069016479	0.981335025498256	0.0243855379638808	0.895714045772023	0.970449548183052	0.019219794794401	0.0232602694034507	0.338839458377015	0.305628161359558	0.376830897904616	0.709658615112494	0.129052515142192	0.867211288442456	0.989727503461879	-0.0230724376881801	0.0655061217078198	0.984365235375959	-0.265225417612857	0.142822374153161	0.719283866785495	-0.20018102905012	0.033784829286447	0.450564050749342	-0.303866521693184	0.67022354231955	0.95142990465319	-0.0796341794003344	0.186251837612564	0.802086858237673	-0.267620052401262	0.108696444127594	0.642745819924755	-0.218690007724827	0.0383251364519187	0.33611446945193	-0.296865039079228	0.819600411638581	0.950000684109139	0.0314666062543912	0.0956973709112093	0.528119351262349	-0.240711587248995
CD14	P08571	Pre_only	Depleted	0.00268864773830652	0.0447010549144295	0.344029884745202	0.00392595458747684	0.0631252171828513	0.333583919185523	0.0116965026478472	0.177554363176017	-0.28971329811474	0.0113133156825575	0.198919018188276	-0.294914869972596	0.000351555842258645	0.0162385509274148	-0.401895790561258	2.7623547284668e-05	0.00253001631850121	-0.469691566042583	0.808279853535152	0.911178949280402	0.028491165667198	0.862521148865753	0.936889639034622	-0.0206212853910687	0.249553585569021	0.705881630422961	-0.134610938900427	0.0280316228231371	0.289068718058005	-0.257217628030109	0.138987560489931	0.566236640325556	-0.172459894897804	0.0150867196574788	0.198236251843431	-0.283475539509019	0.0481706468202282	0.407482155744135	0.2289577131693	0.241135458355316	0.887478357256863	0.138921516675781	0.0562225784583289	0.435913496382689	-0.221441512063456	0.0760807776558623	0.529747637011189	-0.208926716253979	0.512298531465416	0.984299546718318	-0.0768418778822722	0.073120009343297	0.433639771245341	-0.211020582753905	0.576623779077904	0.973602195669769	-0.0655004431495283	0.919260253278404	0.982036353932374	0.0120718735832044	0.040870553155292	0.372029166504268	-0.236726406055212	0.0316114434347806	0.354396182360568	-0.251832419913692	0.83015626745168	0.966958091061786	-0.0341182683462196	0.6297042068568	0.846067664407927	0.0796740038865118	0.011350506120588	0.148345652185652	-0.290872617904381	0.00715404920173493	0.128562472419413	-0.312268418647005	0.00368545844880725	0.0624854368014403	-0.331350824655493	0.00145438896791781	0.0351933330454566	-0.365918247097974
CD163	Q86VB7	Both	Olink	2.39888596811374e-05	0.001368627573387	-0.4699133799668	2.63826153135495e-06	0.000242362330507522	-0.51833127955964	4.27276168543206e-07	0.000231583683350417	0.545087143752832	1.42049780791251e-07	9.00316202060524e-05	0.569903812062349	0.0131396815491683	0.185461130199198	0.285177652701559	0.000615123553906369	0.0207078861004504	0.391479813601246	0.0151968560237385	0.253855658225365	0.279406734153624	0.123432828638005	0.684123854699434	0.181936360475158	0.00414199850702771	0.0853335502595463	0.327391365709787	0.00284790836399012	0.0752959186967145	0.344408247914223	0.000462096608891364	0.0136117588053869	0.394452665897927	0.000236111848107732	0.0101796242972194	0.417704072516033	0.207389084260659	0.707797263691103	-0.147260222298173	0.0879964725103424	0.839379393812048	-0.201104910506508	0.015025812739591	0.228763778226357	0.27985994524638	0.018040887883833	0.425615744132671	0.276137544401679	0.517765248500703	0.976079072595515	-0.0758516350094187	0.295453291878982	0.744226103653613	-0.12412036829968	0.0509606704599491	0.547162343949866	0.226244068547139	0.0625478701549187	0.972745479191146	0.219101452092685	0.000263004122590996	0.0182754146723487	0.409610796081117	8.25358120038896e-05	0.0114703615656688	0.444220721766295	0.531652690636661	0.953361875487097	0.099271459224294	0.660163508467677	0.963774260686936	0.0726777013278523	0.000751726622392023	0.0354162665175243	0.380759175511471	6.50099108319223e-05	0.00838937420735759	0.449949740645461	0.0418913888041695	0.291802851867414	0.235574214090079	0.00951742428091763	0.159704147376389	0.301578558173309
CD28	P10747	Pre_only	Olink	0.000175256034122064	0.0067849121781542	-0.422748623765593	0.00758755293042585	0.11295407047266	-0.310096031807765	0.0342510550453711	0.410709553862636	0.244840309551704	0.0274385459609608	0.264620852506064	0.258165162933067	0.00833899864499662	0.147477024028845	0.302520901059322	0.0481339015848635	0.309106334822228	0.232131494619918	0.691930126544502	0.909392831481491	0.0465099230532143	0.060989852253615	0.522400255334614	0.220383983343078	0.000144250298299625	0.0067985792763823	0.425011193663191	0.036258525788669	0.354155422823108	0.245558233574975	8.31017261350337e-05	0.00360329084521506	0.438528933940306	0.0403079300351219	0.342264320882629	0.240616693276363	0.278444284994857	0.739709509146125	-0.12677235590564	0.472993562640709	0.998823757686294	0.0853098333548755	0.00148736151500731	0.0694956845805142	0.360499538908742	0.900753928853701	0.981657633495471	0.0148516194730663	0.564562348685263	0.976079072595515	0.0675787086236032	0.703066065156634	0.919745882684121	-0.0453744796969201	0.228851637149503	0.752000153792978	0.140617872911036	0.644355527899589	0.987237121388611	-0.0549356071922869	0.00237878705705107	0.0718671617333469	0.345756724944089	0.188725784119172	0.730137695529993	0.155580630025785	0.988767519324273	0.999768525793493	0.0022399250203636	0.287137654944787	0.878370339262392	-0.17481480337471	0.00447383436936415	0.104875482617071	0.324750106198475	0.0397946954074702	0.307557122694912	0.241219500970396	0.0275929051365947	0.248841174443167	0.254454389671789	0.0858223427635833	0.419060448449209	0.202466624380306
CD48	P09326	Pre_only	Olink	0.00127018702115467	0.031292789339356	-0.367668338939659	0.11507729273383	0.536301742577263	-0.186027630364019	0.00403211799433383	0.108188512521234	0.328307482309614	0.00481570972599295	0.0906289816488951	0.32649320805181	0.0194191033043725	0.223463991315709	0.269412093333637	0.204256550306781	0.577501566334249	0.150334446994776	0.967025407761567	0.990999222293383	0.00485496749317167	0.835620860278035	0.986126967374141	-0.0247085788793831	0.00686871112515074	0.118940620761396	0.309622432976805	0.308857235253409	0.768621808590048	0.120751388273461	0.0005436740415724	0.0152679445871627	0.389942888081653	0.0708658443997748	0.456519461421272	0.2126607332185	0.282009614668634	0.743166664713833	0.125843530970418	0.788737653893891	0.998823757686294	0.0319038704109837	0.00166195601090951	0.0750650131594127	0.35707723377504	0.0557079132031161	0.549942016533505	0.22493985960655	0.766431163299074	0.985922537573798	0.0348752798495891	0.525522883515983	0.862262475655124	0.0755011403589398	0.302276471970881	0.783220611153459	0.120705908440447	0.524843718721324	0.986791634720565	0.0756246583978261	0.000155800443325882	0.0131943500441606	0.423077040314034	0.00197182526524489	0.0722114387677521	0.356358096765516	0.663019527640181	0.972064809029716	0.0692463315077089	0.220069901823044	0.853305838410709	0.200898689012764	0.0219591820884841	0.250544229123924	0.26426700207613	0.229505825664244	0.589161683137225	0.142380100108992	0.0243045026714761	0.236499828508798	0.259948723258784	0.304858953678569	0.684633084325212	0.121746197830894
CD58	P19256	Post_only	PCA	0.00814111059903949	0.157428726208926	0.305421959705363	0.000105166348707234	0.00707358006304741	0.438298618632475	0.00778804003965517	0.261915172637968	-0.305042729838281	0.00166075831896085	0.0880356699894121	-0.361786295121837	0.00669279852035882	0.203014888450884	-0.310559702111306	0.00590681750415029	0.161123827953764	-0.319236416413036	0.113010816411688	0.402828877854566	0.184521451982456	0.797349329658311	0.962168028846651	0.0305744001942	0.566629624784391	0.920729963252498	-0.0672210394878997	0.149642300551477	0.659709234674828	-0.170337284454778	0.240004273227837	0.810694265838435	-0.137337251578534	0.0310936920851626	0.344957941967226	-0.252578493275726	0.0456059086644177	0.394147154770135	0.231568808403899	0.283433653870088	0.771707699081909	0.127227663150847	0.058287390559937	0.644075665687304	-0.219656901041107	0.286626969044782	0.866139670795313	-0.126393783206696	0.104090582891224	0.738216307624376	0.18915637220704	0.0172143492607664	0.397471616513517	0.278079861104004	0.380340571442664	0.971919784765646	0.102755669557195	0.144004672622854	0.737983306006356	0.172694681848167	0.00858909419287284	0.276819348257798	-0.301424063620598	0.00154285284512673	0.0883997537559647	-0.364086190286217	0.0551901581181179	0.755528597572043	-0.298088417008048	0.114790854994486	0.743417017015972	-0.256625027380813	0.199381765864482	0.764334702305102	-0.14986308347764	0.00408009583755072	0.150283530016452	-0.332259574199566	0.015004389861003	0.26641975700126	-0.279917022302137	0.00864584133284675	0.175988375551499	-0.305218001612375
CD74	P04233	Pre_only	Olink	2.29681560252254e-05	0.00132433410273108	-0.470871035644529	0.00312747683064281	0.0611946730039135	-0.341289698906752	0.000106304771568045	0.00914558510950483	0.432563296357969	0.000163491008063802	0.00886121263705804	0.427227174555043	1.60249241884076e-05	0.00184798061917381	0.475787739038427	0.000425687327016254	0.0158029130988226	0.401817433403267	0.0582353909642351	0.375310129638709	0.219701207522044	0.0269895159877419	0.393557063229005	0.258894129673146	5.84059623305212e-06	0.000518951337428565	0.496660409653518	0.000945997060119173	0.0346439463908508	0.378951714249479	5.73369479899608e-07	7.06286950239972e-05	0.540001131615261	0.000363329865261902	0.0140660562122822	0.40616471550131	0.0411598907770653	0.510495670507308	0.236397436013957	0.0385448332587856	0.711054641673657	0.242714970712128	0.00627014044573435	0.141600671732834	0.312903526368105	0.118541518446488	0.636459823689559	0.184304594954006	0.963914892145302	0.996961051784369	0.00531323276181767	0.887495220855186	0.972174258639161	-0.0168479410205604	0.00872402422955688	0.384424482310555	0.300843866650506	0.100370885271245	0.972745479191146	0.19382237158456	2.3995504775751e-05	0.00406423862139283	0.467041321064552	0.00230519664157441	0.0749804246360197	0.351336283157425	0.00547391737525873	0.27357662548792	0.421184896104671	0.0269637146299283	0.606309126930099	0.354163984130602	1.70267158720655e-05	0.00354941538563826	0.474489193250439	0.00174863371644988	0.0627655281003865	0.360165936489058	6.17262848889538e-05	0.00557594106830216	0.44558819512874	0.00240313802022136	0.0678385836958321	0.349984884216091
CD80	P33681	Post_only	Olink	0.00322494495574044	0.0642617708092397	-0.338015839818821	0.00203253681862529	0.0433714549486184	-0.355389470319964	0.0010863497650101	0.0463623285539742	0.369989376512815	5.3209604456984e-05	0.00430441874860975	0.454679802504616	0.446492369123716	0.78622113081564	0.0892276685065256	0.159353597571411	0.522680985298066	0.166427358024296	3.28589822352831e-05	0.0127211202653739	0.460061639331739	6.33937399585078e-06	0.00229062713716741	0.501033573116859	0.00594398039439591	0.107634100675889	0.314809425537267	0.0119009128121385	0.191448782764901	0.292934304879493	0.00184229598975252	0.0405904238392629	0.353866940339149	0.00377273629464574	0.0751773188124262	0.33494695056189	0.86054250753959	0.97888999665791	0.0206305507947914	0.802849656614697	0.998823757686294	-0.0297272191622913	0.228111042375277	0.693805751781146	0.140839624455843	0.258471029094705	0.750498986003656	0.133973018713165	0.708592347921964	0.985140774904654	0.0438727117265353	0.792885833979693	0.948007906985448	0.0312629983165123	0.00726824752493669	0.351731264153186	0.307569734641971	0.0772529341955088	0.972745479191146	0.208115725137421	0.00364424381536068	0.0927314623439198	0.331729428326256	0.00213522508602105	0.073000986754658	0.353808739459483	0.0884121676364314	0.721716605935392	0.266173573675627	0.00498713151931231	0.341993510616987	0.440690056687459	0.0118131597020377	0.179845201473522	0.289329131457749	0.00463615287049153	0.111956167109766	0.327824650079686	0.259078816832561	0.609200515068322	0.131961731162035	0.0977771044429942	0.442363861503363	0.195288052828493
CD83	Q01151	Post_only	Olink	0.0286435163555665	0.268614363959512	-0.254519254108067	0.00220784428627979	0.046705837971285	-0.352731551320926	0.0554356021620904	0.505958912818932	0.222135770587576	4.89781307372129e-05	0.0040840225937799	0.456616481267997	0.442033374542508	0.785257584405243	0.0901018000981268	0.0259916333815634	0.223610560203291	0.260551549447059	0.00047120977541231	0.063848924568368	0.393914293427039	0.000934607686982341	0.0921013393353507	0.37931111058762	0.12631884683554	0.591876643725955	0.178105138916051	0.0196870403314285	0.262171397042611	0.272486129033794	0.0411550799957602	0.323208169615367	0.2364028900515	0.00433668936951986	0.0827635788126677	0.330150455668396	0.180527477503479	0.687318360848224	0.156302687961431	0.797309045116211	0.998823757686294	0.030580610513308	0.00584235719263756	0.139511603744787	0.315422120410835	0.0296784897250392	0.465788912549462	0.254672402598643	0.0968828503632417	0.866342415591193	0.193132812580961	0.853136308952357	0.96546344622408	0.0220443002980987	0.00652919503301294	0.342938281337178	0.311451056249047	0.0209116912446754	0.96907969195277	0.269935417759033	0.039694246002845	0.36037322166737	0.238084075151057	0.00302748042961718	0.0882201286479845	0.342375458237399	0.01232253442965	0.393232744490676	0.382897910471687	0.218839502025803	0.853305838410709	0.201424564442961	0.031118869842737	0.300649330744446	0.249146679355035	0.00932615211974574	0.170194425888963	0.302351537573533	0.366129543386751	0.698986306853185	0.105839884048998	0.101818434825216	0.452340915371043	0.193017207308924
CDCP1	Q9H5V8	Both	Olink	1.70035688424239e-07	2.79270736745265e-05	-0.563705746926422	3.49732936431659e-05	0.00184034224801902	-0.464369817694453	1.33512569322636e-05	0.00212066494140088	0.47966511992147	2.5579433387887e-06	0.00060812626901394	0.518924332754126	0.00397051340889332	0.0935660116356599	0.328830856695517	0.00858249792155091	0.11658430760603	0.305494833772098	2.72259025581925e-08	4.91881306218011e-05	0.588987623578249	4.28361775885593e-06	0.00178593909638455	0.508885109726863	3.54064469004096e-06	0.000369044119615807	0.506524401013025	0.00063412416856188	0.0256489029373536	0.390610340495333	1.9992892989313e-06	0.000180298240257802	0.517423528589492	0.000142660386032686	0.00684264860439962	0.430687984286642	0.45845916790063	0.840024494122107	-0.0869054317645394	0.255219410320743	0.998823757686294	-0.134883551858137	9.94282053982518e-05	0.0143758055574827	0.434194415185308	0.0109336346032469	0.368076394718003	0.296242707863119	0.8930506419524	0.994207283659295	0.0157886001327784	0.342311974459143	0.778569408967082	0.112734029714181	0.000197203451838963	0.118760300996353	0.417086049874282	0.0108898577183362	0.964412807942649	0.296398373786155	0.00110720562607555	0.0438033174695582	0.369423061341978	0.00233418182509675	0.0749804246360197	0.350931067332269	0.00184036949858989	0.207808389215775	0.466606648366777	0.0477761866054912	0.683974932598775	0.318994113968935	0.000692422996840716	0.0341175694806971	0.383113536573428	0.0132117143768171	0.193012107607409	0.288804934401927	0.00226977606726433	0.0657870924308699	0.347261227827192	0.0255126759344241	0.259955544109577	0.261366262935595
CDH13	P55290	Both	PCA	1.12349045950657e-05	0.00289673290142777	0.486222968421312	3.13199451734304e-08	2.42259775916484e-05	0.593511998202721	0.00900388557400906	0.283026231675875	-0.299665078059753	0.000440553910688096	0.0560976267002758	-0.400867440466709	0.000370901127229784	0.045099035949708	-0.400451108809385	0.000195940199711841	0.023316883765709	-0.422571410609608	0.453845283540507	0.758830700420413	0.0877967700203309	0.591315788707392	0.91050760277346	-0.0638812655791135	0.0407482393955894	0.398971685727701	-0.236866055299403	0.000841953034910894	0.0342763511843987	-0.38239211865916	0.0149860672037652	0.26060919132787	-0.279965895224171	0.000188639401922901	0.012159381448947	-0.423553474566252	0.00301431623925917	0.137151388886292	0.338049014133888	0.0273504063380324	0.418921570345903	0.258307452294047	0.0016040017296689	0.177242191128414	-0.35817571719082	0.00762004560420659	0.341049891918592	-0.309937628298559	0.00689136093939559	0.311188835330659	0.309503292931493	0.00692384985623804	0.255028469704768	0.313469433639363	0.901445272891131	0.987564118040192	-0.0145428362114081	0.756633099930902	0.949931746711238	0.0368961190441452	0.00167199867364033	0.143698997117866	-0.356890399783804	0.00016083691083616	0.0295499891843478	-0.42764475377045	0.351541668724803	0.975539834418185	-0.14741070655363	0.117735726676738	0.743417017015972	-0.254631763541487	0.066377110570359	0.550807600143675	-0.213124797967962	0.00219482006171296	0.0935923039053183	-0.352922382545013	0.000637660611839183	0.0510537425346012	-0.385456645456963	0.000518084014203178	0.0500662223024838	-0.39634279917275
CDH15	P55291	Both	Olink	3.1228012251474e-07	4.68307595551668e-05	-0.553595833700046	1.71105703164495e-06	0.00017173942799103	-0.526537103111473	6.87533036167564e-05	0.00665433760005035	0.443046543435949	7.32517695031398e-05	0.00515616351567556	0.44709758734398	0.00203823883694107	0.0669530575528522	0.35068480199545	0.00414285604081362	0.075859053179763	0.331733052242898	0.0462611467457474	0.34657535783182	0.230890439578289	0.023509010596671	0.377740563571379	0.26492170053357	3.02955927786508e-07	6.56808451441149e-05	0.55092895422982	8.29644881806154e-06	0.000891044746608239	0.495529785285423	1.46149220304696e-07	2.6193796814577e-05	0.562957294786696	2.26864873128713e-06	0.000261560515798386	0.521216037591159	0.800229583686876	0.960629976430314	0.0297122924412215	0.968143317313699	0.998823757686294	-0.00475634606084438	0.00390909851428128	0.116289897791437	0.329359856109461	0.0267861510450773	0.448089316865183	0.259227653004222	0.388155158804051	0.961165436137434	-0.10108922879201	0.41710101775122	0.8159892902639	-0.0964168956643647	0.192742176122679	0.725964276987438	0.15207866291221	0.855084324759009	0.995181969915634	0.0217486774521785	0.000295489825486879	0.0190975696337746	0.406536882820705	0.000316180407653948	0.024836200137455	0.409931665590157	0.102988849551661	0.752267205394002	0.255112999176926	0.570744473410199	0.948416831216196	0.0936320587474805	0.0147066608297149	0.203862152677889	0.280717630082097	0.0145299052350925	0.199878391812693	0.28499554074153	0.00974687852157574	0.153124874165045	0.296684219296794	0.0612497387841423	0.375111394587629	0.220168218979763
CDH2	P19022	Both	Olink	8.56546808617023e-10	3.88012910605522e-07	-0.639594611903739	4.27224229857527e-08	8.57613083639924e-06	-0.588814680433322	2.05079110134924e-07	0.000168162332724324	0.557426265555208	5.43529181174123e-06	0.000981976053987916	0.504138810571949	2.41853688965365e-08	2.97906365383904e-05	0.590739004982608	2.89996900041857e-08	1.57178319822686e-05	0.594665038340562	0.0418870764408538	0.340618012304378	0.23557903214558	0.0336437982726014	0.43994484491634	0.248999462049399	9.57208468723372e-08	3.24254368780042e-05	0.569728081960209	8.30655972676031e-06	0.000891044746608239	0.495504652120574	5.01297684515426e-09	1.81135563338241e-06	0.61306886374313	2.11202320883287e-06	0.000254381462041648	0.52257410915977	0.773632882529988	0.954838191801691	-0.0337699382669229	0.643712246898221	0.998823757686294	-0.0550422017579691	0.000390308694487645	0.0320526230927732	0.399069488591306	0.00264037149975333	0.196109064546262	0.34690547277107	0.553302504138603	0.976079072595515	0.0695378149465752	0.867444322556448	0.968592548054378	0.0198759526385652	0.0270182425321083	0.484896935510024	0.255373079755953	0.216914134416247	0.972745479191146	0.146265330617504	6.23968515212873e-06	0.00185736766466692	0.495334589336711	0.00039499230092491	0.0285447769468401	0.403878817009977	0.00189757295691396	0.209894804621912	0.46541151896849	0.0182923067349585	0.564285460889978	0.3760926960427	1.00128103049728e-06	0.000563664113163734	0.53012476946065	1.14191001870239e-05	0.00238044319283345	0.488868681399362	2.22421227219564e-08	2.41104610306007e-05	0.591971518709892	1.63890030526007e-07	5.55177478406847e-05	0.567571247925304
CDH23	Q9H251	Pre_only	Depleted	0.000954742691959039	0.0214072581573201	0.376219874412707	0.00814413512719609	0.102073160260858	0.307461185387818	0.0239356293744413	0.282602310102099	-0.260603746660316	0.222792053215949	0.743857620300244	-0.144432543513657	4.81571655976935e-06	0.00098080093933969	-0.500499338187593	0.000499119380732784	0.018790186948603	-0.397389377313971	0.242082532732266	0.48385419052788	0.136737644301202	0.508277451242911	0.754556668452621	0.0786629199494887	0.00817669910833853	0.124528901003254	-0.303248213243806	0.0556224269649419	0.404586938994994	-0.225016436390981	0.0047212962702491	0.0784955652006041	-0.322891329155825	0.045840066732153	0.354535199662601	-0.234492738808565	0.108710952864843	0.576008687278203	0.186718826076443	0.0726420322542329	0.708393854848403	0.21136494328518	0.025492121751428	0.288438636854121	-0.257895605019512	0.145157337946449	0.688863172701205	-0.172207140027639	0.0191694757351734	0.571343886545901	0.269948276207428	0.611677489825743	0.834615576210815	0.0604078134727688	0.118412136953859	0.972565265309277	-0.181850793952831	0.05521226230187	0.559751910669056	-0.225385193828441	0.00443767622872436	0.129115246464313	-0.325029301337787	0.118098490568477	0.590777648465294	-0.18452277268668	0.992343450887658	0.998301542945251	-0.00152680468976211	0.69155185965175	0.876124095800443	-0.0655965497397708	0.0329104267884343	0.274467533131902	-0.24664131147789	0.0369075002580858	0.313201148023478	-0.244736326232707	0.000312404745958467	0.0133950385810964	-0.405057180978306	0.00161024015640695	0.0378406436755632	-0.362753102742343
CDHR2	Q9BYE9	Both	Olink	6.12795327527292e-11	5.53558445866321e-08	-0.670923467695727	5.82324046731612e-09	1.66115596488702e-06	-0.61772857334404	0.000519895004261244	0.029049803330886	0.3911898676357	0.000455460662521142	0.0191364092315084	0.399943838159372	9.95244073373525e-05	0.00759749701082324	0.434170886163655	0.000423224116722425	0.0158029130988226	0.401977755167705	0.000535343871990302	0.0690848520520818	0.390373959643218	0.00500805208856017	0.181125782669324	0.325114865457204	2.46960563967311e-07	5.81967937696882e-05	0.554349044728238	5.81350028809462e-06	0.000700203812477174	0.502784957569765	6.50819174106917e-08	1.35670766294596e-05	0.575770816213308	6.44479874333621e-07	9.9802311968235e-05	0.544285973240226	0.867152026092629	0.981613195785724	-0.0196435673272962	0.576841566177992	0.998823757686294	-0.0663830941538234	5.89722055072619e-05	0.0110217018568745	0.44665817777292	0.00487443276263437	0.266862884580589	0.326067302152035	0.72236538566526	0.985860560435328	0.0417091117615518	0.61172841738615	0.896584105525401	0.0603991900422917	0.00510342002099075	0.322608394648677	0.320184072561153	0.0645668926155938	0.972745479191146	0.217477344390567	0.000141371649487709	0.0129870227156505	0.425515443689549	0.000322697071346428	0.0249859732385377	0.409381545876427	0.000910157343823914	0.160886210185583	0.492976844292903	0.0107938483682232	0.450496090342101	0.403804374391164	2.09487277325978e-05	0.00405507515395286	0.47000985345318	0.0014984272115008	0.0574993952763565	0.364994040324995	8.66524189859763e-05	0.00733837673287487	0.437523093181129	0.000644191196608344	0.0253008426494002	0.390159238036676
CDHR5	Q9HBB8	Pre_only	Olink	0.000193442722100628	0.00717935423846935	-0.420216469695684	0.0292607107371193	0.266796288228738	-0.255306591680242	0.00661888957511832	0.152010091089582	0.310959973831057	0.0100882829566032	0.14165412856163	0.299349555250791	1.3779005735479e-05	0.00170915096804848	0.478998596796685	0.000727354533393909	0.022849121439275	0.386660213006619	0.634273763198315	0.888311058536142	0.0558262137803192	0.926439206935533	0.993681800002222	0.0109953692995226	0.000837096161996426	0.0260750643564404	0.377650684834961	0.0952676779037185	0.541798372141016	0.196735296897101	0.00095736250881314	0.0243610553885785	0.373727925931481	0.0714258567726151	0.458139815038549	0.21224940097514	0.232237392806853	0.714539507177889	-0.13961041607468	0.224583628302433	0.998823757686294	-0.143880666228344	0.0211442092944023	0.265721018494268	0.265859786978011	0.252599747721929	0.744906580366833	0.135622878876697	0.585609237018978	0.976079072595515	-0.0639652314900962	0.241570867056834	0.710723043514163	0.138794290464611	0.89934271810218	0.988412401168929	-0.014854699730825	0.32844317084483	0.972745479191146	-0.115994351898028	0.0236729296682838	0.277721382688525	0.261075479744911	0.142962783966269	0.675552126501461	0.173137894563836	0.199128136955371	0.839296831859207	0.202179571795448	0.277139429327243	0.871594294912167	0.178426219306588	0.000817150188337084	0.0372181010150167	0.378350259134649	0.0193204651411405	0.225960766086718	0.273275990766845	9.74796160799464e-06	0.00153643414035425	0.486238321780626	0.00397716750339102	0.0905724700352073	0.333138863136357
CDY1	Q9Y6F8	Post_only	Neat	0.190570928512891	0.738896792828707	-0.259839004379737	0.000414272908536585	0.0160079300811445	-0.662997575185762	0.374502124799973	0.895706884007271	0.177960340334844	0.00893376411248298	0.129453678052999	0.521689245992063	0.857870764684442	0.963079499412179	0.0361650469925573	0.0223860775366629	0.195724697581298	0.463961761135075	0.400513062024177	0.706566346405493	-0.168609125966889	0.966776784145075	0.990199793287715	0.00898132679602846	0.630965752449312	0.976880891997614	0.0968101290163123	0.0170142986585427	0.246543731523307	0.482226506341478	0.63716078076717	0.96754294096258	0.0950656825466609	0.00379011598647367	0.0878723814094743	0.567952856796303	0.48279042395952	0.81767044427893	0.141062799106341	0.151457367133781	0.947501185809427	-0.302030118755621	0.982543473650106	0.995758584257371	0.0044199980189454	0.983874223371665	0.994432229792823	-0.00435843131243447	0.893288658877556	0.982115174285808	0.0270933832434215	0.423154840196513	0.735179772299127	-0.171431165666419	0.864585681835899	0.989727503461879	0.0344403933696546	0.6734011957548	0.988165370089238	0.09069935673636	0.91563270066153	0.987765344037838	0.0213977292422499	0.0036135899961207	0.157514053710029	0.570344251295907	0.806765027692739	0.974194628792433	-0.0836772122319087	0.278090697688252	0.837332315075364	0.325319125413647	0.602740815730757	0.953779013887393	0.104847631415567	0.162474511916505	0.591995361864053	0.294471733192497	0.921651805749466	0.974974848424329	-0.019866320641124	0.140430460124502	0.618797378384866	0.309995849098673
CEP89	Q96ST8	Pre_only	Olink	0.000197730960554255	0.00719262957183934	0.419651430989948	0.0263674273187474	0.25028276018846	0.259921164913114	0.170288835424756	0.790279857587457	-0.160006543706497	0.60700857534983	0.903874428634515	-0.0611997188463135	0.183432015038635	0.57937151603112	-0.155279928191162	0.967078715584744	0.99140658945892	-0.00491538281822419	0.0165982690003454	0.258348014016677	-0.275850386370982	0.409318506363244	0.923416547667386	-0.0980289501884852	0.00544709760469159	0.100419282372206	-0.317898344282408	0.0890507018290239	0.528763247887076	-0.200454161702343	0.00463943985682957	0.076193962417373	-0.323496418084677	0.105564587258393	0.527471718383595	-0.190974113915385	0.562396700333848	0.885176394523683	0.0679540601742436	0.622412430280309	0.998823757686294	-0.0585968690275429	0.120273930411917	0.563074371745165	-0.180951949245123	0.962510706174124	0.99042853429969	0.00559788102255774	0.845289986684017	0.989518731712176	0.022913750480411	0.827358738030712	0.956341300944009	0.0259694674423725	0.459371935500316	0.850326479965043	-0.086729683132211	0.35108855695661	0.972745479191146	-0.110713404306234	0.0357383642748478	0.342229566024161	-0.242910012013376	0.224999707781995	0.77675058355313	-0.143752938039857	0.0138586071337555	0.412712366290961	-0.376976724274707	0.161887153301914	0.815299395717965	-0.228437755235948	0.258283854827985	0.657770562883933	-0.132180269645798	0.635740351031152	0.855129411081564	0.0563668122312371	0.00585181334010237	0.116852180267692	-0.315364713274343	0.839685946221097	0.95460002033412	-0.0240892057909429
CES1	P23141	Both	Olink	4.38035033335525e-09	1.36958554644054e-06	-0.618242246966847	1.45727146059249e-10	9.87301414551412e-08	-0.664477868703866	3.6542946273485e-05	0.00430571236526714	0.457667522107061	1.05004909088872e-05	0.00145929899297868	0.490630892135862	0.000137364070406687	0.0100226779839823	0.426233447098204	4.50140190682814e-06	0.000609939958375213	0.507902473960603	0.219663710095624	0.599709714866527	0.143405312269132	0.0517545022261065	0.498240501004435	0.228586200991283	7.46502957229988e-07	0.000119001353770192	0.535365707705832	1.55385418288422e-07	7.01259747953334e-05	0.568442441998657	3.7143764767201e-08	8.75300891470562e-06	0.584343725717054	9.66146244476209e-09	5.23651264506105e-06	0.610652127117389	0.00804385532423566	0.299074923911687	-0.303853002499488	0.048521242588534	0.737158010255663	-0.231741950682981	0.000311755817825606	0.0278554819441391	0.405112578287844	0.000264519731213303	0.0796498301764503	0.414702416822869	0.865731495836631	0.991148687402488	0.0198555747169451	0.847943261697541	0.963087275440208	-0.022833031045637	0.00948617708530074	0.395111656461981	0.297706810706423	0.0235193410317219	0.96907969195277	0.264902720693571	3.3810008153104e-06	0.0011453140261864	0.507418361167451	1.00781301125257e-06	0.000546234652098894	0.536284438080695	0.00559333759420687	0.27357662548792	0.420220782282503	0.00159608586414061	0.26464366099385	0.488690138278409	0.000121313836997169	0.0112387723991224	0.429317443164575	4.22809902765079e-05	0.00599991840502231	0.460024482381183	1.43952235160563e-06	0.000354645961168296	0.52352110865312	9.58884705030956e-09	7.4245072875254e-06	0.610758867937176
CES2	O00748	Both	Olink	1.52673757090492e-06	0.000165498352686094	-0.525522595229858	1.56742914951315e-07	2.29607188928683e-05	-0.568300402806302	1.1574423818095e-07	0.000156833442735187	0.56670778049565	7.15722983236845e-08	7.03505538301321e-05	0.580839282184861	0.000784861985042007	0.0349640510821215	0.379516301814059	0.000671559268917382	0.0221942148630013	0.388964542784981	0.0878149014173282	0.427306940188138	0.198479229870313	0.0486062096242897	0.488767451138498	0.231656842423618	1.35272469626845e-05	0.00106257505127174	0.479388509381486	2.30753015142356e-05	0.00201722797108318	0.473691337052782	3.52941870999974e-07	5.31373594672183e-05	0.548348026960404	3.46601398370205e-07	6.26193193055504e-05	0.555054170653274	0.204454590783456	0.707797263691103	-0.148205655339633	0.356176132573294	0.998823757686294	-0.109556430419831	2.42911794498068e-05	0.00677141479579827	0.466772231904767	0.000385768403408693	0.0950393066579599	0.404526916509865	0.564558082397568	0.976079072595515	0.0675794473908668	0.962607186079586	0.990317953332228	0.00558346434768406	0.0905980574801466	0.618897362986897	0.196793833628186	0.345115385362168	0.972745479191146	0.112085127902326	9.64755846835555e-06	0.00224224086325758	0.486452390291115	2.26321080362213e-06	0.00103547005304424	0.521261691807811	0.00730963370689643	0.307129950714431	0.408031250665615	0.140150007357717	0.803884298838054	0.240568329240425	0.0661006246908342	0.412917504714954	0.213337116098415	0.0937586384182138	0.432274245232755	0.197620037578214	0.00217613063443113	0.0637547461546849	0.348606346998866	0.000524973669567651	0.0217202846492875	0.395971226215764
CFC1	P0CG37	Pre_only	Olink	0.000742900707500446	0.02075526718893	-0.383548857391805	0.031642504015994	0.276905571041167	-0.251787989000614	0.235741635061714	0.859356658616797	0.138578396212979	0.395553167350007	0.823771447540907	0.100924671047983	0.0442981901017107	0.332083250831635	0.232947098234344	0.0480878203400277	0.309106334822228	0.232178009305662	0.440662847329917	0.789215356058853	0.0903714661701421	0.359068640555868	0.89767160138967	0.108903185664784	0.00334533432243487	0.0736945515319822	0.334595413884329	0.0482185016858951	0.402071281053248	0.2320461939974	0.0105233041535806	0.13451959554813	0.29377408663231	0.135264745720458	0.587447854010321	0.176490257462865	0.689630574170193	0.934949903805298	0.0468756688279578	0.641104091738557	0.998823757686294	0.055474829788394	0.0119228102488998	0.202988654979825	0.288971030095837	0.0804692352751728	0.583936897611613	0.205939728680287	0.972678225930678	0.997320543547661	-0.00402233102390994	0.951625099879419	0.989024760744548	0.00722504665454124	0.0579357477394551	0.565462974032879	0.219957148844719	0.0419627152572731	0.972745479191146	0.238715511801331	0.139538724793421	0.62195638720609	0.172223287421747	0.660166200797979	0.970563990698745	0.0523289906194342	0.351894368375722	0.9078253954174	0.147303973320125	0.125587976317068	0.786359986592599	0.24949406317313	0.0740661061451897	0.425142500508982	0.207487203395468	0.0481927780424526	0.327324382193099	0.232072117614963	0.0410470915380022	0.288180357689083	0.236525457198123	0.0202974185820413	0.234212519373542	0.271198403190228
CFH	P08603	Both	Olink	3.99603924515729e-05	0.00212338555968162	-0.458455118059371	0.00162622179622568	0.03657312089437	-0.362444330225063	0.000950333534329364	0.0418764858216679	0.373944528703397	0.000504065292440632	0.0203907656645339	0.397112982107433	0.000338729834532552	0.0191241219079837	0.402894310358988	0.00115413413273307	0.0304541130054525	0.372992094073526	0.165099528768699	0.534936360443794	0.16194643654779	0.108141394902235	0.654017480151444	0.189601224697147	5.60215950309808e-05	0.00323018133050974	0.447857195630084	0.00754188795374972	0.14047090278118	0.310319659893744	1.18209650078022e-05	0.000762733694551046	0.482225113697668	0.00317750826885798	0.067363455972071	0.340758036270347	0.00285040536196143	0.198066628997833	-0.339886445643852	0.0600941320519591	0.81155654200065	-0.221133391896	1.28835771595896e-07	0.000232763294016585	0.564990523308148	0.0221209194750993	0.442404905487157	0.267538917419982	0.405783728998874	0.962575258765517	0.0974018466176485	0.590744337091121	0.891428508303817	0.063979508771315	0.0409594565945136	0.541393024950237	0.236625119854127	0.711550570174824	0.989266089312206	0.0440175706416493	0.000603307311892702	0.0294587894635896	0.387021915738265	0.017011600596874	0.254922777488076	0.278568510673835	0.00137020582928175	0.184842477695001	0.477910851974483	0.00638908184475294	0.376400256506097	0.429285234725859	0.0105818562713553	0.170653503827559	0.293562297362876	0.0466616666989446	0.325915148923443	0.233636036971384	0.000185031710330054	0.0116613008138243	0.418716735641073	0.00169404214982511	0.0549802901320483	0.361163684323622
CFHR5	Q9BXR6	Both	Depleted	0.000211380648654954	0.00653169497535157	0.417925022974108	3.16819616757781e-05	0.00180071428687446	0.466610115822283	0.215235666894746	0.769058435512807	-0.144777993441649	0.0649730323715787	0.459428475964802	-0.21715561497855	0.0013319617663742	0.0357726874397641	-0.363865444183704	0.000560333836943248	0.0204396402610343	-0.394131443068915	0.516370842983753	0.726391552065856	-0.0761037111173015	0.119108109774802	0.469488888498274	-0.18402647594888	0.00121678008753206	0.0354025063562899	-0.366597523623656	3.72667175046681e-05	0.00325285205647889	-0.462921839361544	0.00259896854431071	0.0535975629670454	-0.342897518536557	0.000128967405138041	0.00594710071995043	-0.433226523111222	0.160392640383094	0.645798374128963	0.16374525251493	0.708388065617768	0.988728435054251	0.0445226793131977	0.00619225481902357	0.13634117817742	-0.313350558697182	0.0260451731222669	0.31941609595919	-0.260461268867743	0.503702641628468	0.984299546718318	0.0784099343639802	0.75379977128637	0.905847130235128	-0.03733964003766	0.0723789808674389	0.972565265309277	-0.208682506049297	0.0730312318073827	0.565678019554408	-0.211084406292033	0.0894178097223036	0.528287123379941	-0.197503498761909	0.045974847003925	0.407110601730409	-0.234351337128035	0.707145068828649	0.950228349101605	-0.0597212162892845	0.900067859686475	0.96650520609567	0.0207822008857091	0.00158895091416838	0.0500679115203073	-0.358466842276298	1.28068363730243e-05	0.00285370512381026	-0.486442871657324	0.00236339562622685	0.0473454009057248	-0.345965352075111	0.000384859827003283	0.0152286097186199	-0.404591520381664
CFI	P05156	Both	Olink	4.15353900018688e-06	0.000381562396288354	-0.506425878678532	0.000105110011971005	0.00428343056302892	-0.438311835449519	7.9238521970475e-06	0.00186727299599989	0.490494942572716	3.05920418896478e-06	0.000690870279341213	0.515476041947439	0.000352581136702155	0.0197009253703678	0.401817417255432	0.000108553347917713	0.00632644242703233	0.437515784853434	0.0298980482824181	0.301347642785557	0.250924278400212	0.105921704934954	0.649430931739255	0.190782305257423	9.24326691492681e-07	0.000143138590511152	0.531560868128716	8.33438314101415e-05	0.00537766150289247	0.443984709600033	1.49816919050163e-07	2.6193796814577e-05	0.562556009793704	1.73164404422896e-05	0.00117318883996512	0.479972822215252	0.0789154704303923	0.574123288231848	-0.204168700246773	0.0349460839419581	0.711054641673657	-0.247258633568373	0.00151543720457956	0.0702023046907795	0.359925550567632	0.172072978109697	0.688830976917762	0.161564570792237	0.356902229510142	0.954647414396871	-0.107881766045404	0.179571427795429	0.664806788696191	-0.158820246775598	0.0231007023856857	0.46418765847668	0.262118633105729	0.225713005193211	0.972745479191146	0.143534353441106	6.55996805279257e-05	0.00711100536922715	0.444155918501513	0.000253275811630785	0.0207993166521038	0.415853360333978	0.00123183564772956	0.180447275964709	0.481897669434663	0.0404069873741518	0.672968428464566	0.329680506208229	0.00010079660197234	0.00975567111946578	0.433861694708372	0.000344740310193683	0.0226046079096986	0.407593245749177	0.000311899217372039	0.0169049375815645	0.405100327549021	0.00486125853736672	0.104036649995403	0.32616245523916
CFP	P27918	Pre_only	Olink	0.000183440550308799	0.00705140271399782	-0.421580537015097	0.0106747275245451	0.138423124382641	-0.297171356709854	0.0103189823338007	0.202640884960869	0.294521272007422	0.00904742656570725	0.136214033294815	0.303503097254789	0.00526258836193552	0.113638362237811	0.319109074585941	0.00642717916040951	0.0980214816760831	0.316185192010617	0.643316572224449	0.891530509193687	0.054343544304141	0.985760407319792	0.998353002356196	0.00212559270567588	0.000242509076038118	0.0104317396200524	0.411734800407091	0.0383746988787926	0.362985807893641	0.242921644096924	3.40878257259929e-05	0.00169500931591634	0.459236460876164	0.0152146866139573	0.195465580109923	0.283133060841997	0.060515199004812	0.550012821968826	-0.217788190132066	0.524048850190114	0.998823757686294	-0.0757693209670647	4.98940118653151e-06	0.00260420377212326	0.499797867918078	0.0105852776310075	0.367001988889974	0.297496754026606	0.501567114299	0.976079072595515	0.0788016302166163	0.548632195577494	0.869252902176358	0.071344408335913	0.973773597010064	0.996186410723121	0.00386101161768453	0.338681027542105	0.972745479191146	-0.113579444566972	0.000621712569001979	0.0300864475356315	0.386173493493221	0.0192357714142897	0.269034595921922	0.273460301521791	0.267657260933012	0.869630474671362	0.174998421110943	0.514535419114781	0.930442862251824	0.107566473940204	0.046007976672522	0.35525417519158	0.231151601649603	0.131082313585033	0.487327671376024	0.178372459170431	0.0102103097787296	0.157215565342939	0.294923944294052	0.04172933348238	0.323104267820714	0.23897983739853
CHAD	O15335	Both	Depleted	9.5840993081141e-05	0.0038476455412863	0.437808300032722	4.67805321072928e-05	0.0023389056365991	0.457684390228748	4.84533801288183e-05	0.00986833841956934	-0.45122345348685	8.89515810430977e-05	0.0155284045763808	-0.442402744833315	0.00920797791180545	0.121972960717689	-0.298825469642666	0.00158896942327628	0.0408783291630234	-0.363168372969991	0.0249280264152033	0.139734166419167	-0.25886044734285	0.0557734757625376	0.379645847952185	-0.224881194924858	0.141948234681147	0.593463039375878	-0.171197107890427	0.0535728086800666	0.403474214806418	-0.226881843720274	0.0137642644609273	0.15943062721567	-0.283347513649716	0.00493451817803364	0.083880333973563	-0.325636191141804	0.0042001245506286	0.111577221758003	0.326915445530903	0.0251963621757342	0.521863636927918	0.261911445831044	0.00570849525894175	0.132872022979558	-0.316243705776246	0.0146133774380006	0.233330967114624	-0.284764509797994	0.903278376046486	0.99915028120689	0.0142710213843584	0.607944105205139	0.833323271520673	-0.0610408294876901	0.131847046016173	0.972565265309277	-0.175591252427279	0.349905542361024	0.744272537450256	-0.110983921541768	8.81824567965124e-05	0.017959827034223	-0.437101373879804	0.000204266581401667	0.0277348624969819	-0.421491641579741	0.520099473088449	0.900538387505239	-0.102067228204501	0.817017885200658	0.93908538423652	-0.0382827902052631	0.00267145799694825	0.0673097252014589	-0.342003590151737	0.00291654854931134	0.077478746244749	-0.343618064525472	0.00275290470116074	0.0522943450309253	-0.341024736819769	0.00129594360769467	0.0323192467061813	-0.369466685349948
CHI3L1	P36222	Both	Depleted	0.000239577881296963	0.00714058953524118	-0.414661295559366	0.000697167324655094	0.018321257435022	-0.387886134096619	0.00876344758372105	0.149638522387581	0.300675829414613	0.0139405467850297	0.221064156447815	0.286660151649664	0.015434532656491	0.167573163741669	0.278784212752544	0.104334528644922	0.513258813449436	0.191638662404537	7.40705345397535e-06	0.00603427954717192	0.491868441911501	0.00211505584285354	0.133066954859605	0.35411374841612	0.00678922925743629	0.110619175367829	0.310043267617544	0.0530388654516743	0.402568283117677	0.227377355479238	0.0115631730059435	0.139902944685771	0.290156466988123	0.0611161402317437	0.398314257937018	0.220279042985256	0.659481042741185	0.916662722142972	0.0517140622226506	0.993506661155671	0.999301909262566	0.00096924301038885	0.0831982766992157	0.517395898862298	0.201370427811215	0.210581804382832	0.73690614661104	0.148279374203409	0.0741188336073034	0.791032442516373	-0.20745019963834	0.00515890983451537	0.1567871512903	-0.324066207813124	0.0212891931998394	0.972565265309277	0.265572646053964	0.0230315815072183	0.559751910669056	0.265806696329625	0.087449799852412	0.522984932461983	0.198703440344202	0.133780373089654	0.612283205676245	0.177153151585012	0.137530399722673	0.725055851637134	0.233012747159377	0.188664258036026	0.535534781231182	0.215018784190309	0.00248892774115997	0.0640120676554292	0.344298139942982	0.137725737129581	0.599581567895012	0.175403238572517	0.0540365158409717	0.347540117671934	0.223390138961182	0.193140822395702	0.604560916417378	0.154058682035752
CHID1	Q9BWS9	Pre_only	Depleted	0.000560630787724407	0.0139814453591679	-0.391575908388155	0.00345191543878036	0.0581826298784772	-0.337968310549906	0.199813762217938	0.743295030229284	0.149720773017464	0.0387648202126981	0.366792050197244	0.242448859954906	0.00028755742527882	0.0143426601506415	0.407257747775026	0.00331573403144616	0.0604750296481673	0.339327050513556	0.228244365428058	0.471697399236045	0.140799667368314	0.463988710086262	0.739902710415738	0.087048158112961	0.000322455414405987	0.0133308709311802	0.404212383017922	9.35361862090677e-05	0.00617844429986382	0.441176483582438	0.00167901804528425	0.0402478172339676	0.356760410465072	0.000108160440959024	0.00562434292986927	0.437605431515069	0.564381151651789	0.90268965190615	0.0676100877365504	0.97634443359965	0.999301909262566	-0.00353147026381072	0.12447443006404	0.598569931389969	0.17896250620721	0.00508702763637646	0.13451654090586	0.324562450648381	0.532587814293477	0.986449788797904	-0.0731928985380965	0.401562805665151	0.724396588518182	-0.099653304678533	0.0301581344477065	0.972565265309277	0.250540523221176	0.00261263733068432	0.389049271499074	0.347252385384419	0.277418922974998	0.792996313158941	0.127040944088978	0.0141383184486495	0.239958682559023	0.286094893836854	0.447940497068493	0.880804091581601	0.120297774620514	0.29061067763602	0.631122594167625	0.173579435910184	0.000149059722678643	0.0140116139317924	0.424189070934473	0.019914169814206	0.221502527090478	0.272003016842161	0.00121196176264843	0.0315110058288593	0.366716836432199	0.0376855930789915	0.269308741184372	0.243766623836967
CILP	O75339	Post_only	Olink	0.0325077136270236	0.287953443481094	-0.248862457383357	0.000126294164806976	0.00503319392098388	-0.433750961061456	0.116608464599468	0.703806100366502	0.182731989009445	0.0118741001583155	0.156969811848951	0.293022811314076	0.0858181910277174	0.449840034207184	0.199714554151433	0.0135563087968592	0.155998288065768	0.287778454224765	0.413479801345162	0.770123891165216	0.095821560944716	0.00107845395254632	0.100779662462087	0.37503720128806	0.00830374272637133	0.130075969875528	0.302677832150555	0.000863292024158737	0.0324933525759747	0.381656217389061	0.00160007030214878	0.0365923250533602	0.358251523695687	9.95072019694957e-05	0.00494797279518043	0.439660112037638	0.0322684972396743	0.497013655545191	-0.247525541923986	0.240724524108158	0.998823757686294	-0.139041736755477	0.0705732210030517	0.44842539019524	0.209986871753966	0.00354831373393562	0.228950719499179	0.337035076596103	0.992792658412847	0.999773735747076	-0.0010608809754904	0.954118448103527	0.989024760744548	0.0068522385450412	0.000106584145789638	0.0875761671712165	0.432499110951918	0.0144001079706358	0.96907969195277	0.285357073522778	0.000922059730303422	0.0391165912621833	0.374830747673744	0.000316059638285297	0.024836200137455	0.409941958301955	0.0482929394598677	0.640669398176819	0.306585341939179	0.00110427532922218	0.220368746375588	0.502844462311178	0.0350199814414654	0.313732726302054	0.243833801705958	0.00312393533673592	0.0921968579983937	0.341327619738711	0.141739877739962	0.496132353628569	0.171285324282537	0.00101471688928503	0.0371605779724654	0.376862962829571
CKB	P12277	Both	Olink	6.49801375930945e-06	0.000517929920227312	0.49749805090001	0.000131409953274051	0.00516117352714026	0.432756033807143	0.00132189113949561	0.0523258579557922	-0.364095615859755	0.00678976036476273	0.111516670233376	-0.314185291155666	2.93400414907653e-06	0.000567939374571242	-0.510150248747979	0.000152104155859017	0.00770471518463431	-0.429064978663489	0.935617352797963	0.981510294590353	-0.00948673853678801	0.504519370421958	0.95044105657794	0.0793591545452809	5.70260382853284e-07	0.000103473835173449	-0.540095923622088	1.20232820950053e-07	5.92419899590263e-05	-0.572600831498287	1.39597414924251e-06	0.000133793138900916	-0.524085326988095	3.84971513082777e-07	6.73079226099565e-05	-0.553257741333011	0.0482101882409423	0.530643608397056	0.228918362320943	0.0482796605241397	0.737158010255663	0.231984605334275	0.00967969650636901	0.180910189877655	-0.296945432955826	0.00479972197653107	0.265454011355086	-0.326609960130115	0.599676235501091	0.976079072595515	0.061583095751924	0.75175153810535	0.936485812309547	0.0376605804857439	0.244002883570926	0.758680401152573	-0.136186740410422	0.243055315326216	0.972745479191146	-0.138361718709151	0.00133792036188375	0.0486679755799324	-0.36372999528426	0.0020388082879238	0.0722244504610916	-0.355290897644648	0.961877863745966	0.997622080356309	0.00760466829499864	0.499706959236421	0.927856018863105	0.111365003371099	0.0019192973051175	0.0649785147090006	-0.352581715215531	0.00358355567112174	0.0977498220111706	-0.336699526921618	0.000135153137837845	0.00952501152941148	-0.426637872926757	0.00189592093806464	0.0593604527437743	-0.357607529282008
CLEC4A	Q9UMR7	Both	Olink	2.26526695413959e-05	0.00132018783778888	0.471175062303676	0.000294735315165377	0.00950209721449766	0.411818393078364	0.0074450345577074	0.168136703493055	-0.306692957254608	0.017522365666361	0.199560231014861	-0.277346873921502	0.0324298087028065	0.285863072953999	-0.247301963873515	0.182577099769239	0.553449597734494	-0.157743636946942	0.0960922720508763	0.436527666292038	-0.193582901419904	0.26716198666692	0.854531821874551	-0.131576819607293	3.53036208636328e-05	0.00230536897687819	-0.458446830127975	0.000404799569372822	0.0176936585967798	-0.403204732453751	3.84917348220975e-05	0.00183004563803306	-0.456490429695716	0.000162016298937568	0.00763589861079666	-0.427458418893229	0.64955842582032	0.919422338433633	0.0533250769256109	0.163390411082543	0.936126879563832	0.164853987349837	0.00318000522492056	0.107217786697479	-0.336280213421282	0.00890484257884361	0.342386566834766	-0.304104218560964	0.0944216591656517	0.862775725616708	0.194543640092823	0.313285311841132	0.762331241120933	0.11965931699068	0.333214827172518	0.801964637333501	-0.113278042133422	0.546626624439895	0.986791634720565	-0.0717017156372768	0.00210836367436502	0.0656743167532093	-0.349612544354189	0.00413016837534583	0.109732904874384	-0.331838920516707	0.00231518185188725	0.221352089514356	-0.45753930789142	0.00509510480795507	0.341993510616987	-0.43971894999181	0.0523690466922991	0.372873080398108	-0.224920284939804	0.0526180153844115	0.337502536548533	-0.227770796667415	0.000613226886132922	0.0270218676653694	-0.386561771923189	0.0370068334027703	0.308580056989254	-0.244611588768463
CLEC6A	Q6EIG7	Post_only	Olink	0.00761421549657709	0.115599574205736	-0.30789803571705	0.000807869902536621	0.0213530234348935	-0.383603395180959	0.0170202417639559	0.272303893828083	0.274830206948447	0.0249835182269045	0.25094394534244	0.262281565337066	0.0679898325248585	0.407187726281473	0.211900378865585	0.00647501259529766	0.0981848121620931	0.315915754429043	0.0247812528828318	0.287609612528629	0.259114524862983	0.131717907994756	0.695619607740269	0.17808352002775	0.0243509646110448	0.259576276336402	0.259866818372237	0.0207532137121766	0.26608487665568	0.270258196553868	0.0117017842953334	0.145801542254499	0.289695833201303	0.0084253374363132	0.132748049141911	0.306189476661491	0.0920665826154916	0.596254317219842	-0.195920928324938	0.734702611828388	0.998823757686294	-0.0403426724697975	0.0464615829147724	0.381924222430093	0.230684510602553	0.025728590447047	0.442404905487157	0.260997400742149	0.524813161124551	0.976079072595515	0.0745827524714339	0.91928421384109	0.979385810921664	0.0120682790711943	0.0399091597972902	0.541393024950237	0.237833553618588	0.368842207398703	0.972745479191146	0.10671951129258	0.0361684533775383	0.342866185152427	0.242364345477656	0.0129848152567629	0.225569547088638	0.289493544236952	0.734676252600526	0.98048359232783	0.0538833189630648	0.759224456008792	0.970185235182981	-0.0506970633919376	0.000486074832386665	0.0268829141993442	0.393056196460902	0.0001655023448537	0.015750486062965	0.426914859744101	0.231850183313223	0.587732424867794	0.139725113437072	0.0291751072303578	0.280370711327198	0.255437478089582
CLN5	O75503	Pre_only	Depleted	0.00207973338084357	0.037650876909494	-0.352327778970985	0.00424297775828789	0.0660499212818829	-0.330907570478475	0.0373248152872199	0.356386538481212	0.240923632999326	0.062788931158373	0.45386466812468	0.218905332207545	0.0391574447983762	0.288255406889251	0.238714775934698	0.0959344802888317	0.487450872818929	0.196347851727121	0.000273835883290826	0.0304206772164899	0.408548914270978	0.00293537346217697	0.13869013453166	0.343404256114279	0.0331988403852287	0.278824625091062	0.246248734998462	0.0320157156965047	0.316787081628573	0.251256966465592	0.00833932956457886	0.115148708790004	0.302519430825926	0.0175660337281471	0.214599812488845	0.277243853415928	0.0579179411730549	0.442313812491612	-0.219972392265979	0.433514782861618	0.964256647324955	-0.0930728007201452	0.0121029968021834	0.18667011752241	0.288388731632011	0.0163587485613641	0.247537702536963	0.280176705754387	0.485500253352629	0.984299546718318	-0.0817769349329061	0.0545510885839176	0.394784168491914	-0.225984352572694	0.0803184809084575	0.972565265309277	0.203238989347912	0.301302522368594	0.712476193933239	0.12263821630764	0.00610628886461102	0.14129561147732	0.313849761415234	0.010915314313023	0.20861780364921	0.296307786782273	0.00386047147415628	0.471749614141897	0.43641394046547	0.0104639244402256	0.323879341237881	0.405367038357568	0.0858577823645247	0.453478425779634	0.199689840003705	0.257410850442506	0.768146664812557	0.134269035535819	0.0574519652684066	0.362823263865596	0.220372656431434	0.103098965855341	0.46249215658644	0.192312344079956
CLUAP1	Q96AJ1	Post_only	Olink	0.0185473702384453	0.202833417471648	0.273129345884742	0.000899211366067421	0.0227744187106795	0.380453972371488	0.519139209686398	0.969202727844449	-0.0756035909658352	0.0344149301049291	0.302806690208954	-0.247961991286734	0.394609405798863	0.757359411979404	-0.0997279161826391	0.025245104126471	0.219276385201078	-0.261827060161364	0.335258563291661	0.712309452387614	-0.112803158603559	0.230085916680539	0.818532715555296	-0.142204738184254	0.0365501854942009	0.334954046462533	-0.241884549426043	0.000230340846542992	0.0114536457638809	-0.418354159825103	0.0531700749121475	0.375980869041574	-0.224180326413745	0.000672245148360911	0.0216879089530723	-0.388935175092989	0.410403813711692	0.816133673378266	0.0964511022010731	0.481919709766761	0.998823757686294	0.0836042083604143	0.00496425655849952	0.129132293233836	-0.321148556260241	0.0501799358053777	0.536385952549183	-0.23010217366918	0.764356768660953	0.985922537573798	-0.0351942226479996	0.287009538036328	0.738647529039362	0.126294294769381	0.952827697951854	0.993503122216106	0.00694737651037635	0.270936598013858	0.972745479191146	-0.130552470385674	0.485252073800554	0.870018604035397	-0.0818232967700792	0.120839212705235	0.626145824916227	-0.183182977801314	0.285044022470668	0.876312309580841	0.168866983761439	0.651820552306181	0.963774260686936	0.0745810997795188	0.099803227019479	0.485577639538219	-0.191494718869788	0.0137739916300018	0.194500588900626	-0.287141588002032	0.261309590361408	0.612347741686862	-0.131350900263298	0.100702595488083	0.450097221238313	-0.19363707005762
CNTN3	Q9P232	Both	Olink	5.8465725624139e-06	0.000495131613879427	-0.499628234033939	1.64181206714808e-08	3.86896582780114e-06	-0.603049422683431	0.00871770075135123	0.181730531047399	0.300870881515488	4.14243302165314e-07	0.000160371335552571	0.551997595794388	0.00433246763591598	0.10035031874643	0.325853309064089	0.000334753801905869	0.013745193987347	0.408390044776219	0.42712400653424	0.779805532151098	0.0930612015243024	0.0333038056096422	0.439703430605591	0.249463216145778	2.58578712808434e-06	0.000291978463212856	0.512564431214948	1.15751354762295e-06	0.000244957052980346	0.533763467628241	1.06464466775504e-06	0.000115407481984646	0.529018350363186	2.32348067003894e-08	1.06140139326596e-05	0.597960112487301	0.063788921393815	0.554293049437117	-0.215140955927217	0.0462110810096162	0.731286455976081	-0.234104319720017	3.70429441988086e-06	0.00223080841730603	0.505646451778543	0.00276756296020071	0.200002549923838	0.345355092633091	0.93636486206638	0.995358396299212	0.00937636273363903	0.634577542339709	0.897854726997753	-0.0565605940785096	0.0586904481498617	0.566541430585691	0.219314560179416	0.433142834077521	0.985164364684928	0.0931477739636465	0.000384822485577583	0.021726436164901	0.399453559390877	3.93070513546781e-07	0.000302157755895739	0.552900265898606	0.138927130564365	0.796631282586909	0.232211309332343	0.012986600002116	0.482773047967913	0.394343146820361	0.00311402357386719	0.0852424634866675	0.336974506699708	0.00176751470318825	0.0629848733592985	0.359827372917315	0.00450950101836118	0.0977659820780704	0.324476660623126	0.000465226955976354	0.0196994539171237	0.399353584742358
COL12A1	Q99715	Both	Depleted	0.00114514143546038	0.0237180141378404	0.370799615683243	0.000966483975654817	0.0229328819077706	0.378315001250162	0.00685752694208136	0.121447795988745	-0.309681390296511	0.0216969974708472	0.279091904309213	-0.268366067800771	0.00292876725910648	0.0579821002780112	-0.338996552738811	0.00266626727864847	0.0544132950549101	-0.346584485717951	0.565433333395476	0.760564611840684	0.0674279404873641	0.563336744904565	0.786179746198639	0.0687436017433361	0.0143737233968142	0.170530970785504	-0.281629655822877	0.00470950955934113	0.0935775720571522	-0.327275272784399	0.00427771026883102	0.0731099573218392	-0.326289228905107	0.00161770246820255	0.0366080077063613	-0.362608585625359	0.0975405511896321	0.555013624408106	0.192760559660836	0.494920530608026	0.968289345299143	0.0811497449258141	0.00124598533338464	0.0612033734626043	-0.365883347492601	0.0454247656609478	0.414804043131646	-0.234930608671067	0.102185328634404	0.835813624833773	0.19018605789016	0.619014899061884	0.839551838683265	0.0591685624314286	0.25937146963286	0.972565265309277	-0.13188139423057	0.912012978541979	0.980248790396574	0.0131596032381214	0.0019031691064616	0.0883200251307118	-0.352847021323255	0.00311977455822778	0.118872566906454	-0.34137222063993	0.247171750713566	0.776438751013273	-0.182571007216664	0.492935061897421	0.77906445091494	0.113118728094482	0.000769803662298425	0.0330914281494508	-0.380075090951481	0.000897065694547254	0.0332186145071741	-0.380524555116581	0.00219134794406396	0.0465709076112375	-0.348384274381144	0.00113566422054994	0.0304867356179051	-0.373479759747136
COL15A1	P39059	Pre_only	Depleted	0.000313039798456134	0.00879389962559532	0.407577040688963	0.0312427073515615	0.23138538414308	0.252362701586265	0.000677906019624509	0.0394476740943405	-0.383717766241641	0.0167761667458348	0.23563765245299	-0.279142251255212	0.0380926895943964	0.282974265558373	-0.239987364536203	0.147382432531132	0.581910605987216	-0.17127414019115	0.445585404620873	0.6656544797637	-0.0894050713981852	0.777993499205589	0.906013820931897	0.0335680515464638	0.0550556431639711	0.38562601761876	-0.222473847063087	0.168538216974681	0.706697138791202	-0.162888664479141	0.0127785796951823	0.150148311418392	-0.28627039291749	0.0477668782576586	0.359802238373273	-0.232502990781818	1.83854760277453e-08	2.00875982807868e-05	0.594754554680688	1.11678072789887e-05	0.00614784982248736	0.489337200872135	0.0582859145589685	0.43622744247564	-0.219658158230625	0.259582830539637	0.770080266971631	-0.133663471560544	0.756822180824739	0.991405610839929	0.0363548452209948	0.397842226639189	0.72291925792281	0.100439076295646	0.157067790654743	0.972565265309277	-0.165039579353532	0.950726217235899	0.988334697968752	-0.00735946536273584	0.00432404271865261	0.127324824149241	-0.325920059743953	0.0314298748279396	0.354041287233986	-0.252092882139052	0.501395261456164	0.900538387505239	-0.106659838273149	0.193898539156464	0.538405342984413	0.212556698952062	0.00708822834058037	0.112758002034223	-0.308482013119675	0.0215221579350798	0.229694995604083	-0.268711226130477	0.0326782001177171	0.25516140922588	-0.246959510243231	0.410337047824263	0.776195709885269	-0.0978169657306295
COL18A1	P39060	Pre_only	MagNet	5.45246729329735e-06	0.00174546109169645	-0.501027653477976	0.000980585676127026	0.0922447289065792	-0.377883803723803	6.17867191312228e-06	0.00454286852412316	0.495532044654161	0.00126262180297682	0.176827177264516	0.370262537312275	0.000729413719975522	0.134075359403001	0.381624488812609	0.00813542556206655	0.5478041909724	0.307501183915441	2.53387124503094e-06	0.0019664246952361	0.512950276142591	0.00829243506710238	0.392034121149168	0.306785806600175	5.74952579015078e-07	0.000422733883720836	0.539953051366269	0.00152572676244115	0.23616644254418	0.364433340808251	2.40626040891401e-07	0.000169970490510078	0.554781193115345	0.000405525344604012	0.0795100025653599	0.403155442857355	0.914280902667149	0.989882094682673	0.0126410747379346	0.357084825607341	0.999576267023585	-0.109350859933407	0.000567809426480333	0.166992752327866	0.388727095961976	0.0449058976371764	0.999891586200698	0.235482337717547	0.218237691760696	0.999744779521394	0.143845229975195	0.541919650642732	0.794113449197945	-0.0725428054853843	0.0438974650289761	0.694332549717834	0.233376175328376	0.296214084769134	0.679130725390862	0.123926509541728	0.000660118503385145	0.242676064806964	0.384474389642007	0.0029766502071239	0.469522132610144	0.342939698867994	0.0282957556949915	0.27322229939901	0.338565344231709	0.281326617091198	0.610251678513907	0.176903637067696	0.000525309123227007	0.0653459932060921	0.390901441283727	0.0668207771085802	0.999596376499422	0.215712064620971	0.000636550813572011	0.117005996419705	0.385505998073926	0.000633242538838223	0.186236630672321	0.390650156038743
COL1A1	P02452	Both	Depleted	0.000134219027396567	0.00468616147081729	0.429492238103913	0.0015756169080095	0.0337790151155721	0.363431621061663	9.28575938582582e-05	0.0141839974618489	-0.435853464761094	6.83294653690555e-05	0.013916434446831	-0.448762816889415	0.0312439812368238	0.256242584371803	-0.248967838432769	0.0191345043755126	0.198121205436422	-0.273681592504465	0.044248264433445	0.192148520905773	-0.233000380848063	0.064121190846827	0.390712681916639	-0.217832300035955	0.0174783135345492	0.192418911164136	-0.273747065368923	0.0208117499798251	0.246912218207245	-0.270138728837829	0.00301950594453264	0.0590373802275021	-0.337992309193085	0.00427764955369751	0.076310770140414	-0.330625736534797	0.0362569095028782	0.362622687046576	0.242252790818355	0.0367693963747077	0.56518493547035	0.24491021576085	0.00464746775103079	0.12352104354137	-0.323436658496124	0.0207502744632222	0.276191192752867	-0.270264202895633	0.512117522546508	0.984299546718318	-0.0768747577307893	0.143805873224092	0.513294722525015	-0.172779063579327	0.146164941166059	0.972565265309277	-0.169432350725988	0.273744568002603	0.693747631949955	-0.129796640733664	0.000264620896355803	0.0248743642574454	-0.409449777075305	0.000541538249359854	0.0441173160478494	-0.395095747015875	0.183005085682374	0.736937843323354	-0.20949782829061	0.27465547802575	0.615268550224504	-0.17933656438917	8.53610399281226e-05	0.0129443798376491	-0.437884426867817	7.99457594689708e-05	0.00651291453807216	-0.444991916054474	0.00588789635090174	0.08616777653655	-0.315146407295136	0.0112523941414279	0.134150494056828	-0.295125293055429
COL1A2	P08123	Both	Depleted	0.000742154315765412	0.0172745252164825	0.383577884660634	0.000101977640446109	0.00415388922083818	0.439057195130436	0.00163907109926896	0.061629073332513	-0.357506814233278	0.00229951678102551	0.0749335868376848	-0.351416222874661	0.071537576372564	0.407806291450341	-0.209286994401413	0.0313814769529109	0.261762217313701	-0.252162522618569	0.109848943938675	0.31363413432958	-0.186130825146906	0.0125096529521533	0.234189569934474	-0.290970028393072	0.0142988603265602	0.170530970785504	-0.281837239789059	0.0224932283015854	0.255975859800583	-0.266823528947541	0.00271097595448862	0.0541882732696148	-0.341525364846942	0.0068392814560643	0.108540284926111	-0.313919479328767	0.10893030711282	0.576008687278203	0.186605115957279	0.580602657944479	0.988728435054251	0.0657302702035214	0.0310653412685418	0.315036074939071	-0.249223380575267	0.0103604605817864	0.196286555518496	-0.298325277454619	0.420164673596034	0.981380535740747	-0.0944627018164224	0.318327040168488	0.675698493080403	-0.118427941652365	0.361170971761749	0.972565265309277	-0.106933170252613	0.276236861950526	0.698162244681577	-0.129130115319732	0.000305767551841802	0.0257688240241849	-0.405628829599848	0.00423088677136788	0.145585194445938	-0.331006334351992	0.144449548935031	0.7267831552548	-0.22909976066912	0.236576708184306	0.57531689035069	-0.194030762719857	2.82203341133458e-06	0.000985292808185959	-0.510895754300018	4.48551501068238e-06	0.00156608552658682	-0.507972631656548	0.0187842507253334	0.179330893643417	-0.270787559965388	0.00105016896090606	0.0296897823164667	-0.375835030977378
COL26A1	Q96A83	Post_only	Olink	0.0235835938510411	0.236709404949338	-0.262992937261763	7.44683604973658e-05	0.00315326963981033	-0.446702000184617	0.120541244529317	0.71674296885434	0.180823772006023	0.042538891385728	0.336253067667663	0.238068116300549	0.117962985450064	0.500329646695958	0.182069259954804	0.0100559335102785	0.129769427680261	0.299472890984935	0.340686914517074	0.71648121623322	0.111550614961534	0.0772691658441388	0.576255915056972	0.208104563900247	0.0148928704471997	0.196876482497128	0.280215284302049	0.000248808271448532	0.0121490164977571	0.416323723733328	0.00531637464757359	0.0817920670498493	0.31875230773732	8.76598318544891e-05	0.00455521774302061	0.442758804864301	0.0481057550414774	0.530643608397056	-0.229022349826501	0.0646792040692328	0.816322567193862	-0.217388212168948	0.55113916456951	0.881256725498576	0.0699163891670609	0.0579404824807051	0.552805420438264	0.222973078362406	0.409660789640798	0.963280468482918	0.0966035828226055	0.603242513207828	0.894817328941702	0.0618404302060364	0.125300031849438	0.659948277983913	0.178577539193551	0.0195226736948682	0.96907969195277	0.272838722180881	0.00581074013389351	0.129605808747748	0.315614661206384	0.0014472193233769	0.0632574897798613	0.366071095612571	0.602640829171942	0.971051087865182	0.0826889913137264	0.0767993380133457	0.746566382212684	0.286703261375735	0.033710183649773	0.30915261485917	0.245559686855902	0.00178960710282878	0.0629848733592985	0.359435330241816	0.319647665726592	0.668089435337694	0.116478369899741	0.00315014612548316	0.0801586478878814	0.341047869050597
COL4A1	P02462	Pre_only	Olink	0.000918267840546198	0.024885058478802	0.377368980679167	0.0036642820453827	0.0675496650790567	0.335941840190978	0.00796145078630243	0.175410826267314	-0.30423257535317	0.0495152291999113	0.362665597653404	-0.230753877185346	0.0119525497020504	0.177933105154695	-0.288874398771913	0.0461057517985509	0.301945750736595	-0.234214328033499	0.0041190391190425	0.170707390522042	-0.327580987081312	0.0742761983839352	0.568782163932657	-0.210194992595947	0.00612106217591966	0.109854824481737	-0.313763533889985	0.00320364526099059	0.0800242315328001	-0.340483252160117	0.0128010019005308	0.155215727742454	-0.286201766447038	0.00778956568232309	0.125653113089855	-0.309120693007856	0.550945332920769	0.883730010189573	0.0699503436575247	0.631137406483838	0.998823757686294	0.0571347564078261	0.0235092792354534	0.281281001006971	-0.261371601829887	0.0437899180667468	0.513725878618545	-0.236687059690869	0.492252321950592	0.976079072595515	0.0805203697734689	0.57850763261686	0.888467234176481	-0.0660936692423743	0.723512599128348	0.948731149897249	0.0415295314093575	0.947756423351919	0.996562040053845	0.00780363383519801	0.184326680256112	0.687577843763334	-0.154967264005088	0.336467673316583	0.850829493894625	-0.114097587863076	0.0572272454327253	0.663164538344302	-0.295742683146297	0.161497815601438	0.815299395717965	-0.228644257952728	0.00690957080038698	0.135198100137536	-0.309407756973722	0.0138518869586055	0.194500588900626	-0.28691580496741	0.00351129719293833	0.0831058112913788	-0.33297724161311	0.0260686996021478	0.263257347022318	-0.260421647342722
COL5A2	P05997	Post_only	Depleted	0.0237487773671573	0.198095603704207	0.264482997148118	0.00248339797225087	0.0477907452297727	0.361107895707259	0.00154160772482553	0.0594170449735561	-0.364111311860186	0.00687304020798019	0.15133072313787	-0.324860215375974	0.0283599448659832	0.243198965798115	-0.256700331876238	0.099239740803152	0.498032703332451	-0.201595331067555	0.340638605022481	0.583165955689433	0.113122948141839	0.0073145683189732	0.20826551402448	-0.322500168771589	0.676407715705266	0.909318183269346	-0.0496767064377039	0.0365677270673731	0.340753978978552	-0.254051807197461	0.268634159656397	0.722815318937575	-0.131176153557168	0.0169769318711896	0.212777546118909	-0.288651633486424	0.684985376888524	0.926968029410605	0.0482857260092056	0.0456995261351129	0.607029141640327	0.24317015219521	0.0865166586416572	0.521826924780135	-0.202028823110271	0.021784674130494	0.282761447853147	-0.277849609825998	0.690207147018705	0.987983438634793	0.0474421124659119	0.330660730261223	0.68342791248967	-0.119762464955738	0.194935487428664	0.972565265309277	0.153447179586569	0.169822764737511	0.608581665048972	-0.168403765800177	0.00631588045815683	0.14129561147732	-0.316819017812973	0.0423880716423278	0.395972493822563	-0.246888871853672	0.586575523925979	0.921906238552426	0.0874700814328947	0.461233949042724	0.760863827410786	-0.121499956672782	0.599003949331422	0.925974479548384	-0.0625636375264008	0.0227219295090148	0.238336462317735	-0.275985163888958	0.043393016519537	0.307164313310882	-0.237121641156482	0.0106996220356762	0.13066797373805	-0.307675518745819
CPA2	P48052	Both	Olink	5.19486427245487e-07	6.39912826288759e-05	-0.54486717374773	1.35488336008202e-06	0.000146869356232891	-0.530872554611374	2.86000877247905e-05	0.00360494128996197	0.463162491296086	2.58060962865694e-06	0.00060812626901394	0.518755218111649	0.270959389968184	0.672774443107556	0.128748424255832	0.102766867004414	0.426164054448297	0.192494489016156	0.00868202988582014	0.219890663463295	0.3010235948744	0.0266967301369497	0.393196405821379	0.259374983095473	6.2217879324764e-05	0.00337220905940221	0.445401875205652	0.000476069990794426	0.0203173177173684	0.398711363009082	2.86371865043897e-06	0.00023517204674817	0.510615018616051	1.89904314169561e-05	0.00125522119853539	0.477967295745969	0.261847170721179	0.731506698903563	-0.131204228459123	0.205258707718137	0.992572927841549	-0.150005860085143	0.0067421986402972	0.145908124968254	0.310294327779013	0.106179411208873	0.621795497663491	0.190644202251762	0.743954748069635	0.985922537573798	-0.0383450829452364	0.619165046123458	0.897772752806084	-0.0591432693863608	0.116047866235757	0.645270020480012	0.183008006950821	0.770495722412945	0.994919135562026	0.0347331926500981	0.000360471403176756	0.0207846277150853	0.401221174718988	0.000282474259860596	0.0228509028126035	0.412954445103838	0.788135279466197	0.982572202818072	0.0427371863085732	0.244827383599902	0.856880677697915	-0.190719562618629	0.162372346981592	0.575201386039366	0.16298398528319	0.128301082146598	0.485133410155584	0.17964945657956	0.109661462793268	0.444611767926485	0.186227371318528	0.14300226924577	0.513633067801241	0.173121053642865
CPM	P14384	Both	Olink	7.64119501582052e-09	2.17975142030249e-06	-0.610576842327958	5.22279905904898e-08	9.76123134484326e-06	-0.585734923375234	1.23819154727011e-05	0.00212066494140088	0.481252574059633	2.89036629129444e-07	0.000120506040760122	0.558137016779359	0.00140789266268541	0.0515593123767223	0.362178900679204	0.000956625184737343	0.0274004056181399	0.378619859791524	0.00924365602364453	0.22366346271497	0.298680367926335	0.022602616856	0.370838268105376	0.266615254879086	5.1247631442429e-09	3.47202703022456e-06	0.612767541626523	2.52677593155302e-07	8.55945346813586e-05	0.560399107622414	3.29373374972792e-09	1.37323360950195e-06	0.618747476823422	7.28370681389203e-08	2.63184606208632e-05	0.580564742170674	0.61860075235144	0.906216586171526	-0.0584170050713078	0.328081979277948	0.998823757686294	-0.116080413892407	0.000299810889951968	0.0275419495515198	0.406151635709547	0.00372596251106336	0.237584903646628	0.335372861504243	0.995177804886457	0.999773735747076	-0.000709795333194902	0.59925273208021	0.893974709941942	-0.0625211264132602	0.056952509100051	0.564783641999957	0.220804625418123	0.311984769687538	0.972745479191146	0.119979023249903	0.0003115779942457	0.0191903719183147	0.405127777075836	0.000128782615654891	0.0142383185607843	0.433262451190181	0.00537435094326153	0.272233477686706	0.422002782033772	0.00161129904295148	0.26464366099385	0.488317535486711	0.000187178379916213	0.0144929545592268	0.418422104470774	0.000999519341638321	0.0447718581130554	0.377313607987296	4.23072993419138e-05	0.00473628561516557	0.454337956835017	0.000199534923765268	0.0108147928680775	0.422100168896175
CREG1	O75629	Both	Olink	8.26373489907332e-05	0.00382815753444251	-0.441401380899977	0.000135065638714102	0.00526658821460745	-0.432066717732886	0.0279385846300754	0.367541574502449	0.253909522144338	0.0923170910416596	0.497374387123057	0.198475708820445	2.63885712448447e-05	0.00264863066938997	0.464946589404869	5.06661040541885e-06	0.000653834009461195	0.505546324293008	0.077957643682375	0.411337686295528	0.20481099849249	0.0449023033083883	0.476331967983401	0.235486177988315	0.00245686458930811	0.0584534040638438	0.344716682723333	0.00561585030096459	0.113418951723873	0.321047474323084	0.0015945955649307	0.0365923250533602	0.35835736872984	0.00567211209130891	0.0998144400483582	0.320690928378598	0.984888970755772	0.996843738841509	-0.00222436086063438	0.842349868643032	0.998823757686294	0.0236836664891197	0.0482670248931405	0.38667567906224	0.228861846080771	0.179496651468714	0.695058885520868	0.158847197552812	0.388685205646487	0.961288785620537	0.10097692737318	0.554920765506286	0.872383798343281	-0.0702281168428596	0.1289057571586	0.665539811064797	0.176918565520838	0.207759530740292	0.972745479191146	0.149190837535646	0.00674863865645113	0.142552651552633	0.3102598586052	0.021925990397057	0.287745442983169	0.267917568516347	0.00535906526463587	0.272233477686706	0.422129508669401	0.0471475809892855	0.683974932598775	0.319851538610399	0.00205439525046477	0.066278703913804	0.35043485422294	0.0100537234042425	0.173538792519091	0.299481329863852	0.000176425209154021	0.0113836265906523	0.419930480000088	0.000221988058338362	0.0117958360411169	0.419322078053591
CRELD1	Q96HD1	Pre_only	Olink	4.8514553379773e-06	0.00042411109567479	-0.503355864646289	0.00474433972242609	0.0811177327935313	-0.327017074996875	0.00652867137782244	0.150908033370768	0.311453940688609	0.0360568265719899	0.310354804774185	0.245816178716804	0.000713687052747539	0.0333464122921695	0.382248966941888	0.00651841142801911	0.0981848121620931	0.315672808017735	0.348206400672816	0.721988787929099	0.109836058927823	0.228521687942256	0.817666461511218	0.142678313010489	2.77199613283914e-05	0.00185484185678866	0.4638565933585	0.00395795703774163	0.094088276949823	0.33330520789293	4.3799119163644e-06	0.000339130322667072	0.502369715636245	0.00447524398617617	0.0839301813324389	0.329057220642867	0.928389399724912	0.990911514382565	-0.0105544421918193	0.486038766623116	0.998823757686294	0.0828228150130813	0.00174373146171114	0.0781076406816066	0.355584530051445	0.186276098635827	0.702008639896412	0.156436189549619	0.811106471330792	0.985922537573798	-0.0280631242794451	0.186534269615558	0.674901872296517	-0.156345640660795	0.255356805999133	0.763815611763411	0.132988889215406	0.538373666161378	0.986791634720565	0.0731787950634878	0.000350886782857153	0.0207447430753433	0.401947046267031	0.0783598354299565	0.532218431115745	0.207358841874948	0.167917653137995	0.816010006341279	0.216774945918172	0.312845600927451	0.884454775186733	0.165886356133193	0.00450848476933164	0.104875482617071	0.324484425303919	0.0442337945198473	0.317967064055136	0.236204882697829	0.000748695117102767	0.0317025588648203	0.380875357751897	0.0417228290630846	0.323104267820714	0.238987221754405
CRELD2	Q6UXH1	Post_only	Olink	0.0113217894319286	0.145757954206777	-0.292908340912385	0.000594337768783242	0.016690729050804	-0.392459443259704	0.44322273848162	0.95301033132632	0.0898681594269972	0.0764246781469205	0.454190521443322	0.208687751029394	0.0535983878380907	0.367260761166184	0.223788402942941	0.000464370157779657	0.0170059882105793	0.399404912774686	0.339336153777264	0.716476970049356	-0.111861111427453	0.77330563935982	0.97988064065282	-0.0342961607434646	0.0114251599614551	0.165573173772958	0.290619904454219	0.00110033347316106	0.0387260222372269	0.374432938150937	0.00408631866188395	0.0696012418960169	0.327852854428836	0.000603068284545796	0.0200840332645984	0.392044234198427	0.0153193682883928	0.392480075573172	-0.279084810833196	0.150351325254579	0.927080981660769	-0.170045528684224	0.0285101796605854	0.309050347520746	0.253020920064461	0.0787216468271254	0.583936897611613	0.207113287856903	0.286119582693323	0.938255246820857	-0.124782444595055	0.0655969606988177	0.552431412323956	-0.216664509751289	0.00702327476539239	0.342938281337178	0.308816181938205	0.675824171070247	0.989266089312206	0.049771575716308	0.0121134784407004	0.196572015414959	0.288355090838087	0.0216973901514975	0.287745442983169	0.268365295263569	0.903511472772123	0.992990850062258	0.0192859877717283	0.641465144858419	0.962657377066497	0.0769569608416153	0.0816536211759696	0.448391719122346	0.20236617411518	0.0505176479226799	0.332879588495502	0.229773777175274	0.013906077204421	0.185642705536852	0.282942007761722	0.00826647951330115	0.146732389439652	0.306903244175674
CRIP2	P52943	Post_only	Olink	0.00393637148660107	0.0735694257150959	-0.331286938189109	0.00120342872896961	0.0292492543094855	-0.371724298795525	0.312499096794699	0.906230660581737	0.118199660836651	0.00541203265700887	0.0958601862777389	0.322366098299576	0.0267062871891056	0.260944352059676	0.255878727364452	0.00430036571578143	0.0776932739317845	0.330442182575448	0.0688698342523943	0.395837223380676	0.211242095628661	7.21663529733534e-05	0.0177791651416171	0.44745568775361	0.00663963316803004	0.115763587045138	0.310847236299657	0.0017392748610833	0.0515129494375492	0.360334975303005	0.00519935191308741	0.0811833976358837	0.319532673399684	0.00231939303549144	0.0544203907028728	0.351137249096226	0.899807224408016	0.989442635004577	-0.0147857926187597	0.884612157709653	0.998823757686294	-0.0172826297661079	2.49867704642003e-05	0.00677141479579827	0.466151023499265	4.75636563510763e-05	0.0429658362371389	0.457298598752708	0.593022672781789	0.976079072595515	0.0627066614774803	0.375790452700197	0.790983810469108	0.105188453123965	0.0972991398010112	0.618897362986897	0.192896967484134	0.00972651749431958	0.964412807942649	0.300748918035807	0.0614151418413717	0.435124272915339	0.217049123351385	0.0653044733859382	0.492281287554638	0.216894260222444	0.00890059591623301	0.337351257804076	0.398772212405805	0.0515968357136967	0.683974932598775	0.313969571366106	0.239035822869561	0.642521297656605	0.137617887399526	2.45658627275069e-05	0.00403475684797235	0.472305341460713	0.103309056300074	0.432198248764629	0.189576954811445	0.00361996305985256	0.087437589339376	0.336355951234405
CSF3	P09919	Pre_only	Olink	0.000192055187248721	0.00717935423846935	-0.420401766417174	0.0128213411693548	0.154769864449672	-0.289996152202389	0.0146929088957833	0.249872644535636	0.280754946533625	0.0194035265857333	0.21117894396521	0.273095902072054	5.13558538450299e-05	0.00456309389901741	0.449878336526595	7.2497463573102e-05	0.00473417171766522	0.447345922416425	0.645214027193999	0.891900874966182	0.0540335200201813	0.917443368932978	0.993570913753159	0.0123444702510667	0.00164305746344545	0.0430211181249967	0.357431597746348	0.00710685012498315	0.133746971102113	0.312511873588504	0.00034607020512369	0.0105376433245528	0.402318701460213	0.00267041182969966	0.0601595124451844	0.346533371636889	0.329793125059144	0.784670209754417	-0.114077250945745	0.305503075015796	0.998823757686294	-0.121585365015231	0.0110021145945074	0.19578576853336	0.292071430347691	0.113728653454437	0.630389713612108	0.186709216073204	0.0434575486144553	0.775896165174687	-0.233850961967835	0.23611539125896	0.707823794592679	-0.140399959899967	0.0409518289226657	0.541393024950237	0.236633802775111	0.138503651195265	0.972745479191146	0.175062685409599	0.000812168969582383	0.0367511862460524	0.378527387053339	0.00309838759217257	0.0895216912438066	0.341602316224376	0.189921961405398	0.829762157262712	0.206304492067695	0.380948203478587	0.899537159717527	0.144253897788803	0.285553951676654	0.683010775855016	0.124927873845204	0.304537763341184	0.653561854954179	0.1218264793939	2.31441408719283e-06	0.00052267184802438	0.514667974793524	8.14576392796595e-05	0.00596622168778047	0.444538992234213
CST7	O76096	Post_only	Olink	0.00378466493486094	0.0714734632297781	-0.332625274024241	0.000576337853117933	0.016269537311975	-0.393333322570666	0.0203219921846026	0.30595888233485	0.267520715560316	0.00175753470192682	0.0481102933557746	0.360005921221664	0.000235475177071654	0.0148404123224229	0.41250190477616	3.31410215797931e-05	0.00272158086306786	0.465591507660036	0.625156657267664	0.883530358020691	-0.0573299674850698	0.72632029804403	0.97242996857565	0.0416686636801488	0.000156358785675573	0.00718190354543734	0.422986929074149	0.000350399046363798	0.0156955605891883	0.407151078972789	0.000233544290540224	0.00853034252942798	0.412716165966316	0.000192858050981193	0.00885839522303444	0.422981830295983	0.221643330224251	0.708413954768805	-0.142797926427256	0.247407149163688	0.998823757686294	-0.13710395866248	0.0221032463163303	0.272271806896615	0.263990698982612	0.0629354397447787	0.559612505782971	0.218786434770813	0.0234591532558172	0.657250210025025	-0.261462654182464	0.00150290134114312	0.399788466877322	-0.364901519503988	0.157668811873199	0.704762626839371	0.164804114209512	0.510710463852892	0.986791634720565	0.0782135811110254	0.0129796233054335	0.200998738044142	0.285658758037168	0.00486850008555138	0.120874146954776	0.326110123709396	0.881806309564613	0.990862328014906	0.0236523947039756	0.859604619546482	0.986336669149293	-0.0292693118701542	0.000458830021763217	0.0259047783120483	0.394648007582593	0.00104558159579872	0.0457020342679763	0.375966255522784	0.000316886292864818	0.0170051852210625	0.40467745740413	3.47953797734138e-05	0.00309165505527709	0.464485802969586
CTBS	Q01459	Both	Olink	6.8259598530509e-07	8.04276139207302e-05	-0.540080090629575	1.57156824447159e-06	0.000160715092170491	-0.528123687182987	1.3282351863918e-05	0.00212066494140088	0.479774349302844	3.7270327604843e-05	0.00336892316550143	0.462919626076379	5.97724561725452e-05	0.00522526955572895	0.446342578865235	5.39855240938016e-06	0.000680468699042802	0.504274990608929	0.00389115085151634	0.168335770037666	0.329515844488707	0.0280559856976491	0.397808532872612	0.257179067448298	5.75818594947436e-05	0.00328519661538432	0.447216060016691	0.00011908351351458	0.00732766396430931	0.435218351567597	5.39815638267769e-06	0.000406361216584904	0.498233351827167	1.46444875712152e-05	0.00108730304980803	0.483583319133483	0.246015973249746	0.722615126421236	-0.135612423947918	0.338344164734188	0.998823757686294	-0.113658166072442	0.0022389294170409	0.0885766236522751	0.347698717251729	0.0423372258945987	0.5065513561782	0.238293878649603	0.513162408939877	0.976079072595515	0.0766850381845054	0.90838811689374	0.978003983576236	-0.0137040496445113	0.21251952298421	0.739990636004849	0.145629873200815	0.63507893220798	0.986791634720565	0.0564770195517453	5.33815928442411e-05	0.00628974420034319	0.448980717267679	0.000121609359317899	0.0142383185607843	0.434695228481018	0.00134319003134283	0.184842477695001	0.478660270316278	0.0321133302837225	0.621622321920628	0.343802687831585	0.000341365860720832	0.0222916019892399	0.402686298219478	0.000196631050054879	0.0174711523163516	0.422480231656734	0.000260874203788914	0.0147285227555825	0.409824313236676	0.000634004965834389	0.0250825322249809	0.390615720898409
CTSA	P10619	Both	Olink	0.000584491379873986	0.0172170830375924	-0.390400100370846	1.98756740497053e-05	0.00118942163258287	-0.476972444422396	0.00311521651890443	0.0917634431112065	0.336961837829005	0.0018648457705949	0.0502858909284795	0.358132055930837	0.00267121198463355	0.0772713072457095	0.342006587035191	0.00250008337390775	0.0555346388794263	0.3486949680367	0.657454665014743	0.895140471125039	-0.0520422753171747	0.207318814404976	0.795507414764037	0.149333959916157	0.000893651031942352	0.0269088255173753	0.375746382864434	0.00288534535184658	0.0759153971214003	0.343975192128399	0.000684704398486957	0.0182812701467946	0.383433351022953	0.00128412183129757	0.0351512137658224	0.369746896457323	0.113619674316642	0.622593409490732	-0.184215550351237	0.388345365202381	0.998823757686294	-0.102464680670107	0.100717784359927	0.529142489549157	0.190989433412435	0.179504511878976	0.695058885520868	0.158844364130794	0.764578645774877	0.985922537573798	0.0351600964304838	0.212575642965431	0.694159391074215	-0.147640659042347	0.0579762461185761	0.565462974032879	0.219922494148633	0.451489935684369	0.985164364684928	0.0894917611946738	0.0100099961405092	0.177301238828627	0.29567607325501	0.00334892938909008	0.0940476543464676	0.338991325713068	0.15079386660954	0.799709155600493	0.225631522339799	0.262633945834368	0.870012114057869	0.183820488175088	0.00768658527852017	0.145161296897489	0.305524081891055	0.0224273277736131	0.240436622711182	0.266949418757826	0.00255321480337811	0.0709662781246635	0.343473306484648	0.00616491707807302	0.12218551630076	0.317694635801175
CTSD	P07339	Both	Olink	2.17910891969212e-06	0.000222844723485496	-0.518865912723953	4.46488706129383e-08	8.64274566864734e-06	-0.588141278044792	0.000423360324112865	0.0250776816771079	0.39685507398827	9.27574711385044e-06	0.00135877160424512	0.493219098700023	0.00137970961529163	0.050870925951569	0.362795081486563	2.88426982363047e-06	0.000434242845668809	0.516614859227907	0.00383069968263004	0.168335770037666	0.330045993619984	0.00390484059912465	0.169983213267839	0.333768909792126	3.46715884332327e-06	0.000368470606486512	0.506931097772422	2.22588869143776e-07	8.04287780506177e-05	0.562517183043561	1.31307536352622e-06	0.000129516031443333	0.52520675015602	1.49918381164964e-07	4.06278812957053e-05	0.569026619025127	0.986488215946969	0.99742825824731	0.0019889267862433	0.715251120641373	0.998823757686294	-0.0434275098496995	0.00362284647285381	0.114553603601848	0.331927493354819	0.0368429917858348	0.504252261067154	0.244817482596649	0.620115347086269	0.978384953730073	0.0581654356046879	0.260176061215569	0.725015039479889	-0.133498672143	0.0178762133735265	0.460471381960172	0.272825807520248	0.103620385893859	0.972745479191146	0.19202728189038	0.000428261877311768	0.0229819740101959	0.396540234377299	0.000516228986397151	0.0329171894855595	0.396443614479612	0.0828669624210631	0.712918946543114	0.270753606707471	0.456174664377428	0.915804627079302	0.122865476637121	0.00109265201693972	0.0457861226222972	0.36981721606152	2.01674683326872e-06	0.000910897319693037	0.523447309085875	0.00325287933861849	0.0816231759968159	0.335528178671105	0.000183963350502746	0.0104312098949251	0.424201003114024
CTSO	P43234	Both	Olink	8.18799764096444e-06	0.000607930783753798	-0.492786190071987	1.56748078467014e-05	0.000987877424757229	-0.482123480959692	1.36943308024042e-05	0.00212066494140088	0.479128989602532	3.92401129513255e-06	0.000801327922807852	0.510615104617537	0.000187586303998627	0.012708972095907	0.418366468595723	5.31052168629997e-05	0.00377708364855119	0.45472583333889	0.318395221624229	0.695847621452952	0.116778143912633	0.551732548201184	0.961849601560122	0.0707932965589224	0.00328655107373486	0.0727065584475223	0.335185763562487	0.0226645641027524	0.27605094608873	0.266497688241265	0.000578063969680674	0.0161135586245265	0.388224747790398	0.00386699225867457	0.0764930585475042	0.33410275549024	0.834632426676639	0.970304534427856	-0.0245141159666573	0.635428018545184	0.998823757686294	-0.0564188479695013	0.00966877830604713	0.180910189877655	0.296988033929141	0.0601873767700183	0.554473049097174	0.221054957365701	0.47728332191994	0.976079072595515	-0.0833186826928178	0.332984601872134	0.773894954509023	-0.114917335769901	0.925579879585461	0.991486563798562	0.0109696867268418	0.568144588090115	0.986791634720565	-0.0679002393450008	0.000281876188271358	0.0186313285418385	0.407785333294852	0.000365496314716424	0.0271368496679866	0.406002608782508	0.143139061932961	0.797451733975913	0.229830081602555	0.793567424255238	0.976383901154727	0.0432913584714027	0.000454266804426079	0.0259047783120483	0.394923025663525	0.0109306057713544	0.179526919032549	0.296253460595313	5.10405523247218e-05	0.00519770806462828	0.450020994497486	7.25646024633019e-05	0.00538767322398762	0.447323722022604
CTSS	P25774	Pre_only	Olink	0.000347094121623637	0.0116126551802476	-0.404799259516667	0.20303399599038	0.67264318965028	-0.150736855624506	0.000114337022723309	0.00953394866400517	0.430777187252991	0.0589735757347492	0.395381596080891	0.222083781740037	0.000518944648010576	0.0265347169077106	0.391240778544521	0.0172322176181369	0.181005076531593	0.278037033427443	0.328904325389106	0.706748923368789	0.114285707290985	0.734859646684512	0.97242996857565	0.0403178784811596	0.00014159451214656	0.00673194961258205	0.425476068513041	0.0996929903136899	0.55060004108081	0.194202551423832	2.05129839636527e-05	0.00112303407154543	0.470466928999754	0.0760612427118388	0.464314435223402	0.208940316310133	0.854262981388685	0.976875520780636	-0.0215695804756158	0.582491854875604	0.998823757686294	0.0654030888505117	0.0011673354420916	0.0607892569611648	0.367842750998878	0.431357037586945	0.84247123028852	0.0935082436162661	0.390049595021993	0.961288785620537	0.100688272438558	0.451377731059905	0.833910088586827	0.0895138656801536	0.042876014998822	0.541393024950237	0.234484731282855	0.21635974696024	0.972745479191146	0.146439987600651	0.000565130866582842	0.0281010027236606	0.38885967504739	0.138267654550645	0.666128230071856	0.175165846631646	0.952166823017096	0.997622080356309	-0.00954385229031836	0.264832798504568	0.870012114057869	-0.182990372886181	7.24840170603556e-05	0.00770320338170838	0.44179347035352	0.0328747687256925	0.283013409514035	0.25005411952123	0.00120253263260088	0.0428797820308997	0.366951569894216	0.0524313487121845	0.353083178607066	0.227946130765705
CTSV	O60911	Post_only	PCA	0.00542653095409499	0.129511117126488	0.326684139962089	0.000297688554471697	0.0143913810552411	0.416967094813564	0.124095119700314	0.761495173027361	-0.18290114350535	8.91733914402371e-05	0.0158569415524225	-0.448064894241949	0.0553491426191349	0.494942911166483	-0.226834382856524	0.00366227353922763	0.125900825893003	-0.340537058576714	0.292171991314097	0.631991567346949	-0.12584886945064	0.279145697902612	0.772889944279427	-0.13020171586881	0.129337008760035	0.649624521271996	-0.180434598603475	0.00857726819693422	0.174592551324437	-0.309727131214316	0.119252373219247	0.675763448242401	-0.18525159196738	0.00236884526410772	0.0689007833590993	-0.355198249975612	0.416175921404524	0.839713055593787	-0.0972968179315166	0.69230982031305	0.956997989011509	0.0477849484736633	0.105366405067868	0.754638095555517	-0.192424832191754	0.0554810847201588	0.656133837388318	-0.228320059000678	0.453641190719116	0.926879706930494	0.0897044338759636	0.632475818853507	0.909265921226119	0.0577346503688133	0.344430426750193	0.971919784765646	-0.113042793939297	0.608429781804311	0.902436119320488	0.0618401562999189	0.0907864747530053	0.76966141267701	-0.200795956209675	0.00219229137507019	0.113049158574453	-0.357734374413027	0.632376389424481	0.993651446499619	-0.0769807699483536	0.374936301197458	0.892396827590533	-0.146064241238713	0.209779521963066	0.764334702305102	-0.149590345246199	0.00133923782942552	0.0796846508508187	-0.373410865348643	0.000835062164274906	0.0587200530969673	-0.385162135424423	0.00231279274471164	0.0977750876305992	-0.355984529974833
CTSZ	Q9UBR2	Both	Olink	6.01127765757616e-06	0.00050124807544712	-0.499069416590621	4.58364517469629e-06	0.000394338997569109	-0.507542951181096	0.00064023877950596	0.0327367375936067	0.385342295874953	0.000777059633960672	0.0277083106320187	0.384738973059374	0.000735491434237786	0.0340714835347761	0.381386430014695	3.70594427582153e-07	9.56486570235843e-05	0.553910177337391	0.0154186754028241	0.254784209400325	0.278825487808896	0.0651839393744672	0.535834112276588	0.216989182057367	0.000215015545911499	0.00939826015193808	0.414859298013622	0.000176231111316891	0.00945715468651041	0.425305728414008	3.58066027249404e-05	0.00173278381043908	0.458127527048021	6.28968819575323e-05	0.00358843263378763	0.450734853672196	0.632532301665171	0.913463112132131	0.0561127450300793	0.341686838024179	0.998823757686294	0.112879182014639	0.0396692445644141	0.364020432547601	0.238113292060144	0.187099112471188	0.702436695254945	0.15614784759603	0.865441530128661	0.991148687402488	0.0198988584900601	0.252505733676627	0.72068513771844	-0.13564950865831	0.379790306784372	0.819181950827975	0.1028737833964	0.542409997938738	0.986791634720565	0.0724550196846014	9.34896999694258e-05	0.00938359581174607	0.435689220515503	0.000146445077612724	0.0144909866631742	0.43002599354696	0.101191011368217	0.752267205394002	0.256409356213808	0.422516032681869	0.909158591268565	0.132168270775806	0.0130266409340337	0.190410782696093	0.285516901235763	0.000476085534426745	0.0286709288510329	0.398710451999342	0.00148817077269372	0.0504117849249998	0.36048285790115	4.01879322733663e-05	0.00340341551440071	0.461192903451348
CUTC	Q9NTM9	Post_only	Olink	0.00353799633621839	0.0678438635079161	-0.334906851086455	2.2064664465579e-05	0.00128591915487568	-0.474679323802899	0.00875440825282516	0.181796523870929	0.30071429992993	0.00021880234361571	0.0111878179471429	0.419700072098478	0.00385387841770069	0.0916141272979725	0.329841845216803	0.000970641675033738	0.0274004056181399	0.37818727889702	0.685394898989432	0.907164921250969	0.0475505292576215	0.262000445702802	0.847786516841305	0.132993447226383	0.0355068627632741	0.329346948130114	0.243205998838308	0.00144331939238393	0.0454575994863784	0.366154524634325	0.00736335986213007	0.103930756387357	0.307095724958955	0.000324716264113372	0.0128464390620035	0.40921315500386	0.103584079081434	0.61090936737908	-0.189428668381599	0.152981131102993	0.930408886662632	-0.16897227242967	0.00480672214212938	0.129132293233836	0.322269690250708	0.102810821895707	0.618092314515872	0.192470354970106	0.866838711128855	0.991148687402488	-0.0196903226827059	0.193100020953754	0.679381450845734	-0.154072631833984	0.337894320921287	0.804476356713032	0.112193400309823	0.891736126885477	0.996490931968062	-0.0162089233549756	0.000273297251259344	0.0185158887728205	0.408600800008636	0.000503462111741741	0.0328766824775932	0.397146557193473	0.0472520377284238	0.637523738300038	0.307951447677696	0.0422203824798828	0.68331702469036	0.326912931355255	0.000388037621902492	0.0237606797661429	0.3992278757171	0.00150347712531873	0.0574993952763565	0.364889630864095	0.0016980639898593	0.0533264873643721	0.35641015542173	0.000350704861969328	0.0168214190431306	0.407127369500145
CXCL10	P02778	Pre_only	Olink	0.00119824883970184	0.0297913243632292	-0.369433738413516	0.0113396106120085	0.14393604102362	-0.294824351308981	0.0389884322851943	0.436107675533566	0.238914840851415	0.016303036598961	0.190847642259976	0.280316483945003	0.0597285353304717	0.383259229521717	0.218441570351588	0.00594362980813217	0.0936579665674424	0.319012926076025	0.0138674950213304	0.24970705320801	0.283051976089978	0.00220154886248624	0.128699694190377	0.352823665579048	0.00244134567308848	0.0584534040638438	0.344921022412853	0.0118884610596575	0.191448782764901	0.292975385580368	0.00057973135272743	0.0161135586245265	0.388143835228933	0.0039679963907277	0.0779222479628411	0.33321818716736	0.122346539075679	0.633956254101508	-0.179963786891704	0.145379413715736	0.922132537663621	-0.172113542600911	0.000147365720496169	0.0173635261975921	0.424475816774795	0.0025722992909947	0.196109064546262	0.347762880480046	0.741351133370362	0.985922537573798	0.0387490892708763	0.897082026749251	0.976342286140751	0.0154040538537484	0.000113105750959136	0.0875761671712165	0.431043309329175	0.00101868453801556	0.61347446622715	0.376746318779921	0.00321185260963847	0.0853345154129437	0.335949687873016	0.0127002616994877	0.222768344372891	0.290372005731553	0.0221947876627733	0.495044235112064	0.35213408899864	0.00187491372386612	0.27745765089704	0.482308975414082	0.0209742303639398	0.24606131725661	0.266198577386466	0.011935190006291	0.184298375595719	0.292821410230298	0.00888618541558281	0.144200972911553	0.300156875897416	0.00145537140239584	0.0489944906893505	0.365897355697014
CXCL13	O43927	Pre_only	Olink	0.000673629506190762	0.0193989194252947	-0.386363027374651	0.0541293446026705	0.371839097270563	-0.226369642541379	0.16969020964944	0.789768459645983	0.160228088773338	0.113094023424186	0.547917514189363	0.187032107088691	0.0315598767363059	0.283494938710197	0.248518943520005	0.00713925170784159	0.104090830200223	0.312344592551578	0.117028076257717	0.470917941566258	0.182526054911357	0.199151889310656	0.789226857868045	0.15202623665402	0.00200897791545521	0.0506449316361267	0.351142049128436	0.168652700222781	0.639683610482452	0.162845462202378	0.00102514659791645	0.0259639932743326	0.37171003539288	0.103657722913948	0.524537216155869	0.192006912456776	0.555916141771863	0.885176394523683	-0.0690813867393125	0.472641275984138	0.998823757686294	-0.0853775017616321	0.000131317334250253	0.0161759079917357	0.427354225443068	0.207876640060617	0.714476085706722	0.149152842599158	0.587494875147235	0.976079072595515	-0.0636444290585297	0.0804503092849067	0.558071500544942	-0.205952328989299	0.00523239190816986	0.322608394648677	0.31931078503977	0.330512200809238	0.972745479191146	0.11550251233803	0.00298033861377137	0.0828381296750811	0.3384224374363	0.0391956664021092	0.380717763260631	0.241931296966999	0.0534557719749272	0.662345583120123	0.300140935479925	0.133769038041835	0.794850434434992	0.244390460207147	0.00212072293333594	0.0678442715635579	0.349426890870931	0.0293295484187192	0.273137718950959	0.255201573640259	0.000770745072065296	0.032029814577347	0.380039866912834	0.0134923951134845	0.191436600824832	0.287967122816361
CXCL8	P10145	Post_only	Olink	0.0132147479556064	0.161679309073108	-0.286855503488412	0.000668230644996332	0.0182424057962636	-0.38910745507482	0.0118733258165874	0.22008183113146	0.289132282838018	0.000391565833430647	0.0173957935835582	0.404117939742522	0.0621574266308454	0.389418110776329	0.216446111259794	0.009587755299881	0.125534988078319	0.301297739176423	0.140077031519244	0.509541953580068	0.171992878531993	0.387541571169681	0.916716820628844	0.102637468392902	0.0321181346402552	0.311413756261508	0.24773479089313	0.00299881570918088	0.0770315422540108	0.342692601457904	0.0376750107998797	0.307891021939883	0.240494668684159	0.00343420495054862	0.0707733491710019	0.338142285200933	0.882154429483173	0.987255215320834	-0.01740821907284	0.958819965658788	0.998823757686294	0.00614943844957	0.0100112158437102	0.183462442442982	0.295671454003775	0.0106308694198756	0.367001988889974	0.297330604259211	0.406299493503745	0.962575258765517	-0.0972953976710446	0.178001776452844	0.663904525348511	-0.159387701004343	0.00578196897215151	0.336970664828615	0.315790676543591	0.746455503641291	0.990133247466204	0.0384916736692928	0.107733775817974	0.570788919778514	0.187227551490896	0.0281482203254504	0.327389172025625	0.257033337567869	0.00605055483438112	0.278426725634262	0.416687239851661	0.186875006954851	0.835444177231088	0.215871466423367	0.186648830634355	0.596393385812811	0.154160827517647	0.433749205455388	0.742215300072832	0.0930255671580477	0.29236535034897	0.643243513344082	0.123189076085502	0.0331176628691147	0.29516439579544	0.249718798843409
DCXR	Q7Z4W1	Both	Depleted	0.000119572276265262	0.00429756828223971	-0.435116331181719	0.00010920625173432	0.00434426116166626	-0.437367476974484	7.85044861289247e-05	0.0140550953801778	0.442635748029707	0.000434929257534024	0.0322111244064592	0.401223368827626	0.000203247929657425	0.0119533019327685	0.418940838049718	0.00803791089914458	0.113552914667684	0.30795159830699	0.176529851638036	0.410113077379619	0.158815277935474	0.239795047583039	0.594047164322128	0.139314180895313	0.000219673098276885	0.00976147367615832	0.416925595868698	0.00969118272201649	0.154805559298093	0.300888019886873	0.000158654630781014	0.00731607391752449	0.425280857761103	0.00373337121838986	0.0691805912458835	0.335305083727334	0.435341772072289	0.853356807634897	-0.092057306903151	0.0929260212971734	0.74904303017686	-0.198112989706618	0.227044943256	0.742145837362518	0.14213338746094	0.474950738668282	0.897306255269212	0.0849343854316704	0.0933972343839054	0.817972152890787	0.196472634541909	0.207768029800684	0.584771305589629	0.149188079589808	0.446641435353923	0.972565265309277	0.0898175892626847	0.978782790161403	0.990706179070013	0.00316736631503801	0.0083223536973278	0.169498603635576	0.304602651655279	0.023198359915599	0.306469143966076	0.265495787598119	0.197501390916577	0.737627691840991	0.205460323110886	0.20454893455035	0.550746804132714	-0.20768768819752	0.00223468339582557	0.0619078233040027	0.350027970845493	0.000275980630176096	0.0140520137531329	0.413574556045893	0.000455789287091549	0.016381603200761	0.397353005651293	0.00525761122353333	0.0829006569697771	0.323394686477547
DDAH1	O94760	Post_only	Olink	0.0848757830302921	0.488643610874139	-0.201672579675495	0.000837310212398562	0.0216693489398642	-0.382554471744436	0.237055444082745	0.861730722286033	0.138194213459686	0.0105742368595783	0.145462852230747	0.297537083479183	0.972623022591391	0.991353078991871	0.00403046122090905	0.336952786520495	0.695187115000751	0.11398384046497	0.191503380415946	0.566687149324605	0.152498088075357	0.0229207237103189	0.370838268105376	0.266014418055325	0.183130980599656	0.677937630370169	0.155385381254858	0.00879222925697614	0.158664131378379	0.304584961931255	0.204912235252144	0.687893906676376	0.148057578985341	0.00642317051066398	0.109133492689024	0.316207852146011	0.54264901403309	0.880996234713411	0.0714091103186966	0.405788635613213	0.998823757686294	0.0987659946597851	0.753667531723768	0.948868297779982	0.0368418146186675	0.246827848517267	0.742470410961913	0.137270506638668	0.303167686951613	0.946415037954022	0.120485242536503	0.51638929372607	0.859261845844594	0.0771690267069219	0.314258902618427	0.790458671732419	0.117773589438508	0.7849238866132	0.99498445719098	-0.0324938766761442	0.420866321145589	0.844130876632232	0.0943208003505507	0.0479499000156766	0.423961595570909	0.232317446266898	0.0657671824537704	0.681123819119853	0.286580029883836	0.0561838093048219	0.699304333441911	0.308317212761402	0.0995281040958776	0.485577639538219	0.191647429310044	0.0455954346311109	0.323028078707234	0.234750267065214	0.357786025409369	0.693960050981998	0.107684798594229	0.0508900706878653	0.3462055691954	0.229413708128253
DDT	P30046	Post_only	Olink	0.135002276962395	0.591521698574113	-0.175387140129139	5.16237799913861e-05	0.00246535966438806	-0.455388294374238	0.147101804391116	0.756440350356382	0.169045456027239	0.000108673579472135	0.00684896279929038	0.43748841236534	0.311749117446956	0.704326893106503	0.11838171064997	0.00218754324977416	0.0500273603956792	0.353029445253234	0.763077626152994	0.931085261987669	-0.0353910204408633	0.00489192185117042	0.181125782669324	0.325941335340166	0.0775018315968603	0.484946701184716	0.205118868053835	0.00230946018588047	0.0648563430438971	0.351276392925358	0.0838294825550174	0.478403772689602	0.200967746440218	0.00126322905391928	0.0349321503685841	0.370247864970312	0.0269917135285253	0.482822070378241	-0.255415887977342	0.615909214460027	0.998823757686294	-0.0596923212991089	0.063137174753133	0.43098675964985	0.215659059100118	0.0239925934688876	0.442404905487157	0.264040723895554	0.599272566749748	0.976079072595515	0.0616511033203121	0.713191770338091	0.92520330187469	0.0437557478072619	0.16885933256131	0.711467101977693	0.160536540602999	0.793101057665112	0.99498445719098	0.0312297717292051	0.210747695132528	0.717215067028115	0.146189739080845	0.0106573204944553	0.199870854947916	0.297234492880764	0.0218531962162567	0.494141980281197	0.352982236104885	0.00325852928823927	0.315379084683158	0.459429629283711	0.0329680594867273	0.306518692170621	0.246562634357737	0.000606646273910482	0.0339279234807308	0.391875650549296	0.342881736534049	0.685951111883768	0.111047738037489	0.000723129820613589	0.0277969051611748	0.386828965495398
DEFB1	P60022	Both	Olink	0.000115957745978775	0.00498802367622986	-0.433129926719935	2.91117384634843e-05	0.00161005737216413	-0.468515499816936	0.0856435363423394	0.621402900904257	0.199823686871888	0.00279834736004528	0.0657201808943725	0.344989440894994	0.012368335701371	0.180961049517007	0.287544800993196	0.00121898085104516	0.0310181981815248	0.371334054537686	0.0173274092477163	0.260502338315468	0.27410116768689	0.000104545956227675	0.0226655633101599	0.438444526926757	2.53792383803388e-06	0.000291978463212856	0.512919890727283	1.52683713819816e-05	0.00147776023018465	0.482688346678052	4.05068009074933e-06	0.000318183856403788	0.503902306341858	1.6711920343518e-05	0.00115632486358851	0.480741757026799	0.834014135239878	0.970304534427856	-0.02460709434948	0.494727925028102	0.998823757686294	0.0811858582628749	2.75154029417413e-05	0.00710159447353512	0.464020851483418	0.00150814411996628	0.16298099487522	0.364793419161898	0.619512297902375	0.978162030445581	0.0582655687128191	0.552748877708098	0.871574766891244	0.0706129606890762	0.00274751991821299	0.270650591856575	0.341088647685912	0.0651528830459152	0.972745479191146	0.217013662202884	0.011292739166168	0.189494260930745	0.291069160479901	0.00684275070414981	0.146015227158255	0.313900921124172	0.00104686232211839	0.173352813184062	0.487900128754647	0.00372722177069622	0.321500085604018	0.45362357189176	0.00126339675412066	0.0488218415612576	0.36546474299265	0.000921200493312528	0.0430256076982669	0.379739303558158	0.0246290306931086	0.237239165292124	0.259379386320208	0.00260641686345443	0.0709452654003316	0.347330646155376
DEFB4A	4	Pre_only	Olink	0.00158768735282462	0.0372522313952789	-0.360819558811212	0.0454394903716847	0.335534111463939	-0.234915027433337	0.121656390454739	0.718084984902237	0.180291397043924	0.18788265421562	0.649132013550526	0.155874185218806	0.00544601082376296	0.115302260409356	0.317905368775788	0.0189055615052655	0.189816474441451	0.274185600522019	0.33332258207268	0.709865774001543	0.113252958285922	0.342418460845412	0.890123768720448	0.112709320865513	0.00532654154623191	0.0985319289439486	0.31868522921394	0.144147232732038	0.610306410594602	0.172634225058437	0.0033805202463121	0.0627480127911356	0.334246458711881	0.107852422913087	0.532224046140777	0.189753914310231	0.967327028147604	0.995688391856826	0.00481053439951421	0.897944026488707	0.998823757686294	0.015274338049941	1.53062367541472e-05	0.00553065354716518	0.476766853637382	0.0176141399011758	0.421884057138972	0.277130616655143	0.917563501405447	0.994207283659295	-0.0121552563610721	0.879021571258523	0.969938008279302	0.0181261884614514	0.35649851497146	0.812882604604676	0.107971840116014	0.924649000910559	0.996490931968062	0.0112637300855621	0.0181314179156676	0.244523493599132	0.272244151058631	0.174497935805071	0.717042313922279	0.160667680278836	0.556191443858213	0.953852297060656	0.0934293078729371	0.44011067687665	0.911485448312522	-0.127256442114963	0.00253125671398717	0.0762189521656137	0.343752926211315	0.0154731023499307	0.206353332669816	0.282448960977205	0.0147273246941513	0.190929069621235	0.280661614402182	0.134487678548372	0.503052600229245	0.176836591310161
DKK4	Q9UBT3	Post_only	Olink	0.00261651401521382	0.0539220759028856	-0.344919199683544	0.00155561113180155	0.0354261022452286	-0.363829826200351	0.0114968223216475	0.217562880970389	0.290378664114262	0.000951367692467653	0.031634434927452	0.37878360067454	0.0555629246544637	0.371983326584138	0.222022905734721	0.00334956456280357	0.0663052742320426	0.338984930781222	0.3196952594203	0.697770571637225	0.116466993149465	0.528886748846546	0.955840673140473	0.0748905355379042	0.00459081393014247	0.0907112746247897	0.323860361137853	0.000692720366007337	0.0276069439982336	0.388070791635058	0.000679762853093272	0.0182391815037898	0.383639827460617	0.000210735582284517	0.00943956079324034	0.420680314250595	0.358195119414702	0.797461612795733	-0.107593727270398	0.274068799745197	0.998823757686294	-0.129709701098945	9.69547697778645e-05	0.0143758055574827	0.434806708439865	0.00681493480320666	0.299442453069898	0.314049951351536	0.856337368517118	0.990612788917846	0.0212592335771799	0.968486911849522	0.990999898025162	-0.00470501957994446	0.0703812967163338	0.583282306120075	0.210127075385319	0.876214017296744	0.996490931968062	0.0185501512719877	0.000409083921367483	0.0228353198543933	0.397791453349028	0.00247777714032652	0.0775255351131011	0.348987747158325	0.67197028154818	0.972064809029716	0.0672957869207145	0.486641227506623	0.924272980621483	0.114759778183636	0.0420183095701326	0.341200048732211	0.235432593617188	0.0435555028873394	0.317967064055136	0.236943333495508	0.0164340212998422	0.199267103904127	0.276253515893845	0.00251045482607106	0.0701374492644595	0.348559633838912
DMP1	Q13316	Both	Olink	8.40887748783943e-06	0.000614405744173944	0.492239131224798	7.32118963637858e-06	0.000522116418804893	0.498099833143634	4.17012584449715e-05	0.00480895363344139	-0.454667476737537	7.28863929391509e-05	0.00515616351567556	-0.44721758078406	0.00316761166822384	0.0845736711417399	-0.336409637909548	0.00409274883762431	0.0754513561221896	-0.332152846736141	0.0128330339677584	0.244132366294757	-0.286103908041154	0.0885078323264456	0.603326418305778	-0.200788497624096	0.00247336567222502	0.0584534040638438	-0.344500675391307	0.00295826980421202	0.0767168532958333	-0.343145849702276	0.00163559573420187	0.0369008340253826	-0.357572523573135	0.00114473933405282	0.0326551957398226	-0.373239257987247	0.45990364283589	0.840395278833766	0.0866273939512757	0.284819555586961	0.998823757686294	0.126864998629904	0.0153690339475864	0.231389344433106	-0.278954937181813	0.00616865900888136	0.294493001414865	-0.317672704640745	0.771710826663065	0.985922537573798	0.0340646504339198	0.675580624467504	0.910327935427586	-0.0498111792636395	0.332158712003275	0.800619040633884	-0.113524163011737	0.258095960258909	0.972745479191146	-0.13407764886069	0.00354687734967446	0.0915432154058836	-0.332639222619153	0.00157707740286028	0.0659546187085096	-0.363402729364051	0.299897347845562	0.886093677765925	-0.163819123465489	0.237311849815447	0.856340460912515	-0.193732593539654	6.48846364447519e-05	0.00770320338170838	-0.444414317409623	0.00017556039162856	0.0161277512309626	-0.425403646653317	0.00019100418740605	0.0118993413303539	-0.417904636762157	0.00034189843995364	0.0165454423620422	-0.407817817794922
DNAJB4	Q9UDY4	Post_only	Olink	0.278727606872963	0.752339726192628	-0.127573924848307	0.000244150813443123	0.00827618176635059	-0.416822408121471	0.8471842731619	0.995642978812518	0.0226297439257229	0.00675336815303134	0.111256095408601	0.314381720778078	0.327862956068724	0.717083796824664	0.114530402292438	6.38155667028153e-06	0.000768623047842798	0.500899044276679	0.705072241281309	0.915765558797949	-0.0444280067756569	0.344692696300093	0.891767903397731	0.112182755809796	0.412558671705484	0.848036206580965	0.0960097961178844	0.00578776142932898	0.114487835572858	0.319967724765211	0.540225531833169	0.888797391192964	0.071837283084785	0.00609481425127731	0.104207865116476	0.318107686821788	0.273518958258107	0.737726022645672	-0.128068616551155	0.817470281952236	0.998823757686294	0.0274823214776259	0.4881376667595	0.858860311586428	0.0812850191744325	0.0171450924108951	0.421884057138972	0.278246220450848	0.673976619676868	0.985140774904654	-0.0493775546335413	0.535522110767097	0.864877783181665	0.0736917283051728	0.986140100625467	0.999723325365326	-0.00204017414461728	0.768423406479446	0.994194521473179	-0.0350557975823048	0.802932864496395	0.960683471428358	0.0293018932691742	0.0709045156018023	0.505661150739169	0.212632245333537	0.643770027502924	0.972064809029716	0.0734759522556338	0.44482972097411	0.912898430170708	0.125957588980535	0.191407027125924	0.598995785356505	0.152530792694023	0.00218555080281859	0.0722297887272972	0.35305881554902	0.81012954254641	0.939843155252933	-0.0282110213111562	0.00034013955271031	0.0165454423620422	0.407957667261529
DPM3	Q9P2X0	Post_only	Neat	0.0256046098698942	0.30180570116178	-0.270633207950784	2.60658477559418e-05	0.00227770154211844	-0.483193960857539	0.0209148310625491	0.309006376580995	0.277615619088932	0.0002017523684419	0.0253367349368286	0.433076008047144	0.197021277146889	0.65923651967009	0.157212224354392	0.00044859582613769	0.0187787197219305	0.411178801021579	0.389669432265019	0.703447654267129	0.105191965316651	0.0612668021904377	0.650997236512915	0.226509985155751	0.000640650039535527	0.0301706127993762	0.40091247218954	7.15163850774125e-06	0.000948750974316765	0.511255901709062	0.000539638569599843	0.0246434946783928	0.405896481327171	3.62151850142044e-06	0.000454802365136716	0.525081068737163	0.0825365159213123	0.584578268466056	-0.210505196319443	0.695835731229712	0.998279605744279	0.0479128661049426	0.788745106101215	0.969685904881577	-0.0328476332552616	0.0153879005218	0.289869576079408	0.290690410939916	0.123532275590119	0.649828654422014	-0.187184741257491	0.432369963864655	0.740294449012353	-0.0960560373703853	0.0242126857686626	0.813480159071091	0.271166749892778	0.0991416647315526	0.988165370089238	0.200161900825068	0.0288522148254428	0.426739281774119	0.263252751951102	0.00195061923645587	0.135336905753041	0.366538448236949	0.636329518491786	0.939425831165253	-0.0792301970962543	0.871367703662725	0.989190760603725	0.0279687245742933	0.0386420108969257	0.437845943020053	0.249560609360834	0.00657967818337817	0.153664024973967	0.324174035517091	0.71243488797889	0.909363068630162	0.0451754110648355	0.00814362864825845	0.147760201704127	0.316109607878778
DSC1	Q08554	Pre_only	Depleted	0.0013593529580167	0.0278475922516134	0.365601489963461	0.0593192997366999	0.336177656225045	0.221789006186326	0.0361109601036438	0.352880470838453	-0.242436974135384	0.0723944818600714	0.478665810548038	-0.211544005905468	0.0339485805413113	0.272001151365785	-0.245241428827442	0.15462746410671	0.592443887768612	-0.168307358386466	0.682562315620124	0.836412265757621	-0.0480026983524705	0.339632624871906	0.654943869317615	-0.113357331008131	0.0159855394768876	0.180593405447145	-0.277372194594884	0.0181204075817809	0.231865320051689	-0.275954726502914	0.00779195685397136	0.109445646845437	-0.305024257054381	0.0194181441614223	0.227071503973762	-0.273064277384248	2.02216067909021e-07	9.88432139939297e-05	0.557657814045704	0.00279828413954206	0.184838011811914	0.344990188125653	0.196260603229005	0.714802884855619	-0.150897889320002	0.00237969294206137	0.0828624521541437	-0.350303825262168	0.0211987072018279	0.58767339355971	0.26575165733834	0.857663026540966	0.951627286911892	0.0213575457045195	0.913805541210439	0.990057748175424	0.0127114447030267	0.976612148802182	0.990706179070013	0.00349149257285703	0.0134762620209297	0.21012849997306	-0.28418228601245	0.217606107311839	0.713864867476692	-0.146047768461203	0.604669957564336	0.922794448406253	-0.0822283621563949	0.250740001806196	0.592085569482458	0.188392628226093	0.018281062264237	0.197639335754119	-0.271906342543301	0.0292061746639207	0.27666624371559	-0.255389939133576	0.103016413826254	0.479162413594476	-0.189735079275867	0.13827415056054	0.53219216373222	-0.175163005254213
DSG2	Q14126	Both	Depleted	3.17236531934319e-05	0.00168549148705973	0.463688821159132	0.000315466697347767	0.00949862635399999	0.409992544715377	0.000276809578872901	0.0259318279608583	-0.408264136653837	0.00158115096269843	0.0616184182148561	-0.363322272870066	0.0005745116287588	0.0195292790833307	-0.388397843024351	7.2053146943429e-05	0.00429507051535952	-0.447493323236069	0.891283541302932	0.951135768801434	0.0160510552556399	0.953794005179134	0.984405637102113	0.00690074580490357	0.000523845963037014	0.0191086497561562	-0.390979119757344	0.000208526304316319	0.00980073630286701	-0.420954791221528	0.000182040745914617	0.00780539619325128	-0.419132535852957	7.23084481368743e-05	0.00441804618116302	-0.447408525301356	0.0239489130718278	0.298628283405853	0.260580009971545	0.0037122530560434	0.230778447066132	0.33549859779418	0.00330865821061046	0.108114759171991	-0.33496264899822	0.00224260452439895	0.0794337022845076	-0.352227142853982	0.232932798113253	0.911814175833382	0.139404759645472	0.583825581126539	0.823975217239459	0.0651723988722758	0.448770153640949	0.972565265309277	-0.0887830155470644	0.559379494550221	0.854452177925462	-0.0694403087973214	0.000175204325037052	0.0215250859956887	-0.420107053144864	0.000390463776383441	0.0397622278950471	-0.4041952556641	0.0317672128977359	0.589535979128949	-0.331899925720471	0.183204449911847	0.527816317442988	-0.217638973211204	0.000470241689303325	0.0243081948733791	-0.393971030712641	7.63682111135123e-05	0.00651291453807216	-0.446096047065685	0.000619315029490943	0.0196580767595231	-0.386282705655	1.734191199623e-05	0.00136721396512213	-0.479940975452768
DUOX2	Q9NRD8	Post_only	Olink	0.802349314237413	0.974621787577672	-0.0295951697237541	0.00176957797330809	0.0384462182913089	0.359790572923554	0.926742493498311	0.995642978812518	-0.010797837442592	0.0427918692490501	0.336253067667663	-0.23778615947684	0.926256561514168	0.977855583055472	0.0108696616626278	0.505001920189762	0.797648788980607	-0.0792696066502628	0.407356452859932	0.765413279891783	0.0970774976982688	0.965272865174851	0.998240589438598	-0.00518517163112707	0.261597843392126	0.758120114200703	0.131272228806985	0.100310785334499	0.55084544732825	-0.193855995995757	0.333257919126177	0.799284055164181	0.113268010308727	0.0831012267767469	0.474272891789379	-0.204209921518177	0.216489702331799	0.708413954768805	-0.14438724228002	0.857414596697256	0.998823757686294	-0.0213952171081423	0.679118173144899	0.924364766058602	-0.0485534346706509	0.24089211374628	0.738899409453783	-0.138992690823202	0.707877777295175	0.985140774904654	-0.0439853566636937	0.0624642908457949	0.547319953664743	0.219169592491936	0.541105489578497	0.886620659079811	-0.0716817066736282	0.945641879454278	0.996562040053845	0.00811995377142372	0.818160593918876	0.963487058866263	0.0269964806949702	0.140338441992993	0.667998231698338	-0.174265128634269	0.678201730541015	0.972727836652082	-0.065943596961195	0.583748098635432	0.948648723786656	0.0905012423731416	0.379904700134574	0.754799094569683	0.102849220484472	0.796406730569242	0.931691016551974	-0.0307197339164096	0.33572840695863	0.678719867853701	-0.112694243931542	0.507673111778822	0.820344965433855	-0.0787747027943269
EEF2	P13639	Post_only	Depleted	0.0165815668596259	0.156468530520949	-0.277737702431777	4.53811733436805e-05	0.0023389056365991	-0.458388925208121	0.118329390635424	0.596476524357094	0.181890993640198	0.00109751319674959	0.0525945539775686	0.3745102141271	0.000673920713577803	0.0213904184933007	0.383885703804854	0.000161520387234063	0.00789511652800102	0.42753661673449	0.349399715698883	0.592186480699078	0.109566095443273	0.0494516109086161	0.371760386214003	0.230816626767916	0.0185179586997403	0.200226306704547	0.27137638584925	0.00695384267878842	0.125778985046932	0.313310981874791	0.0284494591897239	0.242266474772422	0.25311459886377	0.00169424941185667	0.0376431414779791	0.361159841880182	0.0446158043793144	0.400494268641286	-0.232609285112172	0.188477656300075	0.85898814706096	-0.155666922982784	0.00473472126415511	0.12352104354137	0.322792979491454	0.00544448284935473	0.140786427031716	0.322153253024238	0.245434984429871	0.912384149604576	0.135777842366153	0.642210678576383	0.851634779403517	0.0552911871218317	0.00452797178653025	0.821150935015848	0.324335803978307	0.00705626552760663	0.455091171803087	0.312774373317038	0.10944950513833	0.567263895635884	0.186336676017823	0.0027023587384051	0.116129773348625	0.346141739391778	0.0259525932359244	0.57674375968979	0.343458429967943	0.253234673788791	0.593658727706013	0.18742186449364	0.000497303495772895	0.0243081948733791	0.392423757292298	9.05020906544845e-06	0.00245763455066178	0.493730315453923	0.0041117647390122	0.0665506822658663	0.327641262041949	5.41532306170487e-05	0.00339360245200172	0.454267457932218
EGFL6	Q8IUX8	Both	Olink	0.0011866397428356	0.029695995480021	-0.369727570177067	6.89325194349468e-05	0.00298891404269929	-0.448552940597055	0.0144136925731698	0.248796859065542	0.28151920941923	0.00774839459493185	0.122056639602824	0.309317656690307	7.00670438994089e-06	0.000973752251114863	0.492995580887162	1.85776272775063e-08	1.1187859982676e-05	0.601248591038874	0.264409126565811	0.641493941802459	0.130508016053061	0.235862593867359	0.823347267566954	0.140474982760078	5.88445565559461e-05	0.00332226558888779	0.446708886149236	6.88722289787187e-05	0.00466609351330819	0.448573846386296	0.000209564324330844	0.00792213104667081	0.415522175338058	0.000232431943506541	0.0101595252726246	0.418116893417513	0.16399949473752	0.676718643759594	-0.162363408287744	0.153733970943625	0.930830519201853	-0.168667561408356	0.000184900297457394	0.0192723002349822	0.418734874126211	3.13067571682475e-05	0.0424206559629754	0.466879101627811	0.25653826749365	0.930203478920753	0.13266174686662	0.716053293184912	0.926096724974695	0.0432997399228879	0.00213018047983575	0.245650600015101	0.349285480189834	0.0779628233768062	0.972745479191146	0.207629327274158	0.0635944943442186	0.439361396762095	0.215295064888156	0.0476754478196373	0.422914774439336	0.232595900607723	0.112788065729906	0.760128055678367	0.248335785598936	0.567718763277597	0.947419001127184	0.0943651737629812	4.54106873049891e-05	0.00642723111630919	0.452716357638122	7.97885084114973e-06	0.00194611620398995	0.496334202518805	0.000201108056857498	0.0121494268850013	0.416582531077332	2.06733420886671e-05	0.00203726389310137	0.476110759405395
EGFR	P00533	Post_only	Depleted	0.00849943583988178	0.0998683711186109	0.303817108150438	0.00229823669789938	0.04529750394892	0.351434263506002	0.254305806162946	0.811286600913765	-0.13328077425491	0.138442799545698	0.618645607990514	-0.175089272803896	0.0345541629272939	0.273302181858596	-0.244441313037657	0.000269109640166925	0.0119582538285084	-0.414245445334522	0.316138503945963	0.56438458995174	-0.117320207591012	0.524292561074428	0.766370226833674	-0.0757249549716925	0.252363184027158	0.706501284951172	-0.133822453410896	0.0363736370143627	0.340753978978552	-0.245411558407229	0.23459621808533	0.693040842419092	-0.138914550199704	0.0211819100874913	0.240784131413157	-0.269389830014625	0.574297440268683	0.903276218914777	0.0658996999832248	0.478305741345222	0.968289345299143	0.0842927178011732	0.00368460885074974	0.111175111496696	-0.331358591052107	0.0973116315498114	0.595301845631655	-0.195554287676154	0.964629385422437	0.99915028120689	-0.00520796131313521	0.535060101726549	0.81003832579428	0.0737749602739173	0.53179247516927	0.973602195669769	-0.0733346134054584	0.93906603444373	0.984556385426171	0.00910401920768065	0.199538782930891	0.71611275401336	-0.149811332615652	0.0608995380964234	0.45937799724586	-0.220459138952549	0.154615437899038	0.7267831552548	-0.223593769051949	0.632561191673715	0.847472281853665	-0.0790120954365017	0.0146753594780597	0.178440689375015	-0.280802611423246	0.00388918464276955	0.0913958391050844	-0.333906654648563	0.00642917014145012	0.0918882562906673	-0.312005755052958	0.000427456514974749	0.0160723649630506	-0.401702805314173
EGLN1	Q9GZT9	Post_only	Olink	0.00476632971549066	0.0838847111631942	-0.324687413625096	0.0016969630707062	0.0377301658062415	-0.361109572188452	0.0724244408537985	0.577265396217041	0.208650007113803	0.00410952921294421	0.0807016243991218	0.332011756146056	0.0384272567488368	0.313490775047301	0.239584336548182	0.00496416135898783	0.0847699946613137	0.325425211237298	0.249035086536905	0.629027605397525	0.134757113096954	0.0765149400792148	0.574951882690596	0.208625173177183	0.0461368410703988	0.378308137067416	0.231018521624037	0.0139648774488709	0.210834640035878	0.286590239104675	0.0437412807408775	0.335329196061607	0.233544287273089	0.0103268090975274	0.151683754223844	0.298450638271694	0.953441491650398	0.991361751075301	-0.0068568777348947	0.77574072004156	0.998823757686294	-0.0339177937153517	0.154456316178123	0.612890291622184	0.166070530723154	0.0238838379257853	0.442404905487157	0.264237528803851	0.371108538017834	0.954647414396871	-0.104751159504611	0.416706278881691	0.8159892902639	-0.0964982398716445	0.219313032163894	0.748078009508275	0.143513307570451	0.344064563154498	0.972745479191146	0.112327973029792	0.12290708307495	0.593188680401183	0.179698738652529	0.0813979509930588	0.537684331734063	0.205324293507519	0.181761359686716	0.82184311615373	0.210081097276656	0.431817820961232	0.909341969045128	0.129557658953845	0.0649328693811366	0.409043599212425	0.214241840426758	0.0137766918205955	0.194500588900626	0.287133742941458	0.0751305159299379	0.377022733440134	0.206744254701902	0.00287324086898742	0.0748700264899606	0.344114659953524
EIF4B	P23588	Pre_only	Depleted	0.00192633257219052	0.03649578919716	-0.412712154953572	0.552125278716414	0.835021151722101	0.0835202932469511	0.0170613117251838	0.225393761385671	0.320472272225645	0.79232670786729	0.993921462437829	-0.0370364661123398	0.00459770046058972	0.0761250021810938	0.376600624839442	0.116966781180529	0.527429544659066	-0.217930378550473	0.406485139194559	0.634386768960091	-0.11418593124355	0.684456019907825	0.861385433910775	-0.0571388118368832	0.0756792724074729	0.440381289913961	0.241507460716652	0.45622638819983	0.887752621624511	-0.104556086601117	0.0294431054966572	0.24747973531337	0.293847989416136	0.529406288500249	0.900395942306618	-0.0883248221634289	0.192995298164755	0.68703019676864	-0.178214915516919	0.784945412737649	0.988728435054251	-0.0383844343824048	0.172892634492065	0.680434136390671	0.186448898667329	0.4147668645874	0.85978813999288	-0.114381281509216	0.576473135544093	0.986449788797904	-0.0769700648352727	0.553705541082102	0.813177153758203	-0.0831896804320583	0.361319569320729	0.972565265309277	-0.12548387782023	0.82271618439609	0.957484930792402	0.0315199877611184	0.0254367346436834	0.289684959463444	0.301210168218602	0.503715131175535	0.861901582775669	-0.0938823920322759	0.329393992900585	0.819589180788979	0.18116501235276	0.399927408108325	0.714619883040935	-0.156684742013394	0.133058567567366	0.557239323540899	0.205100522364011	0.439391250128668	0.914368660326915	-0.10848294291337	0.0011013536903869	0.0302439148236583	0.428432217111128	0.201194224321647	0.613658326458495	-0.178410040211181
EIF4E2	O60573	Post_only	Olink	0.19343927298083	0.673805179663301	0.152889150968546	0.000263637173576745	0.00866008170173308	0.414791117207462	0.34699068645835	0.917100898472253	-0.110111682653103	0.0457453255401067	0.349210794968139	-0.234592339671149	0.104481249498686	0.48634437201328	-0.188947053332896	0.00480230237279865	0.0839628350340926	-0.326591093255278	0.509993787779405	0.824631959953573	0.0772609739204003	0.288123171538928	0.861596603156746	-0.126005188066912	0.653839802720577	0.926494525757134	-0.0526287703531376	0.000624526511830811	0.0254506292791203	-0.391046521872466	0.565614057516432	0.895613240406176	-0.0673966706986455	0.000286783689267411	0.0116869744047321	-0.412550090324956	0.242614893368906	0.720138402004091	0.136584621924987	0.146057321917828	0.922132537663621	0.171828488335373	0.197197495409653	0.663857406907032	-0.15058603630794	0.00405668860378817	0.240035581773792	-0.332457790387829	0.371640717847093	0.954647414396871	-0.104635318370623	0.196892561220185	0.684970740783136	0.15278492788828	0.290097493748128	0.774769633959379	0.123765013338467	0.572418721293125	0.986791634720565	-0.0671532990674132	0.744241714030354	0.950187012366656	-0.0383005813598026	0.00349349076481438	0.097601649202546	-0.337563008542841	0.915162305695375	0.994725922072577	-0.0169481544654375	0.0777971219539142	0.74741766797119	-0.28577933819254	0.782359692651214	0.94576908411863	-0.0324344304703266	0.0291189712925683	0.273053329421661	-0.25552348473982	0.216841765353568	0.578044628672054	-0.144277828184439	0.000562338559386623	0.022678318159582	-0.394030337870489
ENG	P17813	Both	Depleted	7.00795131184953e-05	0.00305847017967147	0.445350318204296	0.00021800642773145	0.00729873574487212	0.41979529889086	0.000619989209054967	0.0369574055348864	-0.386251956713258	0.0720162922890627	0.478282115093666	-0.21181851447933	0.000114110803581829	0.00844481176468038	-0.430825882254893	3.78395736250267e-05	0.0028024217557444	-0.462573099036623	0.954422803853829	0.981776636180589	0.00671219967393116	0.677164838517451	0.85655556200985	-0.0495536638991222	0.000850824964422946	0.0288033091189347	-0.377177911978996	0.000956297986346223	0.0278237176027401	-0.378630026324662	0.000211950052078891	0.00851137252297547	-0.415230139111507	0.000583080275059061	0.0185071193797967	-0.393003109500011	0.0991860339130492	0.555987768081404	0.191837760268874	0.0787418548802139	0.72924049698036	0.207099599584552	0.00163620494699293	0.0715937678138642	-0.357560995991563	0.00950650877354484	0.185871259540349	-0.301622304040628	0.0688166438170279	0.787030636815581	0.211281691795518	0.364933447304017	0.702393997237674	0.107588533428868	0.386388655099817	0.972565265309277	-0.101464161486702	0.319894109177528	0.720663481501761	0.118047757995126	0.000115069966002384	0.020676318074352	-0.430620025693607	0.00707076336809212	0.164580434967782	-0.31269897077532	0.000152593111157878	0.33023634289395	-0.551654079411153	0.0454114665786272	0.366782777967824	-0.322268479803017	0.000146294045238475	0.0140116139317924	-0.424658793877934	0.000119883291928696	0.00836073990848187	-0.435051612403578	9.95519651127102e-06	0.0013388987402242	-0.485802921863759	4.64285747118606e-06	0.000626918985769853	-0.507287831549869
ENPP5	Q9UJA9	Post_only	Depleted	0.00405383850743809	0.0615377721253334	0.332481994790865	0.000415189453952873	0.0115309434711457	0.405141365800072	0.028112581766283	0.312305226530889	-0.255346016611335	0.0156639228780333	0.227631993100325	-0.283887549933445	0.000117481014729596	0.00844481176468038	-0.432806972540804	6.28038050612762e-05	0.00393570511717331	-0.45364375743086	0.983424870029204	0.992993236564465	0.00245690936412654	0.0673414606528607	0.390712681916639	-0.216817673562872	0.00636478375027094	0.107279527487325	-0.314432354348935	0.000138431542612054	0.00808743877191297	-0.434228382846913	0.0037628059458696	0.0682486873763996	-0.332822029571903	9.00878676689944e-05	0.00512034299030284	-0.444926272041903	0.00257664905752559	0.0839644039545673	0.345420138967048	0.00570803236941383	0.281536377625166	0.322638297223097	0.0214437805093702	0.256904899827945	-0.267049355693948	0.0041221695333783	0.118524498112665	-0.334147098857073	0.768265861112118	0.991405610839929	0.0348343151614064	0.522745865377103	0.80371107053024	0.0765499292723498	0.228409895050686	0.972565265309277	-0.141720977263935	0.562157186177908	0.854541800861438	-0.0694440913432299	0.00847381080735995	0.16985005780025	-0.303929889951786	0.00201020208826818	0.106443461764595	-0.358122015769923	0.476820292239298	0.886748517172148	-0.112829142148234	0.374969788652652	0.702114468077156	-0.148074024210968	0.0190803691314975	0.200255684421318	-0.271952263010196	0.0197116000524537	0.220986929028426	-0.274311224135152	0.000310755230495854	0.0133950385810964	-0.407773159982474	0.000651523578520225	0.0224270933225835	-0.392402299766827
EPCAM	P16422	Both	Olink	4.20303988061403e-07	5.51511884396869e-05	0.548530890261451	4.09425680750239e-09	1.23282621648128e-06	0.622550696769416	0.000131260923344293	0.0104622677136187	-0.427364903742998	0.000102560190441978	0.00653972037877086	-0.438916989251206	1.41255526391863e-05	0.00170915096804848	-0.478472623254881	1.61978617160423e-06	0.00028320132419661	-0.527560775980404	0.271965918269055	0.64879193530734	-0.128480584291615	0.219262582005986	0.812569257398049	-0.145528928669172	2.77723401538736e-06	0.000307196089048969	-0.511201839135728	3.65180332361227e-09	4.94819350349463e-06	-0.624098698535013	3.7527921203239e-07	5.41400771722521e-05	-0.54730478343367	4.39194600704552e-10	4.15139239644502e-07	-0.651313231340366	0.733172036191806	0.944164182155039	0.0400212060045251	0.866033057665625	0.998823757686294	0.0200895287285909	0.0645124105321172	0.435479926570918	-0.214570811706518	0.00420726573219746	0.240035581773792	-0.331200005096045	0.270219098454558	0.934048159198793	0.1289458442467	0.344709879811017	0.780603971637426	0.112178785501176	0.670434275669026	0.930784821963978	0.0499467329241202	0.836344380670279	0.99498445719098	-0.0245982929463051	1.61970323769312e-06	0.000731565962358059	-0.521345554506047	4.33928723690707e-07	0.000302157755895739	-0.551196586579368	0.146541508381266	0.797791255198088	-0.227943987492334	0.0350380601699456	0.650724908353511	-0.338514064342987	0.00173490711882885	0.0614588012029565	-0.3557425360666	0.000218934297296857	0.0188352998626819	-0.419684315354393	0.00209439603826175	0.0620307460512497	-0.349823537916186	0.000196089153061491	0.0108147928680775	-0.422551726667528
EPHA1	P21709	Both	Olink	1.11533361621477e-08	3.02255409994201e-06	-0.605247640220228	4.75818231138067e-05	0.00232336469618768	-0.457289719362895	0.000370641555311758	0.0233590375556945	0.400470032109813	0.00199667706254344	0.0530489690146345	0.355958402620683	1.78886207478331e-07	9.90159236859593e-05	0.559669372810026	5.84258276353035e-06	0.000719699967689421	0.50268429725956	0.187814597196966	0.564440667288051	0.153758715105463	0.582909276078211	0.965376608955031	0.0653308630669611	1.36528639213426e-08	6.16654353780642e-06	0.599051849386912	0.00032830427305727	0.01482840966642	0.408916284460112	9.00261656912607e-09	2.87024598850961e-06	0.604960510490465	0.000377347837605971	0.0144854671551074	0.40513106565523	0.187870314646713	0.694108456295285	0.153739541502915	0.300811560193339	0.998823757686294	0.122761896248659	5.51485619628462e-05	0.0110217018568745	0.448223200211472	0.0189575982611036	0.427497863452396	0.274070587026908	0.523610135486086	0.976079072595515	-0.0747987311881356	0.175158106484298	0.661887104787042	-0.160425089963715	0.160203391280201	0.708240114795018	0.163818388805428	0.523586926177528	0.986791634720565	0.0758534396710339	0.000117054903885083	0.01153522871013	0.430199000647162	0.0132924111424415	0.228152254605687	0.288562495691339	0.00338418979460493	0.238211801126737	0.441982421583204	0.0189099904198418	0.564285460889978	0.374270248522504	4.74334399727616e-05	0.00642723111630919	0.451713944794852	0.00312628000560415	0.0921968579983937	0.341302509720031	4.89835415646619e-08	3.31863494100584e-05	0.58014516450247	5.98973900260723e-05	0.00470498339045379	0.451892365632366
ERBB2	P04626	Both	Olink	6.1354230258552e-05	0.00302309025455774	-0.448500885307503	0.000724736569578189	0.019542647796586	-0.386764679955636	0.0012295429608511	0.0501061868256614	0.366283538195981	0.0174778286727383	0.199560231014861	0.277452171520316	4.08796891573371e-06	0.000692399735102397	0.503722971973551	4.61781254477369e-06	0.000610452292504229	0.507395364806499	0.035209252511914	0.326212219853973	0.243588887044581	0.187970234780476	0.776868908150218	0.155843647800587	2.47570192246969e-05	0.00172029543843406	0.466354405422491	0.00144443181047268	0.0454575994863784	0.366130706595999	1.39514498466283e-05	0.000830954485370611	0.478735343869898	0.00153010661813863	0.0407742783352866	0.364344226956972	0.789582831811548	0.960358741239378	-0.031332145972742	0.716168363229734	0.998823757686294	-0.0432814155931382	0.0480473365649149	0.386374724305398	0.229080600018472	0.258441269609953	0.750498986003656	0.133981316730152	0.127559679768968	0.889473828703793	0.177533702124557	0.114844138380296	0.587700082134178	0.186145022285246	0.00519106078593467	0.322608394648677	0.319588550300091	0.174934770339292	0.972745479191146	0.160507083546475	0.00611888858254154	0.133727323053932	0.31377620900026	0.0808998938421485	0.537684331734063	0.20565364481392	0.075360115064815	0.685916393024102	0.277351122883363	0.746584643541507	0.967531417940324	0.0534466904881231	0.000146299982196006	0.0127894500564896	0.424657776806569	0.020532801126996	0.232414549077301	0.270710635541033	3.40936737740965e-05	0.00410639359679118	0.459232600426137	0.00024521839124503	0.0129037250538647	0.416707333640571
ESM1	Q9NQ30	Both	Olink	0.00115570815395096	0.0291345962530894	0.370523346542627	0.000918933347014391	0.0231656685619442	0.379812268581472	0.000270606338097436	0.0181782022614313	-0.408861426095091	0.0113578848082386	0.151999347310255	-0.294761550870963	0.0016026750496031	0.0571480182161106	-0.358201279739662	0.00382691481413298	0.0719778763429333	-0.334459444708342	0.396469326070309	0.756234092172811	-0.0993380822140798	0.567122878476856	0.962257361485905	0.0680791800599971	0.066860544197461	0.452980186937799	-0.212755269181173	0.0191466312761384	0.256385445923498	-0.273655039804494	0.0410384832101699	0.322999552109141	-0.236535239177811	0.0107160180201203	0.154470259758117	-0.297021951554364	0.451678085023465	0.835236244361805	0.0882171684502879	0.558247983947366	0.998823757686294	0.0696399500780637	0.663170656520551	0.916309580383228	-0.051117469007772	0.361567383729683	0.8041778553268	-0.10834147034367	0.630307786252031	0.980098273814379	0.0564792336596038	0.862404421482889	0.967360167484093	-0.0206389665565907	0.704899979822124	0.941444951007764	-0.0444552058638691	0.52632779335768	0.986791634720565	-0.0753548567971841	0.0187879946838212	0.250579623308168	-0.270779332418063	0.0217743460114232	0.287745442983169	-0.268214126101078	0.282079332568608	0.874744486345617	-0.169894817689753	0.451591229174597	0.914827945330597	-0.124109628937068	0.00204735250938271	0.066278703913804	-0.350543591047435	0.000346159124816417	0.0226046079096986	-0.407481760765216	0.00506129968158093	0.105916001058566	-0.320473508509765	0.00356751597760266	0.0867082358681903	-0.336851879998981
EVPLL	A8MZ36	Pre_only	Olink	0.00133459305192685	0.0327307436264413	-0.366162840492385	0.200284454011557	0.67125765933713	-0.151648232199599	0.0100538646492036	0.200926043340644	0.295510242561984	0.387129348351867	0.818346750416194	0.10272616488384	0.00605917617713931	0.124396723030663	0.314125978844616	0.110049612973178	0.439549670091839	0.188600796337311	0.723700680381626	0.921197202364587	0.0415000989956742	0.281642663202213	0.860252063697832	-0.127698077439781	0.0648756715035152	0.447931387960576	0.214286491299892	0.338723303502907	0.781878369351004	-0.113569568567806	0.0156531585818819	0.175652421353623	0.278218841651406	0.554567088359647	0.879995792824101	-0.0702907367981817	0.540486068634502	0.880996234713411	0.0717912072927803	0.68134179667435	0.998823757686294	-0.0488757803561999	0.328792835092446	0.772199792709492	0.114311881105325	0.89332544316424	0.981657633495471	-0.015969564542866	0.0852968127809249	0.862775725616708	-0.200040859577874	0.601978949758304	0.894764103949751	-0.0620557909428891	0.266967547198587	0.768219316934767	0.129817294451275	0.408412397782706	0.979033700124842	0.0982177927801883	0.000689802235294565	0.032795860660496	0.383221760502854	0.330950656053323	0.850829493894625	0.115398535654431	0.610342950419721	0.972064809029716	0.0809440638933371	0.988423522838297	0.998947463552484	-0.00240150873989346	0.0351694943092317	0.313760765378517	0.243640242255633	0.321297854729647	0.665940114511191	0.117708208884043	0.0155274344682475	0.192582825670255	0.278543129028041	0.173088845584456	0.55241515901241	0.161187725631885
F13A1	P00488	Both	Depleted	7.39776365624849e-05	0.00317195339927567	0.444058785899543	1.1430560438294e-05	0.000821655579740899	0.488847544853892	0.00511889014818397	0.108787543670971	-0.320078298044627	0.000512891392246752	0.0350233336126097	-0.396625837852082	0.00891745485013838	0.121079220298546	-0.30002566672236	0.00296032205237981	0.0583469927098086	-0.343122775479056	0.522971131993512	0.731620747906207	-0.0749135525714048	0.832685893745518	0.925819712187785	-0.0251561685849569	0.00105694680997018	0.0318910864637916	-0.37080473661545	0.00345570024440955	0.0754083160476513	-0.337931234569859	0.00118574562379126	0.0308293862185727	-0.367373625413769	0.000821701358653649	0.0225644732646013	-0.383106349083865	0.00138884956061326	0.0547475536474001	0.36259401466893	0.00235552108912752	0.162529079345237	0.350635614137556	0.00363206691998345	0.110959644405494	-0.331842016678384	0.00150118439489024	0.0642000021871432	-0.364936994950793	0.120453548986792	0.859353687593603	0.180865798020488	0.349233053411496	0.693685768999087	0.111137951276145	0.0751472594965757	0.972565265309277	-0.206732635280264	0.17930995610217	0.620924193110117	-0.15891452170667	0.0363501117864801	0.350015710455898	-0.24213549613346	0.00525615396508741	0.153674851897281	-0.323404519667619	0.00194509394450323	0.414278705653507	-0.464442635656013	0.0276240551682946	0.341898372083468	-0.352748457338872	0.00237284435184989	0.0623669494492303	-0.345837133067033	0.0145312607979015	0.188451822512521	-0.284991779733265	0.00276021706587126	0.0522943450309253	-0.340938126673114	0.00123830437056968	0.0316360657953874	-0.370855397023523
F13B	P05160	Both	Depleted	0.00073052344901662	0.0171673010518906	0.384033673558	0.000154266392125303	0.00538610089077487	0.428706467597554	0.0186853634382487	0.241424081519376	-0.271005380165495	0.00394709880434676	0.104855537802429	-0.333399547712567	0.00622956750004755	0.093343771791036	-0.313135784100083	0.000763058796832325	0.0252015635061919	-0.385268577968737	0.755571811286205	0.879752417334171	0.0365477855292426	0.627791569058595	0.827544944921711	0.0576944336771097	0.00564517704976333	0.101963675724747	-0.316638267424943	0.00371055169219411	0.0795490204887929	-0.335514230656608	0.00720174700708114	0.102568071163979	-0.307904400298297	0.00127548612720895	0.0308642385633531	-0.369953064760231	0.000255793082147581	0.0178616655076768	0.410340213145047	0.00378861855094797	0.230778447066132	0.334803398210913	0.0048766153840928	0.12352104354137	-0.321768320430357	0.00377468294769893	0.112503964928978	-0.334929326800187	0.185499512447074	0.897472591817976	0.154559048983664	0.835800581494951	0.944381239562488	-0.0246811821105522	0.0459030950473339	0.972565265309277	-0.231260141448869	0.334019241484421	0.735447399080411	-0.114673268777035	0.103949908168721	0.560090665485638	-0.189231895269777	0.0110269817705961	0.208914290289433	-0.295912577170405	0.168855908468073	0.7267831552548	-0.216308983296354	0.721182012813556	0.887556159518547	-0.0590167430101841	0.00271183519539765	0.0676298491586923	-0.341515036226388	0.00185931914724652	0.054385499456379	-0.358226163336441	0.00339622935684401	0.0596382976234805	-0.334091708711712	0.000165964572767422	0.00811234831687157	-0.426843580224026
F3	P13726	Both	Olink	0.000755979729868112	0.021012359671206	0.383044468082744	0.0022232668259394	0.046705837971285	0.352506881166963	0.035952271985771	0.421777736283287	-0.242637939807369	0.618296264101626	0.909901100035518	-0.0592896565138839	0.00207872066251881	0.0678714818726022	-0.350061838594508	0.0390604108959597	0.275180388751277	-0.242093264031615	0.153502591495804	0.523816021872279	0.166450271353138	0.585840747105843	0.965562137694527	0.0648242976271706	0.0178233451843213	0.222619243014153	-0.272947193373447	0.0228174951748618	0.27605094608873	-0.266208613651278	0.0175721197758425	0.188595820168449	-0.273528266407216	0.0434364671410456	0.360460401022025	-0.237073905753892	0.00700958935920708	0.290317600559702	0.308886936117518	0.0770101024343535	0.837141487148882	0.208282925259463	0.454225649469818	0.838537388341322	-0.0877231002604906	0.321273106934002	0.782440571809731	-0.117714186853645	0.0532389344070557	0.780276958842064	0.224117143429433	0.449061230612535	0.832960941108809	0.0899709020655217	0.276169646841368	0.770463490444462	0.127369081845131	0.536597996478455	0.986791634720565	-0.0734980421626594	0.0486755769120356	0.394292639528544	-0.228457200209792	0.31982716612585	0.84435618139411	-0.118063974505305	0.320121653098657	0.896946130059325	0.157197109279443	0.340036180423302	0.894224210526103	-0.156933716478091	0.0201023103261323	0.240498324401366	-0.267974191869619	0.0197105136490992	0.228271333286576	-0.272435980450207	0.00088605680061912	0.035054217951501	-0.375995624081049	0.0264308165153852	0.265779268113892	-0.259815581085792
F9	P00740	Both	Neat	2.82162196874634e-06	0.000386562209718249	-0.51394137084109	7.01804675068119e-07	0.000132202455665957	-0.542776820979905	0.00284853262671958	0.133350452248545	0.339907979106017	1.63555362334008e-05	0.00446835643789803	0.481207311622839	5.29120305370174e-05	0.00498365187620532	0.449185934383921	4.63736572772721e-06	0.000873563768960614	0.50731136436545	0.026121740198771	0.24125062481345	0.256839822193124	0.00856587955767684	0.32614599744041	0.305567757573478	9.8784320923656e-06	0.00121944917230041	0.485963206752631	5.88127234962566e-05	0.00515715461557839	0.452324200263343	6.62572603778597e-06	0.000717974676477921	0.494125645956784	1.18452948552746e-05	0.00127506138192135	0.488095651995893	0.190875346103851	0.621258261064496	-0.152711471643659	0.177337656267921	0.94768740424027	-0.159628888609428	5.02939858531038e-05	0.0115079222214553	0.450362065737812	0.00510152669220623	0.202798907984813	0.324461858461942	0.991861430841615	0.998912937995724	0.00119795693296364	0.224651524818532	0.568991341010972	-0.143859812046376	0.0344817548289389	0.813480159071091	0.244536360546933	0.0617845043902605	0.984365235375959	0.21972656676646	0.00283305331348664	0.130271473549582	0.340086452726045	0.00053198243649032	0.0728815937991738	0.39559776452455	0.023455222714815	0.568052500844431	0.349096052019524	0.0448174338008572	0.648990916385489	0.323112606887575	0.000138840928316151	0.0142986912614083	0.425966630254275	3.68262073762733e-05	0.00792815635943483	0.463193414170014	2.14808473052608e-07	8.09290922225701e-05	0.556661631142919	9.73566904335512e-06	0.00188537568570292	0.492211658031015
FABP1	P07148	Both	Olink	3.82088541499453e-05	0.00207091989492704	-0.459478087313358	3.60013111938871e-07	4.75919772367971e-05	-0.554405809724071	3.11520826512953e-05	0.00375268122222857	0.461256784993842	3.99185496601697e-06	0.000801327922807852	0.510277644600081	0.00137475882365961	0.050870925951569	0.362904495146012	0.00074768876430991	0.0232900753020673	0.385860238819076	0.129364878583907	0.492092145504625	0.17670987221483	0.00652180417996238	0.20551266660114	0.315653875470297	0.000352372993914159	0.013641868764391	0.401833310750576	4.66831099003356e-05	0.00341922237378134	0.457732801814468	3.56116285094046e-05	0.00173278381043908	0.458250802727659	4.6626958254065e-06	0.000467996506920431	0.507203038465432	0.637666334337416	0.916474206602646	-0.0552689514714504	0.747264430321409	0.998823757686294	-0.038364612919215	0.00221256949200801	0.0883429599962099	0.348076879124704	0.00385271599084282	0.240019777820323	0.334229435807411	0.996378666693157	0.999773735747076	-0.000533035005566289	0.195538835638348	0.682825094598586	-0.153242506838623	0.0326227919235509	0.49947890459222	0.247035711056516	0.0890805943899375	0.972745479191146	0.200435798566211	0.000297022414250758	0.0190975696337746	0.406399656223804	9.80552892189251e-05	0.0127317203123332	0.440020937908013	0.117228495709448	0.771775023364215	0.245411331875927	0.0756861548927663	0.746566382212684	0.287745179008702	0.0241608757506258	0.26888142835944	0.260202757472585	0.0182941096183956	0.222318551864807	0.275557759952108	6.07822802740307e-05	0.00557594106830216	0.445949873018543	7.77190118648314e-06	0.000979621033272991	0.496874643169827
FABP4	P15090	Both	Olink	7.48809258564235e-06	0.00056368696964141	-0.494615751315786	5.47040995988143e-06	0.000434401097037532	-0.504009443523388	0.00550239880752136	0.135841965930206	0.317542525609346	0.00288751430658527	0.0668817416311632	0.34395025666886	1.36238435925928e-05	0.00170915096804848	0.479238109932338	1.10911979105821e-06	0.000231208817982135	0.534543054592868	0.102311825052497	0.448447820623046	0.19011723216566	0.0427236862910232	0.474991466967796	0.237862016815057	4.18849957237357e-07	8.7314106470249e-05	0.545428582982706	3.15659019127933e-06	0.000456571129701371	0.51486828062371	1.85855252701111e-06	0.000170734825362715	0.51878878369289	2.83796142597531e-05	0.0018311608248555	0.46908690184133	0.117604366344912	0.624073534381286	0.182244150531547	0.0185016502027796	0.602319751446902	0.275087673243685	0.000163256627955638	0.018058182112644	0.421897484159066	0.00204681129890269	0.184895287334209	0.355165503830533	0.118982808945276	0.878592403928334	-0.181574136744335	0.0972147714238987	0.563533755205916	-0.19560981358138	0.00105404229308902	0.178529165987842	0.370886391823716	0.0303955535943979	0.969759868974114	0.25360120137018	0.00394952561331561	0.0981946276338101	0.329010812354858	0.0218805564688096	0.287745442983169	0.268006235923356	0.0113332044321505	0.383763880197948	0.387053748477629	0.0204095101866107	0.574346380332799	0.370045182951427	0.00114357869684589	0.0462551980366025	0.368458111099689	0.000861644254473019	0.0413473495448123	0.381712451262588	0.000296076599184395	0.0163748486487696	0.406484266700304	1.72940775400611e-05	0.00180257500513713	0.480000818293561
FABP6	P51161	Both	Depleted	4.10183222716066e-06	0.000477375141103841	0.516050254554518	3.29004019891213e-06	0.000321634329845649	0.514063424110658	1.68557657157817e-05	0.00640543077511474	-0.48356342885695	5.61277084564347e-05	0.0124705563152297	-0.453425776194529	0.00258633970543356	0.0535679172888103	-0.349916978090297	0.000842600137199275	0.0264014709655773	-0.382369554938125	0.832351077242527	0.924856510101977	-0.0253878829645521	0.617437360293334	0.81826245332058	-0.0594344657243286	0.0338442415008467	0.283271665164621	-0.250453763779701	0.0120503699332002	0.18179693899223	-0.29244410555298	0.00985797755391499	0.128354674311291	-0.302286048413159	0.00308386613100812	0.0612761693023077	-0.341759357142744	0.283856466271136	0.768267113584336	0.128020595031411	0.0103266127747071	0.331593851339643	0.298451370670128	0.137067826892732	0.615984744716978	-0.176931889520654	0.111360548528266	0.624772923380254	-0.18792125524412	0.744605199341596	0.991405610839929	0.0390602567023304	0.540012373651457	0.81003832579428	0.0728846307722326	0.342112250059153	0.972565265309277	-0.113583585638702	0.59653272922119	0.863582193296666	-0.0629863375584945	0.00622683312279538	0.14129561147732	-0.319487855494995	0.00282540312418731	0.116129773348625	-0.344671033359292	0.798641224053313	0.966958091061786	0.0410949193713397	0.593950467072988	0.826659989479716	0.08806665558277	0.0161229129472545	0.192836248809397	-0.282701302761607	0.00175407597797413	0.0529254529650466	-0.360068012776555	0.0525985026960224	0.345210206664728	-0.229378260954123	0.0331132354201838	0.249011530359782	-0.249724892572027
FAH	P16930	Both	Depleted	0.000712995577710807	0.0169180698245166	-0.384733174967282	0.000286228056345757	0.00908495285336404	-0.4126019114426	0.000802760295106218	0.0409926352593857	0.378864661259289	0.000358285092545781	0.0306529470276965	0.406545649963044	1.07697627412753e-05	0.00143075762409763	0.484169834269711	1.78817287619738e-05	0.0021851472547132	0.479276105803577	0.335657802707777	0.578795527362287	0.112710604595879	0.392883562520546	0.684884041940239	0.101493097858282	2.68632868853237e-06	0.00041823100365568	0.511837458023822	7.82319117848551e-07	0.000238998490502732	0.540842576827965	2.59296254884996e-05	0.002347111284959	0.465334218952997	5.17567420617776e-06	0.000709285351461888	0.505120217086622	0.202182712029416	0.702764178192807	-0.148944266661092	0.150592387385293	0.834774013622797	-0.169946568213688	0.176247841100726	0.684064781521113	0.157831699609364	0.172422933481406	0.706976152543799	0.161434568284386	0.935827579047894	0.99915028120689	0.00945569610145683	0.55513223513763	0.813177153758203	-0.070190684418909	0.0225439224567331	0.972565265309277	0.263154935710375	0.0249796110840506	0.559751910669056	0.262288384495371	0.0398777723585558	0.365023504285807	0.237870071441079	0.0149141380768236	0.248564795460969	0.283941407945946	0.314325857152128	0.815009077738304	0.15906700860747	0.615675177122256	0.839333039470603	0.0829424228494778	0.000114454282779798	0.0129443798376491	0.430751981334902	0.000158401611324734	0.00992650097635002	0.42803352830145	0.000204846020599895	0.010430076548878	0.416108856518651	0.00052197866913831	0.0190405353339408	0.396132202883096
FAM20A	Q96MK3	Both	Olink	4.5025542843049e-06	0.000406730737015542	-0.504834792172647	0.000160289968104509	0.00611811005018619	-0.427731594162808	0.00136788969108112	0.0525817911551161	0.363056895421033	0.00375910996357778	0.0768844377456285	0.335070541652912	2.45618473986298e-05	0.00252515372513631	0.466528562372212	0.000149721981738803	0.00765559567004069	0.429465432585648	0.174942730201569	0.549038562647657	0.158303368656401	0.186178186676922	0.776219824453015	0.156470554169973	1.9824516079191e-05	0.00145201185336778	0.471207885255799	0.00373933501467331	0.0902451902584103	0.33525061142699	9.1645630239295e-06	0.000613233723329604	0.487512219668376	0.00163873151652731	0.0429078493699422	0.36220453769776	0.175104945913132	0.682356775355047	-0.158244604048879	0.0431968124836107	0.715676625097587	-0.237337686821976	0.0557434767858225	0.406088231423599	0.221863216776671	0.194172188752438	0.704579341727413	0.153706764655229	0.170359165463033	0.909785136741578	-0.159980552844313	0.0271000286824441	0.534906456586828	-0.258713775673197	0.0855550027567218	0.611534885054854	0.199879074237176	0.40720350663684	0.978733040342204	0.0984701191152097	0.000564994296252356	0.0281010027236606	0.388866450128602	0.00443189644970374	0.113843027286229	0.329395979510736	0.00947225191184295	0.346889225420195	0.395791836939468	0.0826432894033704	0.749730711594155	0.281418997145786	5.11991472670509e-05	0.00660712805208133	0.449949136423653	0.0133750742908987	0.19416283154784	0.288315465919162	2.52923995107808e-05	0.00326392393686743	0.465883155166526	0.00130443465752235	0.0447470623023489	0.369266843363508
FAM83F	Q8NEG4	Both	Olink	0.00209854606824545	0.0458303892619938	0.35204050785019	0.0015500326598381	0.0354261022452286	0.363941685620794	0.000624635833987765	0.0322478568212072	-0.386040851504736	0.00375652950505221	0.0768844377456285	-0.335093991324103	0.0431398269851952	0.330657707023055	-0.234196346709299	0.217541075170815	0.591386187011629	-0.146068194369455	0.0902149725826287	0.429149456420281	-0.197023373970517	0.239782333799377	0.826348587021206	-0.139317912550339	0.0233402437650029	0.252855368534291	-0.261679312923317	0.0177534593690366	0.247999355103553	-0.276804163630161	0.00526187075943413	0.0815745653586112	-0.319113856237055	0.00433082450106304	0.0827635788126677	-0.330197411194074	0.709884568304908	0.937133238702528	0.0436691065001077	0.503859199298938	0.998823757686294	0.0794817356854965	0.235450816373915	0.70281556824894	-0.138663637500439	0.0583596568403142	0.552988356773606	-0.22261070723621	0.106590428121614	0.866342415591193	0.187827349190941	0.0583591522593552	0.540862655184353	0.222611142166289	0.201814798057426	0.729988113484119	-0.149064435561049	0.371528728700584	0.972745479191146	-0.106125473511608	0.000215457810270912	0.016447624389695	-0.414806197832759	0.000597760576841715	0.0356028827085945	-0.392296002262418	0.0890753200874651	0.723700924214054	-0.265640909663204	0.0107096291110061	0.450496090342101	-0.404199362194634	0.0227822845793088	0.257249963374695	-0.262708650008597	0.0937553944781086	0.432274245232755	-0.197621951475901	0.0850765006123958	0.398152104990742	-0.200179217020522	0.162607946454714	0.539509726826027	-0.165156695316479
FAS	P25445	Post_only	Olink	0.0104288967215047	0.139223202538314	-0.296074807056363	5.67833938861325e-05	0.00260583348864708	-0.453152333438122	0.0880741110086676	0.630028050643447	0.1983204946368	0.00058605050966358	0.0223689701575817	0.39285874346332	0.603705913910098	0.871406797742716	0.0609053076883131	0.0461473278739247	0.301945750736595	0.234170880282951	0.027950719984122	0.293023021883832	0.253890497771419	0.000210280535887135	0.0356162657658835	0.420736631503867	0.000441039517464727	0.0161515823287758	0.395734721634499	0.000123251205282555	0.00734089596298296	0.434360538052761	0.000109000897445585	0.00457972762910906	0.431950267095764	1.56484247007583e-05	0.00111597976155408	0.4821597312641	0.766373340378423	0.953740174420717	0.0348841668257305	0.599617856504942	0.998823757686294	0.0624587494152899	0.0311926080364686	0.321547320712715	0.249041201087331	0.152418280407316	0.669668801914222	0.16920081568012	0.510838332675168	0.976079072595515	0.077107289091284	0.269925194241847	0.730401673884579	-0.130825998896769	0.00271264557209022	0.270650591856575	0.341505297667184	0.0459753120246394	0.972745479191146	0.2343508498539	0.00386272700054024	0.0964791720872264	0.329764198658527	0.000177132889531608	0.0168431624782687	0.425174617030025	0.0138186485030475	0.412712366290961	0.377123515564908	0.001064170904356	0.220368746375588	0.504233036354273	0.164572010214797	0.578832118990397	0.16214613777881	0.0961607138283151	0.436090812028415	0.196216878197328	0.69299783501155	0.891841299169618	0.0463402536948859	0.0463230372592421	0.337698076563397	0.233987616271312
FAT1	Q14517	Both	Depleted	2.24967869356421e-10	2.74910736353546e-07	-0.655933378356221	1.86923018556885e-09	1.52279952451009e-06	-0.632996260941743	4.54690451801321e-05	0.00986833841956934	0.45268686155675	4.51550994797358e-05	0.0111819827629385	0.458504633712895	1.88368571358837e-07	9.20745576801997e-05	0.558823441782402	1.56002051665944e-07	0.000127089671423856	0.568377776774701	0.00151912439316003	0.0431279239215593	0.3598508824181	0.00366199833364258	0.157016209253025	0.335963069705558	1.68786472886751e-10	2.06257069867609e-07	0.655926558003913	2.55709523897854e-08	1.45506523409732e-05	0.596540294476298	3.60123726642679e-11	5.06761240028799e-08	0.673408134775063	6.34167504338968e-09	3.87476345151109e-06	0.616548720422122	0.145945825713098	0.627664128488107	-0.169523106402079	0.0505970792865283	0.637418875135438	-0.229696798502554	0.00180534453380219	0.0747841023832637	0.354500943403036	0.00282186066278345	0.0884609059408449	0.34471256763578	0.855284814542314	0.99915028120689	-0.0214166867713817	0.45457690875349	0.759388902934744	-0.0888848099183354	0.0161996420711172	0.972565265309277	0.276834819970297	0.00969454233045377	0.515075249035413	0.300874775153878	1.13572847871265e-06	0.00146718714899588	0.527848670674016	2.56380226920811e-05	0.00926984609036267	0.471355999351518	0.0382533233471143	0.603168530711919	0.320909945477617	0.0200706561489154	0.341898372083468	0.370976646358883	4.04169232390194e-05	0.00705564002829738	0.455380764569223	0.000107927313361869	0.00775806923107083	0.437658764721821	3.54538957901146e-07	0.000125607326810649	0.548271394281427	2.41269179292087e-06	0.000421187052992757	0.520042693751273
FBP1	P09467	Both	Depleted	4.32331129421809e-06	0.000480280581957682	-0.50563687995037	9.27528643122282e-05	0.00396161216592872	-0.441382010111159	2.35879202029594e-05	0.00640543077511474	0.467417365852468	0.000480901962775078	0.0345683646183026	0.39842946104275	1.11229111529685e-05	0.00143075762409763	0.483497448480488	0.000950674787007637	0.0285703577037277	0.378805241860688	0.0116825617190552	0.0948577436590399	0.289759429746872	0.00659677983125072	0.196616218385083	0.315237686184668	1.01962316276695e-06	0.000231947428498561	0.529797856804312	2.49010920185902e-05	0.00243433075573737	0.47200443679636	4.57872423284083e-07	0.000139880025313287	0.543898632082453	1.86456631607352e-05	0.00183787328403234	0.478366487308917	0.124275848972943	0.602639235892604	-0.179055392691116	0.747532769160382	0.988728435054251	-0.0383224735221117	0.0102292181196459	0.179857619312335	0.29485361425773	0.0900620164628861	0.582305736072205	0.199835586396401	0.304637701009761	0.964422980916911	0.120122185970156	0.220631905704234	0.592005129992109	0.145102105797215	0.00514478575306047	0.821150935015848	0.319901872455022	0.0465919930982626	0.559751910669056	0.233708202895332	0.000248906442861985	0.0243330938541876	0.411054659267548	0.00251447383347693	0.115950453755049	0.348507325443798	0.0570311261182351	0.644077806362603	0.295965582070068	0.202921568217534	0.549965831342182	0.208419996943675	1.12699581556106e-06	0.000620672438685543	0.527988589112264	0.000151749607552732	0.00975989581207573	0.429124212277998	1.87695536915182e-06	0.000345898672493186	0.518604841803957	0.000134767445259634	0.00716025296118578	0.432122296722118
FCAMR	Q8WWV6	Both	Olink	6.80758523912031e-07	8.04276139207302e-05	-0.540127709442712	4.57363409988206e-05	0.00226037263262606	-0.458208220028147	3.60424891203371e-07	0.000217055878924697	0.547991759060457	5.92128965264673e-06	0.00102259501196053	0.502414211732525	0.00114892170398347	0.0444796831113602	0.368318712053876	0.003204548578786	0.0650511359438955	0.340473791166044	0.0145268609378491	0.251601946187581	0.281207920804883	0.0209539310560179	0.358265950547688	0.269849738139063	1.09724843524627e-06	0.000165196847750966	0.528473002072581	0.000283248844201145	0.0133496411788714	0.412881350626701	1.47404576937101e-07	2.6193796814577e-05	0.56281888294949	8.91266273317073e-05	0.00455722943526277	0.442354862987073	0.239267786790884	0.719876611373108	0.137550597898131	0.166466237182201	0.941738228431278	0.163674316209755	0.0860057116374257	0.493279708612788	0.199597577652967	0.311055019362661	0.776466481988767	0.120208106743102	0.645021788794828	0.980755103210386	0.0540649128967653	0.605906308440647	0.894817328941702	0.0613870640829248	0.0619678698345106	0.567306540666726	0.216599544834927	0.137282738568082	0.972745479191146	0.175597822262502	7.83556035733286e-05	0.00816706483398925	0.43993740315225	0.00160627484677551	0.0659546187085096	0.362830141591298	0.131840897358162	0.796631282586909	0.236341220021395	0.24386283432205	0.856340460912515	0.19110273564304	0.000366471263247028	0.0233679323152811	0.400775729423568	0.00358896947974593	0.0977498220111706	0.336648240842714	0.00556108389644171	0.113739904598921	0.317168374188349	0.0222632292762513	0.245051825496501	0.267264269212239
FGF21	Q9NSA1	Both	Olink	1.73131654248988e-06	0.000183994816868532	-0.523185947472751	6.1343763499337e-06	0.000468286194600573	-0.501699523487479	0.0458525668633726	0.463658418655745	0.231312505036846	0.0110027599485532	0.148172369998782	0.29599800566856	1.33419059618844e-06	0.000425371354784786	0.52491491683372	1.97266507454969e-06	0.000334120147001853	0.523864511229838	0.171364865993537	0.543792490447875	0.159609748735869	0.37086483387497	0.905616468880309	0.106272028982949	6.25212282111076e-06	0.000546556543393876	0.495294559712691	7.75348040391127e-05	0.00512486143770721	0.445730840014456	1.82619819481451e-05	0.00103104106415569	0.47298277491027	8.19574242520882e-05	0.00435499254359135	0.444390977194794	0.727924828152083	0.942516378377563	-0.0408397408418324	0.39040077727032	0.998823757686294	-0.102023805557851	0.00211752888465185	0.0856493026478586	0.349474776699773	0.0158676488074035	0.41347431026984	0.28142322773533	0.0815714463806417	0.862775725616708	-0.202419564983873	0.179101235579484	0.663973116854174	-0.158989848760152	0.0244958813569688	0.479305692977513	0.259612202719535	0.165182944858495	0.972745479191146	0.164164528307011	0.00342676814733144	0.0892936699929634	0.333792689171208	0.00409763159832326	0.109404745137498	0.332111739223363	0.0138292257257551	0.412712366290961	0.377084624234765	0.0354414487763815	0.650724908353511	0.337813305567951	8.91365948844608e-06	0.00242488939232427	0.488083570864564	8.36858807916132e-05	0.0100278190134521	0.443885438192562	1.74240662647431e-05	0.00242149843986943	0.473993798495105	0.000114029508676995	0.0074141838417687	0.436296555265451
FGFR2	P21802	Post_only	PCA	0.00236813491256469	0.0832614706758539	-0.348159180860965	0.000690940691499158	0.0281285592039262	-0.388144993842688	0.0739285146498775	0.652631930999092	0.207583863525052	0.0683699386599906	0.551698822117648	0.214526368785023	0.129360791499794	0.69972428129434	0.176711727508849	0.0336952640919121	0.38612276703843	0.248929604277774	0.00222557549287766	0.0666110464872383	0.347889791595556	0.113855792629094	0.619755297628325	0.186644696486987	0.0173879144631812	0.275910178202056	0.27395887323528	1.33133404083124e-05	0.00240225871944507	0.485618301507427	0.00675941008801978	0.16589379272176	0.310202270858484	7.56636327860645e-05	0.00616061262737062	0.446319126482096	0.972364099869646	0.995524877095599	-0.0040685949050669	0.98994639659446	0.99582708223725	0.00150069666158098	0.12978530451464	0.773775794698957	0.176519261417137	0.448305441990296	0.90414996135506	0.0901202991380728	0.454040384212259	0.926879706930494	0.0877589784155742	0.816394358648307	0.957878760273912	0.0276471870720552	0.301627400965355	0.971919784765646	0.120866886098446	0.0312218423834121	0.631055722192586	0.252392864413506	0.039737610749851	0.565201026795577	0.238033434958421	0.0708376419744644	0.567310138805473	0.212681516945276	0.618153117051655	0.993651446499619	0.0791842321617707	0.494775802785952	0.925933258388608	0.112640815915888	0.0222821684206365	0.37467950594266	0.263649668858893	0.0149906795657726	0.309999373310664	0.28373422066427	0.10616588524846	0.612830688355851	0.188051334787088	0.0585904113063088	0.447012921884213	0.222412125030605
FLNC	Q14315	Both	Depleted	0.000118693564269737	0.00429756828223971	0.432552646224618	0.001309447134562	0.0296323036747178	0.369149422447437	0.0103370083948395	0.163527640839371	-0.294454836430473	0.00911642211251954	0.17832835882269	-0.303215184922887	0.00142586104143918	0.0375924016029017	-0.361791836284547	0.011997233264502	0.144439596544053	-0.292617779340009	0.63849405847265	0.812749728597478	0.0551331756179353	0.773350918360221	0.90347497345716	0.0342891221303631	0.00387153964272717	0.0795129654355059	-0.329687024578722	0.00665024203116745	0.121897883606574	-0.314943452730151	0.00211141917401906	0.0478820225868476	-0.349566555692123	0.00478196271772375	0.0828873537738784	-0.326740053249664	0.103762026645432	0.56605891321749	0.189332886045783	0.716760212571446	0.988728435054251	0.0431871824023375	0.0858134672292663	0.521826924780135	-0.199717503496232	0.429820190953203	0.876130564378339	-0.0938191402655957	0.0310065181273328	0.647691711993173	0.249307796597479	0.321791779027188	0.675698493080403	0.117588960179272	0.168601092157322	0.972565265309277	-0.160632635928709	0.540207143123098	0.846867387936402	-0.0728496968219384	0.00512712170481329	0.13620310268004	-0.320022131357666	0.0103668873449598	0.20432800541195	-0.298301376372196	0.011812106354529	0.535927547760971	-0.385004984172739	0.116269859076959	0.463844731010617	-0.255619195993891	0.0197688888118933	0.204819499172869	-0.2686706131036	0.0400273117637993	0.325969168487075	-0.240945492009963	8.24631807341178e-05	0.00592764746218188	-0.438714028629854	6.57206582609473e-05	0.00401553221974388	-0.449690962300119
FMOD	Q06828	Pre_only	Depleted	0.00203309876855822	0.0373155262684622	0.353050082101061	0.0799074793925357	0.383301489349615	0.2092386948007	0.00617032706231589	0.118028063628239	-0.313477309394934	0.156961072438156	0.656363011447835	-0.169764410303137	0.0815560204208015	0.43331068240965	-0.202429592351064	0.334123406140003	0.798613531681743	-0.116299065191323	0.99150022982199	0.995288757099297	0.00125112585575744	0.890949028750297	0.948792778329292	-0.0165640858121697	0.0071536179417904	0.114270864377358	-0.308148309368586	0.0972559996633835	0.550216812910438	-0.198364515085292	0.00565196108490479	0.0891186638161762	-0.316595806895473	0.0524003167417902	0.374463082213261	-0.231189842466248	0.779026947091888	0.958286248448025	0.0329439629659281	0.734442159293947	0.988728435054251	-0.040968582037992	0.0113271675598385	0.184362384445726	-0.290951918592563	0.0128665858667505	0.219122354376794	-0.29387138097326	0.316840789094152	0.97192497182421	0.117151253087898	0.960991271518244	0.985590712375404	0.00590935376067513	0.832755107135638	0.980205813254029	-0.0247964732125923	0.506228458175236	0.824593004055099	-0.0801840595951087	0.0224440416720199	0.269523748120568	-0.263343137429709	0.0629012092668037	0.460994696088921	-0.221906406530704	0.177235591782693	0.729827280656326	-0.212227916907312	0.582564176566098	0.823176442969644	-0.090784980969512	0.00332827771398892	0.0782145262787395	-0.334765751447813	0.212478438126812	0.730388259955284	-0.149787794983971	0.0204342769527077	0.187749522076758	-0.267290547845638	0.0600589932921466	0.356272280597103	-0.224286627814969
FST	P19883	Both	Olink	0.000113394574451805	0.00495644027039343	-0.433682299774041	0.000673151505397182	0.0182424057962636	-0.388896408867431	9.0446947750014e-06	0.00199501075407785	0.487783330577935	0.000120608826838842	0.00710543305941872	0.434901237047934	0.0222963258416616	0.23835519933295	0.263622784122398	0.000914948526005377	0.0268055189781035	0.379940911122149	0.0204526867692239	0.274155848647626	0.267252913482441	0.00443069200967797	0.176576108032754	0.329405434035679	0.00462430571046962	0.0907112746247897	0.323609326335399	0.00384375437885022	0.0917759856095516	0.334309169948488	0.000365936222482767	0.0110803034964056	0.400815180049698	0.00193633803801417	0.0481012139360368	0.356936758139883	0.722221545104843	0.94070288110336	-0.0417316347482404	0.695082365527089	0.998823757686294	0.0466565897110015	0.04364334011234	0.379300622890992	0.233649960942252	0.0367781514434579	0.504252261067154	0.244899175920148	0.295759103256279	0.941288514180289	0.122332671303468	0.99244499527126	0.997922189376844	0.00112771929615796	0.116864399855905	0.647386206327238	0.182606315225017	0.118720851578901	0.972745479191146	0.184216456752651	3.77066915423677e-05	0.00504734999761091	0.45695779182187	0.00166679097918127	0.067248262318388	0.361672619000367	0.00368370130196055	0.246489642674397	0.438406675787052	0.00555647747830281	0.349565628763239	0.435760264482872	0.0012400572202698	0.0487036966221909	0.366027078309437	0.00826148785473876	0.155897655926524	0.306925866264805	0.0578760966547568	0.332297080369472	0.220008228542836	0.00231943211508874	0.0667165583170059	0.351136702707151
FSTL3	O95633	Pre_only	Olink	0.00148132911774364	0.0350602786819674	-0.362964019247952	0.00403465663220891	0.0719336807453037	-0.332645290927677	0.0158490037791222	0.262175546791285	0.277718129130694	0.0250017952924203	0.25094394534244	0.262249678267772	0.000150054005259774	0.010562242967636	0.424022163379221	7.16771543495685e-06	0.000802018297445706	0.49853318159935	0.0413431037136468	0.340618012304378	0.236190117885791	0.0765251190487106	0.574951882690596	0.20861811987856	0.000377656906530478	0.0145170243503205	0.399962814014021	0.0047822841108032	0.103266852113758	0.326737695128212	0.000241947890634264	0.00862735241603757	0.411795246921149	0.0058581553029875	0.101551116795311	0.319533741241578	0.0884403899800617	0.590460047875479	0.198096819776699	0.0985598574659411	0.861750794977888	0.194842570537232	0.0306606324618305	0.321534688062706	0.249806911725563	0.201830446464447	0.705503401733249	0.151134699317451	0.972086102941295	0.997320543547661	0.00410953827265412	0.304760563661618	0.752959742549691	-0.121770784587183	0.122248828812093	0.659948277983913	0.180010083374145	0.19744284253598	0.972745479191146	0.15259956934395	0.00413165226885857	0.100871870708169	0.327476699297024	0.0326387585882381	0.350301131778714	0.250381930994118	0.0238546766882491	0.497278260193501	0.348161701431685	0.0703764559674348	0.737457752521184	0.292886879044207	0.00333649530752863	0.0886461008176725	0.334683588679527	0.0106241332370809	0.17663436240791	0.297355113781431	0.000669574656305316	0.0288023383902763	0.384069876705352	0.00020233706225895	0.0108580878954803	0.421738211729753
FTCD	O95954	Both	Olink	1.2535627301007e-08	3.16504356925474e-06	-0.603581182820978	6.34254760332787e-10	3.12514618273064e-07	-0.64678031952471	2.01122259224059e-05	0.002725206612486	0.470895367385025	1.21942523870286e-05	0.00157363923661178	0.487481816956562	3.10483557394383e-07	0.000152983716461596	0.550515622442884	6.06150008343059e-08	2.73777753768281e-05	0.583431081181505	0.129319815028586	0.492092145504625	0.176730330863276	0.0604987031964267	0.52165685241304	0.220793791424801	2.38334897619723e-06	0.000287061143355311	0.514112496613986	3.20105220085832e-06	0.000456571129701371	0.514596634479071	6.50574814032688e-07	7.66546846099385e-05	0.537790587761938	1.00414841368402e-06	0.000147094173031551	0.536350473501734	0.0260761393123029	0.472684532015657	-0.25691556061889	0.0177568836785524	0.589722508715864	-0.276796167499847	0.00519680385290594	0.129204939829129	0.319549837301601	0.00459145057718968	0.2592256471705	0.328163219929625	0.869176287337681	0.991148687402488	0.0193415641046023	0.59262235302704	0.891668708739665	-0.0636568030538598	0.0865195788986799	0.612988389059928	0.199278054923095	0.208036530199669	0.972745479191146	0.149100992380262	0.000262822488906642	0.0182754146723487	0.409628942218246	0.000582915258356798	0.0353818173409092	0.393011149642859	0.0107002977779725	0.374165251332973	0.389877887908642	0.0329982514708509	0.629755362577506	0.342162236487228	4.59077511412928e-07	0.000391750444010019	0.543853371520771	1.40593359339734e-07	0.000293633735723449	0.570071202083161	5.75691380630933e-07	0.000222874805929976	0.539930655989072	8.47603006680072e-09	7.4245072875254e-06	0.612498593179582
FUOM	A2VDF0	Both	Olink	5.42188358736601e-06	0.000466454111801965	-0.501140179920652	7.29091540330465e-06	0.000522116418804893	-0.498184637921888	1.16985253803128e-05	0.0021135335853765	0.482443115780417	0.000468389617351699	0.0195282440465093	0.399164864056433	4.28354072559078e-05	0.0041458554879825	0.454054366665251	1.16798704044153e-06	0.000234462583673818	0.5335987928688	0.00439295327101125	0.175790139969422	0.325377435807338	0.000706946848915696	0.0769024879255943	0.387483783486349	4.55252887891276e-06	0.000432889588135214	0.501608861878329	9.86701663430188e-05	0.00621851513464142	0.439867531647456	1.31427707184194e-06	0.000129516031443333	0.525190023186998	6.57806560715265e-05	0.0037138662073716	0.449669236280056	0.295376668365241	0.757304419365944	-0.122428854210445	0.342349280193031	0.998823757686294	-0.112725372832757	0.0171337540264938	0.244381439009464	0.27455948727002	0.00933653392905356	0.351416763162988	0.302309228448365	0.154782820650889	0.909785136741578	0.165940928721908	0.512400392903444	0.858499575650978	0.0779021223603469	0.109660307109249	0.637724103575245	0.186227966851037	0.0740757057325527	0.972745479191146	0.210337416242408	0.00238673230848754	0.0718671617333469	0.345649502095794	0.00684278001811748	0.146015227158255	0.313900764348899	0.202935604569066	0.846663386132252	0.200512819430862	0.342287861242345	0.895205191051587	0.156212541365268	3.25880406410939e-06	0.00117751453516486	0.508129818395438	7.24172114785524e-07	0.000436112540237504	0.54221930742393	4.02836294829904e-05	0.00473628561516557	0.455455994520646	5.53919524836941e-07	0.000120089752984649	0.546949736942284
FURIN	P09958	Both	Olink	3.65551500679321e-11	3.96257826736384e-08	-0.676647603612584	1.57805038322266e-09	6.22040159043642e-07	-0.635201868037162	7.43541956050614e-07	0.000335833116816194	0.535436042145337	1.84533843692756e-07	9.85642885781208e-05	0.565622587996609	3.79469876107982e-06	0.000685575576168421	0.505176939037309	2.0334824721663e-07	6.12304166618965e-05	0.564018524885284	0.0435246619937839	0.340901254344376	0.233778272598224	0.0979656706659156	0.626841985458009	0.195180481347234	9.51377052890015e-09	5.15646362666388e-06	0.604183816937493	6.07319347667901e-06	0.000715580622686962	0.501902320211899	6.28978349760428e-10	4.2613283196269e-07	0.640080787895353	3.13942103794108e-07	6.07702215201453e-05	0.556737883073228	0.123428253426675	0.636518680849268	-0.179453136071212	0.085697514686959	0.837473084403266	-0.202545631578507	0.000352695325934394	0.0303429947073717	0.401808701573093	0.00143506410551787	0.16298099487522	0.366331798167616	0.217909266401116	0.923462499428928	-0.143946833481313	0.0869868792594834	0.562283072094068	-0.201733899841489	0.00398571208626995	0.303770503202503	0.328701065915201	0.10606428867191	0.972745479191146	0.19070586343711	3.48228911523883e-07	0.000209711188939938	0.548576093073923	7.63012249238032e-07	0.000459502932318904	0.541288682850714	2.20085613217417e-05	0.02982160059096	0.604934315871751	1.73230500437665e-05	0.0312969770790715	0.629916974955536	8.38495893409024e-06	0.00242488939232427	0.489338482416062	5.0186973645696e-05	0.00663447310145542	0.456047856752771	6.62065066055837e-09	8.97098164505659e-06	0.609245036409614	3.55545455313752e-09	3.85411273560107e-06	0.624459398453917
GAA	P10253	Pre_only	Depleted	0.000163243294363996	0.0053195548190081	-0.424557410716409	0.00315640722062701	0.0558873198976335	-0.340981351005658	0.000174330929616771	0.0194736066790055	0.420234066408494	0.000363721548200981	0.0306529470276965	0.406135342064469	0.000271054040276988	0.0143426601506415	0.40881789982137	0.00313085351589821	0.0597958697274852	0.341253578435494	0.0722403939993888	0.250789095077424	0.208781681654812	0.484207229305499	0.747974858105012	0.0831698255983617	0.00194450129568363	0.0481596651493949	0.35217110085118	0.000400637124760856	0.0152993302018052	0.40348898665338	0.000130149540544659	0.00662678077273221	0.427576150955536	0.000128217927077136	0.00594710071995043	0.43337253729431	0.25119564962414	0.746501411941889	-0.134149377982234	0.069312281372187	0.697116113883231	-0.213815655231161	0.0273349782669215	0.295604809222815	0.254864707703259	0.00325816454296845	0.099536926787686	0.339916454011405	0.530710946191178	0.986449788797904	-0.0735274909443133	0.283516262663247	0.653692213159411	-0.127206013087116	0.0581860394046685	0.972565265309277	0.219743287511561	0.00964173587802076	0.515075249035413	0.301083421110004	4.68034204810157e-05	0.0114387559655602	0.452021837209998	0.00136646526998529	0.0814546614596112	0.367841550248672	0.7510720833302	0.960039116425847	0.0504400837347387	0.858267450009887	0.951155591061905	0.0295509272056732	0.00125839365242375	0.0452281483312301	0.365584490608939	0.00354649411618115	0.0875518345449164	0.337052482180047	0.00115767881625546	0.030423301364821	0.368091502732167	0.0378581654161284	0.269753225297428	0.243553816674396
GALNS	P34059	Both	Depleted	2.93518607011977e-05	0.00163036244440289	-0.465431698178735	9.95789988528855e-05	0.00412493344400766	-0.442463463951495	0.0156015248807974	0.211988919880301	0.278351750868134	0.010803772556155	0.195373514628905	0.298735190541668	0.00415752163884948	0.0708793680069148	0.327263688738349	0.0477941362407782	0.335657669461097	0.234095286276683	0.0215290175713859	0.131724817540214	0.265101313665953	0.0086498854620695	0.21104847856758	0.307281562213138	0.0161150191773708	0.180665627841716	0.277046479563042	0.0161143465043403	0.218797015870042	0.282723174939364	0.00260371456858077	0.0535975629670454	0.3428383128036	0.00376473757598302	0.0691805912458835	0.337279034304204	0.202915629419153	0.702764178192807	-0.148705343820455	0.105868490689225	0.758775927403123	-0.192153086205513	0.00032804217201991	0.0258624215618278	0.403753173746343	0.133961035759598	0.672881212628669	0.178321087250521	0.659441671326541	0.987983438634793	-0.0517204354395385	0.0754250944425467	0.435505376086557	-0.210851809703174	0.20692399058041	0.972565265309277	0.147409428642923	0.177283552106194	0.620746420268678	0.160778054862043	0.000968810130874202	0.0591942989964138	0.373378227328711	0.00426891822783099	0.145585194445938	0.332930676642647	0.183797583790641	0.736937843323354	0.209127643869269	0.586464879531942	0.823472128305262	0.0911023674896132	0.0666590465898496	0.403254232340575	0.212909027934443	0.0596279426992294	0.399496328534419	0.223074838245342	0.000556344334139128	0.0183743993599463	0.38929863631504	0.0109156526868688	0.132068589934194	0.298333235558343
GAS2	O43903	Post_only	Olink	0.00301971147527111	0.060843257234087	-0.340203615482613	0.00172321364515285	0.0379667396614978	-0.360626988401272	0.0039343962497507	0.106744139313085	0.329141064223349	0.0120833071367615	0.158192088602047	0.292336785635558	0.00334637567841717	0.0863683627477193	0.334585039379291	0.000102854835322208	0.0060594913852866	0.438846355098074	0.0420040971851	0.340618012304378	0.235448434412051	0.296630892418113	0.871702827248916	0.123820440422268	0.000282576082660997	0.0114295699106164	0.407719813803476	0.000217899703493311	0.0111416640842806	0.419808092113242	0.000248007634062593	0.00867226694593066	0.411149240694788	0.000450094745640345	0.0163725739689307	0.400273079649005	0.834250359037606	0.970304534427856	-0.0245715693421611	0.863222263423787	0.998823757686294	-0.0205150941023282	0.0197805119798893	0.262128056066015	0.268646167345184	0.0250142263935184	0.442404905487157	0.262228001639885	0.044692743182349	0.775896165174687	0.232527752385551	0.524722756854296	0.862262475655124	-0.0756466658354034	0.0127960820760528	0.447450095820685	0.286216815371182	0.0394135592011354	0.972745479191146	0.24167134676529	0.00709195193350729	0.145907363541956	0.30846293793474	0.0690410355339349	0.500618234078349	0.21401942807292	0.147881309712205	0.798267599913349	0.227210133923156	0.656883297567864	0.963774260686936	0.0734249445669437	3.95352807470601e-05	0.00613587948908036	0.455882700282981	0.00243635822509945	0.0772225823394096	0.349537704413036	0.00172602305632952	0.0537646262373909	0.355902344059871	0.000564865858218371	0.022678318159582	0.393903344337981
GAST	P01350	Pre_only	Olink	0.00100020453159127	0.0265740615746309	-0.374842107591876	0.00411945893493638	0.0727279069294956	-0.331928507097548	0.0681389213621406	0.564515813082696	0.211788372585257	0.133715168633802	0.589074795362777	0.177182398094338	0.117649829607784	0.500127118803286	0.182221956444136	0.207422139642985	0.580396487798131	0.149300385732854	0.0027236623790436	0.146975367998332	0.341373162690028	0.00964782699895712	0.249594959982414	0.30105930341776	0.00366644914041526	0.0780110234994411	0.331524976080248	0.0269801422456776	0.308667418880341	0.2589094560751	0.00341654649022034	0.0632002797849634	0.333892508771476	0.019575917781529	0.225233747991176	0.272724228018309	0.682783217948797	0.932927126044757	-0.0479674103807027	0.388130601523219	0.998823757686294	-0.10251082648633	0.141738639586188	0.595931760671823	0.171285848796811	0.0718965129199965	0.5838225709563	0.211905697138414	0.658541236964247	0.984402429647465	-0.0518662334205251	0.688432971870544	0.915658087739472	-0.0477284789852201	0.00536137864904516	0.323874619331658	0.318456238591923	0.00664617778569596	0.9600628949349	0.314965747394792	0.0400795931398717	0.362673664383542	0.237635677872081	0.0294275721290024	0.334376186455332	0.255052387291913	0.00107603369461339	0.173352813184062	0.486893803607326	0.00109751772825693	0.220368746375588	0.503075272787862	0.0375688710565819	0.321679749015282	0.240624330084333	0.103912918885368	0.448184399065313	0.191867841351132	0.168024717421233	0.525198367026	0.160847504865755	0.126421065381759	0.493601036643072	0.180524639087524
GBA3	Q9H227	Post_only	Olink	0.0142103133132885	0.16953158175944	-0.283968281766927	0.000765122442038058	0.020529522949734	-0.385189965245705	0.13115722798118	0.728572328916354	0.17590051128783	0.00225625054913141	0.0576833866806239	0.352031038761489	0.117087245028526	0.4999474273722	0.182497062170508	0.0754188968008523	0.379715575539354	0.209389073412554	0.261309771416495	0.636936341551538	-0.131350850830404	0.841185688800833	0.986989607324049	0.0238608607766601	0.244393355850303	0.749786824311832	0.136075088290546	0.163738001211139	0.632145530948206	0.164719860040102	0.139903609405944	0.588724815978428	0.172067034618749	0.0689126338074497	0.45055063357826	0.214116114110915	0.0681067903235604	0.557992645703466	-0.211812495043117	0.103340412220838	0.863027787730261	-0.192180205389773	0.205317260253476	0.668936493802398	0.147926724584165	0.0820944850340245	0.583936897611613	0.204866368721479	0.779035927588512	0.985922537573798	0.0329425891544227	0.124000988789098	0.60015171261499	-0.181665953624992	0.352720035594464	0.810648217719952	0.108817941165791	0.162245116238633	0.972745479191146	0.165297426540315	0.140530718601716	0.62195638720609	0.171799206466191	0.12612011316798	0.636008695981978	0.180665656846097	0.621224488201696	0.972064809029716	0.0784947456585209	0.632342510373232	0.960550871913749	-0.0790627164914297	0.989709866912284	0.99890072303383	0.00151467184887899	0.292560365612136	0.643799099317002	0.124860522979517	0.0361921365589484	0.274642960214897	0.242334455606833	0.00890062741840674	0.154055109472175	0.304122116973689
GBP1	P32455	Post_only	Olink	0.00397372191204358	0.0740122775370316	-0.330964481821497	0.000839587320548245	0.0216693489398642	-0.382474742602149	0.00557498182508361	0.136725798606123	0.317080278000737	0.00152503469736335	0.0442015404262533	0.364447442860446	0.00449490062031288	0.103230344754643	0.324588364758841	0.0020513809932971	0.0473127020581714	0.355094101644599	0.249624778886641	0.629297042310865	0.134590884459068	0.00728466398714593	0.215753436122027	0.311601981931245	0.00581392232057398	0.105743150931245	0.315595240603842	0.00560612489275817	0.113418951723873	0.321109426239765	0.001491452208935	0.034994246633886	0.360415302310476	0.00171105798383439	0.0439522951297743	0.360849626410817	0.0448421179131748	0.518911948196772	-0.232369789150277	0.0247108824095237	0.661418018422783	-0.262759581675652	0.0134724237123139	0.218551295524374	0.284193515127988	0.016999620543099	0.421884057138972	0.278597540279368	0.125214774309675	0.885239089741849	0.178617203814727	0.484835841289786	0.84589081671478	0.0830506478926761	0.00960348988376041	0.395111656461981	0.297243658180985	0.0568189113513655	0.972745479191146	0.223953259797323	0.00642816163524256	0.139373410125576	0.312011386435036	0.00622564585626531	0.140012450377419	0.317340149694716	0.331782451815259	0.896946130059325	0.15349839566028	0.205375891053418	0.846492265786711	0.207317117134661	0.000380723629897574	0.0237606797661429	0.399743790185261	0.000264203072095763	0.0201687415599864	0.414734210992215	0.00388398365762043	0.0880802988464549	0.329578315513553	0.000172047431113808	0.0101104157738882	0.425922195338931
GCG	P01275	Both	Olink	1.18138665577284e-05	0.000823571777276558	-0.485167951681612	1.17085253510809e-05	0.000783459350652573	-0.48834085356979	0.000945387651542917	0.0418764858216679	0.374097812147075	1.26427851773131e-05	0.00159357896886133	0.486716476527977	0.0143169146913496	0.192137469422107	0.281787092023482	0.0205058065602385	0.198466913493736	0.270766331572256	0.339768405387868	0.716476970049356	0.111761666396805	0.0519818346574145	0.498973052848112	0.22837046035151	1.18732204041079e-05	0.000946365508680364	0.48213271543573	5.11061804394967e-05	0.00364467760502726	0.455623912799937	4.76144413859804e-07	6.29439688565887e-05	0.543224142232417	2.80521939641224e-06	0.000310291614868456	0.517150900460841	0.125990216575419	0.637186319476814	-0.178257198363423	0.360477340563333	0.998823757686294	-0.108586216930141	0.000118864398951049	0.0157132937149924	0.429820893423049	0.0205247228902693	0.434208241579344	0.270727296255235	0.774614400746457	0.985922537573798	0.0336195208663858	0.539830743428542	0.866158268023297	-0.0729172136209524	0.315300698248344	0.790726962658596	0.117522081295946	0.319191701306628	0.972745479191146	-0.118218019979768	2.13335654737004e-06	0.000879812217298271	0.516204567604917	8.78532245950785e-06	0.00238082238652663	0.494346154639121	0.344114525239801	0.904640511785835	0.149673655871945	0.548029896280799	0.939717931354125	0.0991806008892387	0.000586431519781596	0.0300971822531315	0.38782082280779	0.00121578056290342	0.0499206867495191	0.371413989088416	0.00682159580672908	0.124488381388793	0.309871375129966	0.00825956813845405	0.146732389439652	0.306934569564269
GCHFR	P30047	Pre_only	Olink	0.00197254503067866	0.0441784878771832	-0.35401051142028	0.00307646585818891	0.0606343452777597	-0.34183964064458	0.00355671104007291	0.101459862301027	0.332546333353258	0.00863009018501851	0.131641498316522	0.305286673310872	0.00177737216030375	0.0610373402361424	0.354988699297446	4.56909380210108e-05	0.00339239567224491	0.458231247801823	0.0368539834287407	0.329363896363903	0.241505686910438	0.0841334655418488	0.589547330984855	0.203543363803394	0.0004480034014685	0.0161878562397285	0.395304650401341	0.0104265028975041	0.176598892826475	0.298080279426434	0.000383497887242888	0.0114206513673431	0.399547040583798	0.00562731267052309	0.0993486471473457	0.320974579260639	0.688612469852513	0.934949903805298	-0.0470377415973382	0.81036541316745	0.998823757686294	0.0285719829665366	0.00342785927223201	0.113083489343496	0.333782049472877	0.0195859624926254	0.427497863452396	0.272702658087243	0.277565356333531	0.937555716466492	0.127002546170526	0.813386776324937	0.952907828774779	0.0281083205701628	0.000617359529583068	0.152917300614922	0.386372067698386	0.123006081966383	0.972745479191146	0.18214008988005	0.0100739318710863	0.177852477984651	0.295434595177832	0.0196666363619532	0.270234709943751	0.272529761770221	0.00252806371198606	0.228368421982741	0.453998119882804	0.410145504878255	0.905943485487553	0.135690736778032	0.000452078293968571	0.0259047783120483	0.395055820526386	0.00141885008369455	0.0561326091505434	0.366682671195054	0.000221942402281293	0.0130753023952675	0.414038921825636	8.31190182535807e-07	0.000150168359644802	0.539758123762413
GDF15	Q99988	Both	Olink	2.01411324149869e-11	3.63883125630764e-08	-0.683097086327915	2.60570811123311e-09	8.82683622680215e-07	-0.628618255050244	1.11279840261114e-09	6.03136734215236e-06	0.632912120354244	7.33711836203087e-09	3.75514934220933e-05	0.614520302235051	0.0228991123168786	0.241500803839479	0.262491362417031	0.0313974081487529	0.24485460743344	0.252139589015762	7.11259574425796e-06	0.00385502689338781	0.49269170379102	1.6227402032469e-08	1.75905038031964e-05	0.603219124079231	7.37804666513942e-07	0.000119001353770192	0.535573078428745	0.000155649128449267	0.0086083497570921	0.428479620452934	4.03075920673722e-09	1.56047963575112e-06	0.616031396815458	5.64068497647084e-06	0.000545937724508428	0.503393014640224	0.398325387636412	0.81223844448685	-0.098950133206169	0.606218477739598	0.998823757686294	-0.0613339915409104	0.00112584112535018	0.0604164247465146	0.368925149514583	0.0556193948958206	0.549942016533505	0.225019154216721	0.646618790857644	0.980755103210386	-0.053804234465933	0.301299005681578	0.749533620820287	-0.122639101740861	0.00505437021033444	0.322608394648677	0.320521329454815	0.103434353648958	0.972745479191146	0.192128858061875	1.43604711857264e-08	3.89168769133187e-05	0.598326667989389	2.52009896665291e-06	0.0010506874153276	0.519209853655784	7.56340142060059e-07	0.00409936356996552	0.679326786560766	4.28920776625537e-06	0.011623753046552	0.662767051699377	0.000923678207533153	0.040373676490562	0.374779357064845	0.00440193865667279	0.109442695042048	0.329631819456363	0.0133033512259133	0.184882470883206	0.284690911293624	0.0269006912944756	0.269006912944756	0.259039542186426
GGH	Q92820	Post_only	Neat	0.0300983602693385	0.328991309342152	-0.252318206166348	0.00132396590068692	0.0383695502372153	-0.368811585884751	0.141885508853443	0.714614319025914	0.171223655169452	0.0202709680372979	0.207811896817741	0.271253516271637	0.00346473540433543	0.0870226042388916	0.333424228631117	0.00134642666683793	0.0343909319817757	0.368295480358698	0.423019831364825	0.727720469350962	0.0938861204338632	0.2428984682535	0.821047981786711	0.138407338259722	0.0214146687537507	0.298531918269362	0.26532548458575	0.00614000622073783	0.13410129528481	0.317840936075805	0.0407144332349519	0.385779113091678	0.236904714153932	0.0102111488195973	0.170344630618652	0.298884234273147	0.583688675324479	0.858301701444876	0.0642924586044696	0.527153997880811	0.998279605744279	0.0752048194457606	0.258865602577011	0.786037071469481	0.132020299971542	0.338501093614819	0.67346172709045	0.113621487221844	0.935428582107707	0.9844777399447	-0.00951461335364884	0.49193611959809	0.782871113325184	-0.0817101479899504	0.0726128552742784	0.837575179275251	0.208515485439523	0.0952041212873972	0.988165370089238	0.196772337258707	0.391232969874429	0.912609495785769	0.100438400000714	0.196261949877478	0.746885753700403	0.152997802113614	0.223044584907816	0.75945439273502	0.192054030009045	0.303554090059018	0.840619297818113	0.169057282667939	0.0563963045531527	0.502894857760953	0.221289322340737	0.00862325501305951	0.170654231628507	0.305316507341397	0.000694352348593359	0.0268304869059024	0.383034102258614	0.00153591582801691	0.0551101226862258	0.364226385059877
GGT1	P19440	Both	Olink	1.65245111405893e-05	0.00106380541911742	-0.478031545372233	0.000228325090788437	0.00806546761450398	-0.418584757489033	0.0219145842046372	0.31873152804638	0.264352850082946	0.0732727601296865	0.443234776677345	0.210910912929567	0.00577255643286474	0.120800215699332	0.315848428173135	0.000712140449649294	0.0228390605745513	0.387272160737402	0.0600138731644472	0.379108616027161	0.218203773796778	0.117425298435366	0.672034375100882	0.184855505291414	2.53290068972234e-05	0.00173776224535381	0.465851273049196	0.000299667191920485	0.0136487073967145	0.411373608057422	1.25056226897877e-05	0.000788145057891272	0.481043648185339	0.000352437714263014	0.0138421189225039	0.406993380087341	0.791327028075298	0.960358741239378	0.0310663822028455	0.53279568566326	0.998823757686294	0.0741834142530459	0.00632341474741568	0.142211236228187	0.31260056376674	0.0609620862464139	0.554473049097174	0.220407079425203	0.239961419290798	0.927668254319634	0.137349653166716	0.855764486233057	0.966367933863735	0.0216454899390617	0.00777270558606505	0.366330993708457	0.305115129889852	0.0476220563802958	0.972745479191146	0.232650223755629	0.0029636641590772	0.0827992770216415	0.338607087344007	0.0147756422612721	0.240492435603889	0.284318638618685	0.0138088772837171	0.412712366290961	0.37715946577415	0.184478504042676	0.834743257234592	0.217022646554278	0.004877720396942	0.11015518563094	0.321760445015134	0.0136376012981266	0.194500588900626	0.287539592637406	0.0204766303673457	0.221082343806801	0.267204009916131	0.00443455027333748	0.097308754985786	0.329375155759563
GGT3P	A6NGU5	Both	Depleted	9.62760739058895e-05	0.0038476455412863	-0.43769787369539	0.000540005316563299	0.0145029999305572	-0.395175733486858	0.127769677487516	0.613495268721984	0.177437412050639	0.152789839527408	0.651286055631659	0.169049875254944	0.000572747304529961	0.0195292790833307	0.388484176371741	0.00576895886957276	0.090963454691844	0.320084431863031	0.139833399309522	0.362960881260492	0.172097076473373	0.0944912075960891	0.436855151220486	0.197189152639261	2.28596740260903e-05	0.00216545385714104	0.468104587708188	0.000365924365703685	0.014249494738433	0.405970683484541	8.62711376095426e-05	0.00490341070506331	0.437629256290092	0.000439044029642106	0.0151130085696522	0.400962576411963	0.681828090547711	0.926285632739637	0.0481200174945268	0.495971398047817	0.968289345299143	-0.0809528376975869	0.0449102346030236	0.38569041162426	0.232297900231673	0.00688467714019808	0.156928807795411	0.313677293830394	0.962544262740082	0.99915028120689	0.00551518925361361	0.706419357934939	0.884437124062157	-0.0448375137324246	0.0372829777570826	0.972565265309277	0.240975105006932	0.00339852397586593	0.415299629850816	0.338495229266887	0.0628002743854125	0.45009932726671	0.215928575496566	0.0346084766177677	0.374851716890993	0.24770465151877	0.10218462506741	0.69419057925505	0.25569073776764	0.184230424234168	0.52909419133761	0.217142418289436	0.00343291938578588	0.0791514620647236	0.333732747084764	0.00542689885018586	0.112316076492168	0.322268449345384	0.00182510529198884	0.0409225443451442	0.35416045657695	0.0171411670352696	0.177512763704233	0.278255666716984
GHR	P10912	Both	Olink	2.40832944574675e-07	3.72947017027068e-05	-0.557957595223954	0.000199364330526241	0.00725204477484714	-0.422122355324699	0.000332504083706126	0.0214544301629429	0.403391540779293	0.0034836494662517	0.0740810469901779	0.337658557997143	5.2671287938656e-06	0.000815652516078616	0.498722403013185	0.00023340574739256	0.0106307491669552	0.418007068954526	0.0650723473674329	0.388788288884863	0.214133091580424	0.129517798453301	0.695007057796862	0.179088240915527	2.92434855710152e-10	3.16999383589805e-07	0.649418433226527	1.95094714985086e-06	0.000341101082328763	0.524073287929444	2.5392297368561e-10	2.29377086229335e-07	0.651105645908837	2.31640309194142e-06	0.000261560515798386	0.520819473038449	0.967076126154458	0.995688391856826	0.0048474958847819	0.832516415431775	0.998823757686294	-0.0251820250199608	0.000608509841375656	0.0430290192071894	0.38677973120432	0.0152139022340694	0.408214604498298	0.283135152508777	0.290399466395587	0.938606505584459	0.123688154639638	0.118093064237871	0.590410198950538	0.184525448880911	0.00439567221211397	0.305442863969971	0.325356181309001	0.0589495649261147	0.972745479191146	0.222104306222747	3.71479010333916e-05	0.00504734999761091	0.457296000101839	0.00270873810911257	0.0815631141743897	0.346064031904647	0.0296419120203852	0.552475342995752	0.335904374009198	0.20464201081797	0.846492265786711	0.207645927287341	1.68077852462705e-05	0.00354941538563826	0.474766771771551	0.000400421127668601	0.0249457759995841	0.4035038107066	2.80811385835965e-06	0.000585383735088819	0.510990365724233	0.000541413521265051	0.0220636186861397	0.395102247448894
GHRL	Q9UBU3	Both	Olink	7.27630422502042e-05	0.00342935381735745	0.444454311406397	1.01353103083711e-05	0.000686667273392144	0.491371746234305	0.000784938996489537	0.0379854407229758	-0.379513469178904	0.00281816384017425	0.0658381379902777	-0.344755961460278	7.42343392198853e-05	0.00600522565032505	-0.44122603311252	0.000125655465503033	0.00697066184366967	-0.433877775840386	0.0809723770409975	0.416405613453466	-0.202810091271808	0.228257983975668	0.817666461511218	-0.142758372421061	0.000204250001406378	0.00907405743952927	-0.416183848543294	5.57157594577195e-06	0.000686316855138272	-0.503641073271633	0.000293810622029036	0.00942280219761762	-0.406687988552809	1.49537056609873e-05	0.00109525790111556	-0.483135386374087	0.986344097966791	0.99742825824731	0.00201014288755008	0.923795786298232	0.998823757686294	0.0113916508174342	0.646894610567081	0.912475143954119	-0.0537592388404642	0.322000571495498	0.782440571809731	-0.117538586343569	0.473124586518955	0.976079072595515	0.0841044021269475	0.495981540355219	0.850334251853238	0.0809509383362734	0.839159936462905	0.976228129561912	0.0238337258410367	0.774324076844026	0.99498445719098	-0.0341378731238436	0.0225344665943997	0.271698806670506	-0.263172722598326	0.033996107794799	0.358093540489479	-0.248523027668554	0.752139836526112	0.98048359232783	-0.0502166533356489	0.985638373401531	0.998947463552484	0.00297933445864902	0.00175483527694905	0.0617610857211939	-0.355386728169786	0.00324822582020604	0.0936114868826951	-0.34001914637065	0.000126600930583986	0.00931658644078142	-0.428261979348433	8.8895919290321e-05	0.00625734912407194	-0.442417988700393
GLB1	P16278	Post_only	Depleted	0.0547072365368673	0.335577237276464	-0.224298308194377	0.00238258985312377	0.0462809823038141	-0.352612252554835	0.274086477520446	0.821086365555135	0.127918464177469	0.142739121571523	0.629701106716249	0.174456055823272	0.00491498336597211	0.0790277588581304	0.321495793005076	0.0262572501444717	0.24046103550304	0.261904297942011	0.461508792926485	0.681956131933452	0.0863189896515762	0.070413774891231	0.394704738151763	0.214485846937898	0.0415787721517977	0.318553351532895	0.235924560192095	0.252550320484007	0.778578781911283	0.13660003154284	0.0317516880681446	0.254429920126378	0.248248213281079	0.112923756258165	0.544881340214011	0.188436206637363	0.827424428412627	0.964075251546702	-0.0255990029308612	0.911607895665557	0.998323087468733	-0.0133151903427934	0.0445784576331899	0.385284864760646	0.232648903667796	0.163773965141474	0.701163519557945	0.165870264711123	0.423801999591386	0.981380535740747	0.0937285563643316	0.553978558280582	0.813177153758203	-0.0708983161120404	0.753698972381486	0.980205813254029	0.0368369582096684	0.078148942244971	0.565678019554408	0.2089568882692	0.072523266889151	0.490237448557545	0.208579413650966	0.0237562874819682	0.308102462814911	0.26629630416845	0.408251598488982	0.868761736365493	0.131007221879057	0.517477270753225	0.797927097615698	0.108304412638804	0.112612867402796	0.527463473036794	0.184722076926977	0.13149339622331	0.58555502830057	0.179441965009484	0.0141291019165881	0.152794358779386	0.282311454793773	0.13078607853891	0.520588234444782	0.179766188508148
GLIPR2	Q9H4G4	Post_only	Neat	0.00911707749675932	0.164861971999433	0.301184878933097	0.00173194253925869	0.047455225575688	0.360467983795474	0.0921541995210363	0.596035959992282	-0.195869195319116	0.184887030493208	0.587815938719967	-0.156924945301176	0.213335954008258	0.676836384611463	-0.145373006606438	0.270613230302889	0.641246693552654	-0.130639848766786	0.302915524715444	0.637943116485417	0.120547635309535	0.50854136685904	0.884028668706469	0.0786141256814111	0.425262152060451	0.911491432889047	-0.0934348606389236	0.0860654813414191	0.621466552011779	-0.202312995665422	0.248478884781309	0.798775635449824	-0.134914148196838	0.0230393034907262	0.267078695080957	-0.26579225881146	0.0332393322793807	0.529027842837245	0.246193848164053	0.0699961831798638	0.893934305525888	0.213304705846624	0.964395109099357	0.995639740760686	0.00524247847824023	0.0543772180991651	0.419022554195742	-0.226142898647544	0.0132204787946742	0.272921391007863	0.284936715745039	0.242182327519631	0.586766507350618	0.138615888404634	0.404467739680081	0.923700129470704	0.0976738136506919	0.66889938255509	0.988165370089238	0.0508997558569001	0.0371562145507863	0.458970617442909	-0.24113135413229	0.00274827011938601	0.142815278272921	-0.345586107100718	0.404559703080346	0.862095362178564	-0.132032813889939	0.251780850038603	0.82074017350246	-0.187986816459825	0.608076054303843	0.953779013887393	-0.0601725003493159	0.11219375923052	0.516770248210235	-0.187492554795704	0.157421064859067	0.578618401811253	-0.164901094486777	0.0562617226713589	0.418443311377156	-0.224446075856631
GNPDA2	Q8TDQ7	Post_only	Depleted	0.0187615805857352	0.171735217046955	0.274505250175812	0.00119518590126005	0.0280509687982881	0.371932985434726	0.649462366862088	0.961408858032068	-0.0537118834126523	0.356363630659239	0.858812922385529	-0.109513986912687	0.0501365470307821	0.332312087840611	-0.22857270245459	0.00352348239163547	0.063240883760206	-0.337273290038084	0.281543112895263	0.528082400549519	-0.126835296468628	0.180425806241041	0.54039297849645	-0.158512890822112	0.031261733769779	0.274264708278536	-0.250621649702529	0.00146528984624496	0.0385071869271257	-0.365687150047216	0.0465496709742817	0.319521405458401	-0.232157062112738	0.000724992948992863	0.0208456796157477	-0.386754434280519	0.0724664336435076	0.494144407916612	-0.210041236086091	0.778595496175536	0.988728435054251	0.0334746401235739	0.0563667634312178	0.435913496382689	-0.222818498238286	4.53865399554752e-05	0.00554623518255906	-0.458386184988097	0.417737982951086	0.981380535740747	0.0956131810838954	0.107605897993196	0.473495760325492	0.189884426118664	0.126079296457311	0.972565265309277	-0.179437641757991	0.0645177127133378	0.559751910669056	-0.217516413797574	0.14023023097218	0.624709262104556	-0.173107373350535	0.00520392698223548	0.153674851897281	-0.323758534331339	0.822410771407294	0.966958091061786	-0.0356989940349032	0.310842077818598	0.647086084079109	-0.166565001673122	0.0190914789157803	0.200255684421318	-0.271928028979444	0.000106642728118711	0.00775806923107083	-0.437954564227036	0.00235248693206228	0.0473454009057248	-0.348373348529373	0.00285252108328396	0.0551560479100794	-0.344354616095647
GOLGA3	Q08378	Post_only	Neat	0.141567496840148	0.67300384144512	0.210874278935681	0.000505118047668022	0.017702625531063	0.465573659780989	0.754517419634893	0.952323586886345	-0.0448755866220451	0.0617685837200001	0.362199438389261	-0.260874664558894	0.211228564426088	0.673689676326909	-0.178073724042766	0.00108088056921099	0.0314989602133498	-0.440554117625383	0.829300329238434	0.941788130785291	-0.0309499626616543	0.83364677688297	0.952379598509499	-0.0298444844786105	0.842976907819365	0.982167021197806	-0.0284371346846912	0.0683480017655324	0.581923382263601	-0.254768100206356	0.690781199905684	0.96754294096258	-0.0570719001126993	0.0323411164201556	0.336124568587411	-0.297269057127828	0.0748929399381674	0.575835002483767	0.251614761299933	0.178332039642983	0.949633864812635	0.189554593527721	0.843098870436598	0.978545314640379	-0.0284147652844826	0.0159113484966152	0.29030031890648	-0.332834923893391	0.566404147280918	0.94169072655613	0.0821872982151274	0.709431245937364	0.900446120673715	0.0529233806747651	0.435494143992899	0.933482929068865	-0.111622644471329	0.915572398541305	0.992276601686301	0.0150667262225205	0.242327381863293	0.831981560089212	-0.166703365215956	0.0313365570702261	0.449051689406192	-0.298939144323511	0.814818145399849	0.975127262622728	-0.0438479383666665	0.0603348256040732	0.653699621293052	-0.34693951149677	0.182317754724274	0.754017570393964	-0.189751082040959	0.0152148465087752	0.21230346008078	-0.334951776796155	0.0390186977573523	0.322836875660559	-0.289963312838003	0.00264397185375228	0.0733468992186872	-0.408483765058224
GPA33	Q99795	Both	Olink	3.67647427606846e-08	7.97059623051641e-06	0.587770182183325	2.8073997505939e-10	1.52161066482189e-07	0.65673199698158	2.5706577250304e-08	6.96648243483237e-05	-0.589838160617451	1.53507053207925e-08	3.75514934220933e-05	-0.604024422413163	0.000138690193505291	0.0100226779839823	-0.425993742533069	4.46079238991369e-05	0.00337246131532084	-0.458786928187374	0.218521962679563	0.598774770794328	-0.143757373174178	0.0332877023407733	0.439703430605591	-0.249485279352549	1.55105775795698e-07	4.20336652406342e-05	-0.561993430832801	2.27727173569057e-08	1.76325897249184e-05	-0.598256944063449	2.06147710030795e-09	9.99119024076009e-07	-0.624951901228565	7.65917310941944e-11	1.03781795632633e-07	-0.671861536437046	0.506956147711005	0.862144652542976	0.0778148259481219	0.628817888909859	0.998823757686294	0.0575226228129783	0.0685573088692617	0.444209056730104	-0.211475100117387	0.00631794272468276	0.294493001414865	-0.316807184450818	0.1400998865936	0.896691873938827	0.171983110757393	0.103645392940596	0.576162081782596	0.192013638515956	0.777175258140101	0.9615057712598	0.033227323925043	0.91451497803329	0.996490931968062	-0.0127839659494233	7.45663030587522e-08	8.08298725156874e-05	-0.573653783687386	1.18724745107581e-09	6.43488118483087e-06	-0.638869074061777	0.308471561764227	0.893227576302312	-0.160978056655426	0.109030555321357	0.772977597893611	-0.260638324618216	0.00483679460552238	0.110140606594946	-0.322053183039826	0.000441943819950829	0.0271601335720858	-0.400780126701222	0.00458210645114711	0.0981621223921635	-0.323925893268004	0.00117151732034582	0.0407027171556047	-0.372539526634675
GPD1	P21695	Both	Olink	4.27370832927463e-07	5.51511884396869e-05	-0.548244124852082	5.26086785720403e-07	6.7890247109633e-05	-0.54785140724207	0.00189431318878467	0.0666699836572268	0.352993560704656	0.00040448346675243	0.0175850603839721	0.403226225197938	1.43125099010218e-07	9.69672545794227e-05	0.563295402884258	1.8496513876018e-08	1.1187859982676e-05	0.601312549865445	0.250929923041001	0.629297042310865	0.134223929771149	0.0511017024785914	0.498240501004435	0.229210057824696	1.40500746764849e-06	0.000195260012170636	0.523966940694086	4.55335161858107e-07	0.000123395828863547	0.550363574661586	3.03742830335082e-06	0.000245714349315843	0.50948501757035	9.47000965224754e-07	0.00014257625643106	0.537410735756482	0.0872283255765368	0.589158558624174	-0.198839809287492	0.246823363670457	0.998823757686294	-0.13727179706938	0.023904746412136	0.285065325279229	0.260658974810477	0.00401515797231858	0.240035581773792	0.332811992224297	0.475268000221715	0.976079072595515	-0.0836989806417334	0.863306481572059	0.967360167484093	-0.0205023394400875	0.0443468735849612	0.541393024950237	0.232895189097213	0.0162957796388747	0.96907969195277	0.280334721473795	0.00289279529991433	0.0820887462069931	0.339402381007896	0.00185774286829745	0.0716140214167276	0.358253050320745	0.0393588789120872	0.601947223153365	0.319191866802816	0.0283090280838575	0.613551760610302	0.351309383833706	4.66652385758739e-05	0.00642723111630919	0.452089881335357	4.7432887506949e-06	0.00171390833525109	0.506862009150686	9.2636996924975e-06	0.00152149249494959	0.487290492622129	2.16757664386662e-08	1.08672363517226e-05	0.598985151898758
GPLD1	P80108	Post_only	Neat	0.011385670860488	0.194324270490937	-0.292690222143033	0.00040249397686548	0.0159620637667442	-0.403361849915182	0.0769007788394081	0.554495089526258	0.205527053528948	0.000811535350361667	0.0412403571275204	0.38347092596042	0.30445337583539	0.75698119100952	0.120167647092159	0.0212164358379414	0.190316480998677	0.269320548653671	0.229216887502606	0.567620907935451	0.14050869253164	0.00755827232121001	0.316397677446208	0.310239286929202	0.0283448850583894	0.325716759005315	0.253276330648969	0.000615033700854604	0.0289642433496215	0.391483983073474	0.0183969970411214	0.240114022867946	0.271646256210237	0.00032339610206204	0.0164867876922847	0.409323141176214	0.462423622123972	0.810055612790247	-0.0861434821569109	0.885365101190678	0.998279605744279	-0.0171690845273484	0.00415910132454691	0.131750641693294	0.327250719656363	0.005657488575421	0.213145882078986	0.320783300176208	0.0179371672747486	0.309151187380719	0.272686238439689	0.18003379157414	0.501498935124268	0.158653783325688	0.284440710151481	0.923700129470704	0.125214657143439	0.158481431554452	0.988165370089238	0.166771154538875	0.173366835382326	0.75847887877953	0.158876339648724	0.0186542181239078	0.369855622803766	0.274744973328728	0.309247031027526	0.814359771903163	0.160723600792474	0.233591351411568	0.81136456544869	0.195248105726747	0.188164744729897	0.754017570393964	0.153638289795923	0.019665355781055	0.246824399263209	0.272532501510248	0.0163841991593486	0.220455251188735	0.276376484367426	0.00342077035439233	0.081357857525145	0.338274790532202
GPR37L1	O60883	Post_only	PCA	0.00298996593870275	0.0905564375852922	0.340531647355253	0.000710737129900153	0.0281925728193727	0.38732920285193	0.00972247363132518	0.294915033483531	-0.29677892688169	0.00163334246820214	0.0880356699894121	-0.362307634836772	0.0210193882248977	0.357329599823261	-0.266108343970895	0.000107434280204306	0.0175708698949789	-0.437771908401298	0.641414141466328	0.869647394258028	0.0546547554441083	0.798882099365889	0.962299051501759	0.0303381666853607	0.0500985854696966	0.456004001112794	-0.227069246558995	0.0356692664260276	0.355623889856979	-0.246315212100946	0.00774058287864985	0.177292265687112	-0.305267201091529	0.0120738079444641	0.203608587253091	-0.29236771097127	0.000486231579273126	0.0537285895096804	0.393047276497724	5.35653954177152e-05	0.0337731932689294	0.454523539145197	0.219366056483905	0.833135904914773	-0.143496970335298	0.568396219165787	0.923288367845005	-0.0678561921849109	0.0838477966634438	0.691884664382643	0.200956098792773	0.631279227674652	0.908815369979039	0.0571110606044962	0.918937146963086	0.991800034528283	0.0119520203426773	0.330984322397659	0.801462241998808	-0.115390555516085	0.00177102107704053	0.144198400325353	-0.355100405328105	0.00405882795999804	0.139646265983164	-0.332439631857568	0.552368152753474	0.993651446499619	0.0943313559863281	0.922981767631841	0.988811076864964	-0.0160005511398187	0.530432699130821	0.92583332282311	-0.0735771444990499	0.000781734254534582	0.06720741004838	-0.384564077000233	0.127422722653229	0.662044004813092	-0.177596566026093	0.0100870350278455	0.18957926689942	-0.29935430671737
GPX3	P22352	Both	Depleted	0.000297380296392194	0.00855055816920615	0.408948564255793	0.000135510286906277	0.00487039913527854	0.43198405140845	0.0256204439843147	0.295360212724836	-0.257678648538758	0.0080708484517802	0.170044427725438	-0.307798928904061	0.00118877805602026	0.0333950984932588	-0.367296986290793	2.82368967950094e-05	0.00253001631850121	-0.469199883490948	0.319195648871441	0.564890779030993	-0.116586473710811	0.308234749348505	0.637871064697498	-0.120905717857953	0.016034684526199	0.180593405447145	-0.277248300375661	0.00092138697001809	0.0271309609002917	-0.37973330930801	0.0154179737316083	0.172851044954361	-0.278827315043334	0.00103544208370735	0.026360629714383	-0.376258162300163	0.731460279908606	0.943189503017722	-0.0402880189149853	0.450441201524884	0.968289345299143	-0.0896984822910785	0.00400283247575451	0.116463363937429	-0.328555390395491	0.00137089464278201	0.0628979574511971	-0.367742023984312	0.607815681942833	0.987358093733703	0.060216096183539	0.531934558860125	0.809386772027402	-0.0743389691620337	0.477858395534577	0.972565265309277	-0.083210322359382	0.928960344982767	0.98327374756946	0.0106175305033347	0.0169929037053289	0.228740960606201	-0.274895638245599	0.00832560155254904	0.183313244994864	-0.306636210173112	0.0533784909691489	0.640184544514756	-0.300233629049486	0.0383516980082139	0.360654127501678	-0.332942099948575	0.000454926751117903	0.0243081948733791	-0.394883095996294	1.51792825734589e-05	0.00285370512381026	-0.482814034767968	0.0022979193045697	0.0471942418518348	-0.346866708262313	9.66378125827721e-05	0.0056234003321975	-0.440377998955473
GRN	P28799	Post_only	Olink	0.00430800513003404	0.0779962277747315	-0.328192629048823	2.71324798882193e-05	0.00154401907933032	-0.470092599227653	0.0457326462905381	0.463310173634984	0.231436972455337	6.2075182613671e-05	0.00471871785247739	0.451046776196613	0.0722270222602101	0.420032683101222	0.208791258813414	0.0139010255694973	0.158236384003543	0.286773938237044	0.112999960328395	0.465449738279203	0.184526917808498	0.000337743181678532	0.0508491123527124	0.40814927241736	0.014020978544712	0.189230046548284	0.282616066977646	0.00430070613353417	0.0987531141694194	0.330439438438843	0.00667209544549785	0.0966918644775356	0.310671430697537	0.000846155459788502	0.0254786810669649	0.382245864744443	0.349896889965964	0.794487282620665	-0.109453788988805	0.59309012711541	0.998823757686294	-0.0635764953630101	0.0027376799626801	0.100940308828069	0.341205726053182	0.00289888647036084	0.204051489212413	0.343819789398003	0.662684997486621	0.984421531772917	0.05119592348472	0.615092076291945	0.897139642286236	-0.0598303159657501	0.00644098915506502	0.342938281337178	0.311939816982709	0.0474310478035216	0.972745479191146	0.232844976736416	0.0222950590572907	0.270333825705852	0.263625189135283	0.00108330028495536	0.0524772205046051	0.374902406115707	0.258847655812694	0.869630474671362	0.178205807004758	0.176429455274335	0.82680215709649	0.220968652052196	0.0164271655700319	0.218223621052875	0.276270417813904	0.00643019070169015	0.13102117895925	0.316168176524124	0.0150855075706328	0.190929069621235	0.27970126955426	0.000199320572092838	0.0108147928680775	0.422128049120945
GSN	P06396	Both	Depleted	9.7608029279767e-05	0.0038476455412863	0.437362658895362	3.94100401369911e-05	0.0020938725672784	0.461641601105775	0.00193945098820615	0.0667608199320539	-0.352252993760218	0.00176321098152626	0.0662967329053874	-0.359904257608405	0.00057364456858739	0.0195292790833307	-0.388440240465777	2.95695012514366e-05	0.00253001631850121	-0.468164982115554	0.258235313740583	0.504924622480979	0.132193628581477	0.479654072539227	0.74706117699139	0.0840355190061916	0.00698749073643152	0.112351495788412	-0.309001443873574	0.000429486600071041	0.0156666455309496	-0.401571806175928	0.000908102213383509	0.0264642079014762	-0.375277361175826	4.22226856367445e-05	0.00303506599106481	-0.460056295847209	7.63844205088078e-05	0.00848561471470574	0.440545714464924	0.000293894183245783	0.0640001660837555	0.411894931268232	0.00113412085660727	0.058974284543578	-0.368706317743562	0.000183930333025575	0.0160544904969466	-0.424205628884277	0.325904472525824	0.97192497182421	0.114991937129421	0.691664329208097	0.87677781150653	0.0472071123730557	0.166008250654787	0.972565265309277	-0.161603524344612	0.343446625466406	0.740850443636273	-0.112470994883318	0.000201271831130323	0.0223594706946595	-0.416561608637785	0.000163834821142941	0.0266941535248899	-0.427173538461894	0.592197699293306	0.922539358405193	-0.0850704301287616	0.55890082382101	0.810034764683166	0.0965120436248893	0.00373732092766895	0.0830364758838447	-0.330879727921005	0.000477453685804166	0.0220169209076487	-0.398630371035854	0.000161664699402451	0.00881262120184753	-0.42214509584681	5.27361002360377e-06	0.000626918985769853	-0.504744694743327
GSR	P00390	Both	Depleted	0.00265078194369047	0.04437336349575	0.344494021567202	0.00120513572987735	0.0280509687982881	0.371681243594866	0.0792952441179748	0.535996023359711	-0.203915750960018	0.0870834067117036	0.512494325579178	-0.201673513525087	0.118803620735647	0.534725688909614	-0.181660895830008	0.111666630690049	0.51656599922745	-0.187763484119134	0.218409112241791	0.461358574173671	0.143792241111501	0.924938843346571	0.966460253586584	0.0112202774999343	0.402315542388788	0.796186656493973	-0.0981197141556854	0.144542117232492	0.664536362149588	-0.172466996596917	0.174589693024006	0.616401796448018	-0.158431398443198	0.0685417816330976	0.421954947887382	-0.214396180230211	0.152762724644606	0.636034240257952	0.166746072906179	0.694718048243028	0.988728435054251	0.0467152213779259	0.0443619665100532	0.385284864760646	-0.232879105712801	0.189033476498534	0.718387037027868	-0.155473735580563	0.661265590070498	0.987983438634793	-0.0514253466191895	0.389021674384924	0.720464376010084	-0.102319462836405	0.88931067379869	0.98839258152069	0.0163441643497208	0.672877170122694	0.902953255967599	0.0502511570921426	0.0332817682176226	0.337828197434717	-0.246136386269022	0.0541937457285394	0.44446145825688	-0.226310649794324	0.791525076114408	0.966958091061786	0.0420377359267483	0.661211643324423	0.86015231776595	0.0724392340466679	0.245166815366184	0.706005998481492	-0.135854285854203	0.0173201958142921	0.203512300817932	-0.277826717599664	0.0473926699513927	0.32263979209249	-0.229737399692169	0.030766107205321	0.238705923840649	-0.253055945656972
GSTA1	P08263	Both	Olink	4.88453517033772e-08	1.01823771627809e-05	-0.583449535225603	2.36704055754087e-10	1.42548442465239e-07	-0.658769404237515	2.1718382455171e-07	0.000168162332724324	0.556479931568728	1.76437558650468e-06	0.000503311351518702	0.525962607088818	4.42160428016267e-06	0.000726215006014597	0.502183402929094	2.48726117666977e-07	6.89594075427719e-05	0.560663225156277	0.128703008861567	0.490900990872409	0.177010904638439	0.0237932679136163	0.379292682622942	0.264402006374649	2.25979529321616e-06	0.00028483931370306	0.515119248811486	2.08562999668322e-07	8.04287780506177e-05	0.563598774510854	1.22265826305168e-07	2.36671706633575e-05	0.565830546539275	3.02914527991767e-08	1.26292057055029e-05	0.594012741971982	0.0347345312741512	0.498150194805201	-0.244205272350345	0.0542420338745834	0.776326334405038	-0.226266454410779	0.00346344266254988	0.113083489343496	0.333436714981837	0.000733011660990931	0.127602209260802	0.386435633842396	0.315964786631268	0.946415037954022	0.117362037398799	0.734282617563756	0.932334141444864	-0.0404089931360027	0.0782564389068495	0.607664611568946	0.20460996095213	0.106430491316523	0.972745479191146	0.190509900096185	1.66215777277563e-05	0.00303248649046562	0.475005528838122	3.68258235453126e-05	0.00604836253380589	0.463193652115107	0.0276004258217694	0.538900498963422	0.339981133045694	0.0296220801536793	0.613551760610302	0.348629315357085	3.01303546019584e-06	0.00117751453516486	0.509639975164114	1.62527898001909e-07	0.000293633735723449	0.567707862937657	5.78298933457128e-06	0.00101109039333472	0.496858758841792	1.95133637952554e-08	1.08672363517226e-05	0.600529339859826
GSTA2	P09210	Both	Depleted	0.000442157878879113	0.0113750932208479	-0.442988151473021	1.94292373515373e-06	0.000215841164032533	-0.58742236666553	0.0018679575310207	0.0652184029402085	0.393501539724689	0.00115210156341479	0.0539486062190999	0.423294541924078	0.00151984623278503	0.0391000441360697	0.400500390110321	5.03538432991316e-06	0.00091433788661289	0.567741153270833	0.49010548510622	0.706677171445192	0.0908229773894202	0.140655995464891	0.496797102752836	0.199399143861077	0.000216304794246211	0.00976147367615832	0.460154726682239	1.80208046864269e-05	0.00200194757516488	0.539240797668486	0.000279811038946753	0.0105208950643979	0.452875738727753	3.55054419955921e-05	0.00279920323345894	0.522953434858789	0.650100799014634	0.914180870421038	-0.0597672336233036	0.686968333115634	0.988728435054251	-0.0550502443703893	0.404108400949852	0.885992814159312	0.109690379053774	0.0147025241144239	0.233330967114624	0.324453728873791	0.52781537721752	0.986449788797904	0.0831133751883969	0.947360677027315	0.980028318104139	-0.00902589784705912	0.268051567149212	0.972565265309277	0.145281402519106	0.102607986184086	0.566523927514426	0.220409924239492	0.0107298805983021	0.198084204673567	0.32714497013322	0.00698991618803543	0.164580434967782	0.356556331194504	0.321585364111288	0.815301660176652	0.187319524957696	0.16053107338637	0.505666581202983	0.277858406271695	0.00534306892647471	0.101228375630265	0.355278135926226	0.000696098296704643	0.0283544039524358	0.439748588091836	0.00179264756218919	0.0405669503887999	0.394910159154743	6.07007753034935e-06	0.000653266635369873	0.563724697698487
GSTA3	Q16772	Both	Olink	2.66298586741258e-09	9.0208646258601e-07	-0.624927723824516	6.2182521507563e-11	4.81470380815702e-08	-0.674209652321324	1.03063286188523e-05	0.00199501075407785	0.485084180098341	8.52883669255412e-05	0.00563735303337114	0.44342529532225	1.44804764561059e-06	0.000436023235511633	0.523412536980923	9.23116818890518e-09	8.33882193064434e-06	0.611296118298306	0.120137076004455	0.47746123447147	0.181017655541215	0.167138304572986	0.756292412881991	0.163418698262789	5.77618134201108e-07	0.000103473835173449	0.53987237744292	1.68198832534933e-07	7.01259747953334e-05	0.567146060743656	1.00933246919147e-08	3.03921221278766e-06	0.603349833501414	2.34996618435267e-08	1.06140139326596e-05	0.597792495130541	0.00840352324923842	0.303647306739148	-0.302235188318804	0.0178440021087457	0.589722508715864	-0.276593180033703	0.00105805783118065	0.0585170759693786	0.370773556014099	0.000915370362819772	0.137814093513421	0.379927268887009	0.945658813806042	0.995358396299212	0.0080046819967443	0.30054768260628	0.748262948886557	-0.122828424929552	0.0501249883120548	0.543490835852162	0.227043801724198	0.188297902100043	0.972745479191146	0.155729488457662	6.08290237664078e-07	0.00032969330881393	0.53896853750541	3.20626611048936e-05	0.00577710788286838	0.466340200644717	0.00274031403043273	0.228551979016682	0.450719544040438	0.0317511875427821	0.619033944179421	0.344484743702039	1.06146593315252e-05	0.00261506607167574	0.48447168412719	2.72299443356542e-06	0.00113527921768651	0.517723729936906	7.73418013240577e-07	0.00025976242977828	0.534738176364505	6.03492113964415e-10	1.09030908589571e-06	0.64739799751689
GUSB	P08236	Both	Olink	4.61213246463833e-10	2.77752866203775e-07	-0.647282367454238	4.01885027659779e-11	4.356433699832e-08	-0.679059183336892	1.32545547498685e-05	0.00212066494140088	0.479818563592165	1.29400426132452e-06	0.000389639060909939	0.531719494666229	1.82686206062656e-07	9.90159236859593e-05	0.559325390700142	4.44142343278977e-09	4.81450300114411e-06	0.621443842386714	0.485282980653389	0.811800541710299	0.0818175224485623	0.351994849619105	0.895686424852371	0.110506546714828	2.74002352255263e-07	6.18788645509802e-05	0.552614837076773	1.26124794352874e-06	0.000244957052980346	0.532190839802554	1.97846948323201e-09	9.99119024076009e-07	0.625489622703149	8.49472550018432e-09	5.11571246788878e-06	0.612467612943713	0.00978580783538274	0.32281897498778	-0.296533574539033	0.0157774093471977	0.558785230592628	-0.281655877563699	0.00135723456261761	0.0669099577778577	0.363294665818971	0.00793007960205806	0.320709432322728	0.308455273388163	0.625579786253045	0.979979336751991	-0.0572599747612947	0.46466772104034	0.839391140464246	-0.0869164449658939	0.0638624435076973	0.568290738175755	0.215082778989662	0.462080014413127	0.985164364684928	0.0874189668774636	3.55945405521641e-08	4.82306024481824e-05	0.584984974294279	4.79472246942212e-08	6.49684894606697e-05	0.587049841417356	0.0396664893774341	0.601947223153365	0.31872084331431	0.21367675347509	0.853305838410709	0.20365362654399	0.00110691271200327	0.0457861226222972	0.369430947944106	0.00028438804498928	0.0208295027546202	0.412774181000102	2.95682385956736e-08	2.67099755314252e-05	0.587760851703595	2.18959541729932e-08	1.08672363517226e-05	0.598836216242553
H2AZ1	P0C0S5	Post_only	Neat	0.26683559850315	0.803890895670019	0.184742754334579	0.00114112407627422	0.035095387407046	-0.534064528448351	0.0637628421198264	0.503269661022241	-0.299736885679864	0.0209792491527927	0.212186097135964	0.394430806167806	0.391903758626498	0.799045866860421	-0.140997579029246	0.0537083608663007	0.31320194707146	0.333778484558225	0.464720626739634	0.767068986305179	-0.120563557582483	0.751013663613908	0.929209844881905	0.056486390613698	0.0473244871763381	0.415200469296111	-0.319609309572771	0.0569214367313232	0.529509908358667	0.329655725732892	0.0611633870107727	0.460866121126172	-0.302583745525067	0.019856600443699	0.25284112594336	0.397670984050412	0.122881494689696	0.587160815303556	0.251236998557736	0.0104830889629745	0.824824109125231	-0.433240192020552	0.658375656617186	0.949077584839815	0.0730848020870129	0.409548889867526	0.725688588434261	0.146137313188605	0.308825341901134	0.846181436809107	0.167250923180222	0.0799137750035408	0.356301949498036	-0.304537081106302	0.846829457640702	0.989727503461879	-0.0319632735497649	0.340373380261905	0.988165370089238	-0.168644326019968	0.229407090474258	0.822257739644405	-0.196972260546656	0.0118151430362521	0.287184202510192	0.426851591505421	0.878527871099693	0.977991392537957	-0.0365150332870204	0.954313261204565	0.993604117745805	0.0145474202217094	0.907374149855645	0.998870727731442	-0.0192559076423923	0.0296737329901155	0.296365339915038	0.373275664240145	0.281831167775546	0.682541420273293	-0.176721166858478	0.0320726676501947	0.320089471184393	0.368349914526058
HAAO	P46952	Both	Olink	1.50449823441657e-05	0.00100671363339973	-0.480042442276779	0.000229166422995131	0.00806546761450398	-0.418488284664092	1.66207936273774e-05	0.0024347216610915	0.475006539485317	0.000113005482440607	0.00686896153547028	0.436520379187106	0.000777992103686784	0.0349640510821215	0.379770011829994	0.000179903360321639	0.00862899303489631	0.424775619717398	0.11724046496321	0.471095988355451	0.182422036608455	0.0244359068095187	0.382782124010379	0.263246250558565	0.000677999926504333	0.022544537433457	0.383713819929413	0.00471975869207359	0.102735309682887	0.327199120283202	5.70727651931309e-05	0.00265420473120939	0.447423464765479	0.00241976781971479	0.0560476136019408	0.349760341850461	0.411161332044786	0.816133673378266	-0.0962958123904099	0.979857190610151	0.998823757686294	0.00300694246652137	0.059566529100006	0.418242676904927	0.218576995023758	0.0661277996359201	0.572699675144887	0.216249635412544	0.391643998540121	0.961288785620537	0.10035171550658	0.939224659409421	0.985022765866692	0.00908027431957104	0.0905616798583398	0.618897362986897	0.196815597812376	0.594199111539537	0.986791634720565	0.0633862177193895	8.21155142865878e-05	0.00839747334779823	0.438815364806822	0.00899251434247694	0.175321682504407	0.303733615362381	0.019137486479929	0.478479484207235	0.360152078044408	0.0368324227563085	0.658898787883268	0.335445893258894	0.000336793829603618	0.0222612506884342	0.403048029519784	0.000718426182552117	0.0378045622274998	0.387017905878138	4.8006595831419e-05	0.00500376441165944	0.451437121853378	1.41386082249331e-05	0.0015639031954926	0.484335523873308
HAVCR1	Q96D42	Both	Olink	0.000117293722319974	0.00500576358247446	-0.432846472039059	0.000811572477414771	0.0213530234348935	-0.383469586970732	0.000454569130575946	0.0262102626353365	0.394904727032306	0.00384921232860194	0.0775690167716135	0.334260589287425	0.0193876546278497	0.223463991315709	0.269479317092578	0.0129952180742198	0.151146098631484	0.289461746081058	4.73897482133179e-06	0.0031076312670081	0.50081686611851	2.44967034345208e-07	0.000189674475164433	0.560918189686288	0.00452482460704127	0.0898335141764238	0.32435976805824	0.0017097199691502	0.0511971394077022	0.360874219821897	0.00077725542769663	0.0202534827794026	0.37979733860213	0.000753049475819802	0.0233230180511047	0.38565263645445	0.494499727122779	0.854808226302271	-0.0801041402868521	0.553901557791416	0.998823757686294	-0.0704086235112151	0.00197604309269895	0.0818230194309645	0.351663921170521	0.00546862246555973	0.281873088307955	0.321995643672675	0.237977980454364	0.925778745576568	0.137925326137198	0.517239595366686	0.859261845844594	0.0770131274527617	0.0360505906145546	0.528092435488882	0.242513340156215	0.135589995665938	0.972745479191146	0.176345742230708	0.00716231703304108	0.145938941049183	0.308104117435401	0.0169947481086154	0.254922777488076	0.27860935200104	0.0032803404651517	0.236288402139938	0.443287111364285	0.220065275495958	0.853305838410709	0.200900662520683	0.0494173491178022	0.36438204853134	0.227729603114441	0.0327169729951384	0.282825580001324	0.25027307393267	0.00275950730061082	0.0751584400467871	0.340946524376414	0.00427158107177723	0.0944978343225819	0.330674918224056
HEG1	Q9ULI3	Pre_only	Olink	0.000486797177593076	0.015076804014597	-0.395527743905876	0.0377778160071048	0.303206151291677	-0.243652798663238	0.000104083228542915	0.00909888868875164	0.43307930899015	0.00162602747633913	0.0456547844076826	0.362448068129877	4.45535975915429e-05	0.00423649998151162	0.453153663623964	0.00739331254490055	0.106291124650825	0.311055570700305	0.651549901432256	0.894704957122581	0.0530009635001595	0.34992698732118	0.893781466202071	0.11097901272335	6.12700439019416e-05	0.00337220905940221	0.445762350397579	0.0256012494531608	0.295860921185782	0.261214627978232	2.14445715835474e-05	0.00116229577982827	0.46950039261673	0.0152460551299816	0.195465580109923	0.283049488046147	0.889808813762845	0.989249705869788	0.0162701463116219	0.979802716557161	0.998823757686294	0.00301507611593814	0.0058261560171369	0.139511603744787	0.315520666714916	0.0609989479984702	0.554473049097174	0.220376419252122	0.125007303388987	0.885239089741849	0.178713812330041	0.0794766376613301	0.558071500544942	0.206603770888287	0.0168675643868467	0.454145057329329	0.275196790211335	0.0379458313249055	0.969759868974114	0.243446020817054	0.00219244007102863	0.0672391668257335	0.348368389794013	0.0920792601810424	0.569774496700182	0.198617887314955	0.506514608103775	0.95183642869579	0.10539438271458	0.79338145117035	0.976383901154727	0.0433312254672838	0.000139978487452078	0.0124374328195125	0.425762891489912	0.027549027151151	0.265214435451578	0.257987350155823	0.000804523428563776	0.032674895485503	0.378801185445998	0.120526315390033	0.483905961109092	0.183334751649851
HEPACAM2	A8MVW5	Both	PCA	0.000399503532595149	0.0268709549967259	0.400977283420373	5.54350224423294e-05	0.00504458704225198	0.453717884361971	0.0031533882775181	0.16260972217735	-0.336558729275848	0.00150114938289062	0.0880356699894121	-0.364937718747234	0.0010974658666253	0.071317519051133	-0.369686319394859	0.00072153779735475	0.0465864837217113	-0.386892790058377	0.845549927928264	0.957408391381042	0.0228747702770568	0.84506755069611	0.96982158822469	-0.0232702200371092	0.0346865871665753	0.365035036372054	-0.244267914627003	0.0141691471526855	0.221410814598025	-0.28600739730311	0.0120230903373656	0.235439503188666	-0.288646025669011	0.00264215013091452	0.0729893973665135	-0.346883336170885	0.500760273492845	0.862643226303505	0.0789498448649182	0.639471077090913	0.943612624282124	0.0557460722160277	0.0147674571501006	0.419161293580634	-0.280553016712433	0.0209893823159792	0.506714230750195	-0.269777942092999	0.00930202506002347	0.344582789800405	0.298444034801878	0.00191766550648755	0.165918042541816	0.357245072299742	0.755442526072115	0.971919784765646	0.0365677406048667	0.668533809145447	0.927553186321082	0.0509594385881964	0.00423944520973477	0.203754959175496	-0.326596805143272	0.00055803392423553	0.0507810871054333	-0.394247842593589	0.240648442879342	0.975539834418185	-0.185070502304049	0.0398278333554181	0.567650909697219	-0.330585659236804	0.00466016530535028	0.191098547183098	-0.323342324585273	0.00176254336880039	0.0871457904531051	-0.359916199431165	0.016332091835407	0.26641975700126	-0.27650543764536	0.00685842045123975	0.154329132889451	-0.31381720117679
HEXA	P06865	Both	Depleted	0.000213803436181721	0.00653169497535157	-0.417629349032494	0.00225054606732229	0.044718167386469	-0.352112886939708	0.00849182277719704	0.147191594804749	0.301847298756229	0.0360866629174695	0.351660463070046	0.245777946451684	0.000385366593203788	0.0162385509274148	0.399415245242905	0.00567489466743854	0.0900613153715571	0.320673375596828	0.000866644285976559	0.0336202957924875	0.376641663154742	0.00185302554434398	0.128671502856127	0.358333637604684	0.0123079380905448	0.160003195177082	0.287735509608151	0.0875105660446616	0.519116076245517	0.201406921105767	0.0026535618326565	0.0535975629670454	0.342222245656936	0.0435471432571357	0.346674977591009	0.236952493673321	0.911858173552813	0.982510436035842	-0.0129997695243751	0.198159021578566	0.85898814706096	-0.152358882593546	0.0548998232395628	0.429316331480875	0.222613041984202	0.0473716830418469	0.424136046839361	0.232905636694217	0.292590952594644	0.957001543111109	-0.123131943903558	0.0230675381486153	0.281854968569771	-0.265739504461566	0.0349496432314943	0.972565265309277	0.243925100634217	0.0701074787908703	0.565678019554408	0.213221935677778	0.00197366771743606	0.088881576068651	0.351701861959637	0.0354856313438701	0.377073404367037	0.246553247767126	0.0347885307612169	0.590438674863988	0.326571489972698	0.109843754558074	0.457930941900909	0.260062174216067	0.0197779876451707	0.204819499172869	0.26865147546248	0.0725952138202625	0.437001730484536	0.211398771314259	0.000217126589198874	0.010613147680041	0.414606735238184	0.0137959818653308	0.15052401642352	0.287077736790288
HEXB	P07686	Both	Neat	0.000419435574568109	0.0217961865818669	-0.402226010042114	5.60759729034867e-05	0.00402411862693117	-0.456333687023372	0.0207003359080769	0.308865408054177	0.268539651945795	0.00251439197676822	0.0688993471220029	0.350846298089353	0.0445705502018667	0.408933820947431	0.234233286133017	0.00860057509065142	0.111733333289756	0.307498135626653	0.0531892079277336	0.305939451706468	0.225684393073718	0.0976282501519909	0.712316845319271	0.19674612654661	0.150738959029988	0.741319250188202	0.168711544504391	0.00778362130373312	0.154341017167445	0.311254269804789	0.0482469556508686	0.413464267807093	0.230433670580894	0.00270399239154285	0.0740893915282742	0.348445988065727	0.716521952401244	0.915341047203419	-0.0429220728957927	0.533561125978171	0.998279605744279	-0.0745745417974407	0.287233416440671	0.797958192997609	0.125357318508053	0.390845498494453	0.715338056437447	0.102655381207418	0.564364802583931	0.94169072655613	-0.0680829799313093	0.548903755060924	0.821447824108056	-0.0718058217296106	0.77644542245621	0.98284092534895	-0.0335712502400427	0.878656804320902	0.988165370089238	0.0183115630977882	0.0319764536607496	0.43413077177252	0.249605497351907	0.00729724189194839	0.224427419003392	0.313658033671329	0.502296080641574	0.913763965298921	0.107801903131114	0.849602694781372	0.985747291510069	0.0318163647729505	0.195637579301873	0.754017570393964	0.152146556535224	0.00750994478038073	0.164332946951667	0.312590043304027	0.01518331846667	0.211863527122886	0.281310641047815	0.00552623559946342	0.11243795233057	0.323802243741495
HGF	P14210	Both	Olink	2.84560569349394e-05	0.0015900188514162	-0.466124248429887	6.91618455344299e-08	1.17142875873941e-05	-0.581375486251736	0.00394265285091474	0.106744139313085	0.329069926314867	0.000240940419414349	0.0120916395669053	0.417171261552704	1.43771714235932e-05	0.00170915096804848	0.478098224523929	1.25743349415719e-07	4.86806395595139e-05	0.571878383488347	0.000915714139301789	0.0825140210989844	0.375033028382528	0.0433377781406012	0.474991466967796	0.237182383827872	1.49437484041337e-05	0.00114077628662542	0.477277091048683	7.32895693965649e-06	0.000827561387769546	0.498078128111669	3.6382278437529e-05	0.00174506149673812	0.457767154043031	5.82823391449661e-06	0.000554193470466169	0.502733902734772	0.1696276151177	0.678239176606979	-0.160251287462182	0.129855026503111	0.920730549753288	-0.178933402632251	0.00647062390147832	0.144324203893056	0.311774952740887	0.00704414209144284	0.300624016815907	0.312837531286589	0.859741550946025	0.990612788917846	-0.0207502513826405	0.204139841836542	0.687028590852566	-0.150372787863561	0.0364769816212931	0.531165809182803	0.241976233667464	0.162013652009487	0.972745479191146	0.165387326212956	0.0297155123749554	0.311524327025644	0.251195290433571	0.00521165183181857	0.125542901904252	0.323705974925379	0.00314336948004773	0.23613168142588	0.445064400806009	0.246581993611133	0.857411935321162	0.190025128869333	1.54833224069591e-05	0.00349665031023827	0.476521676305602	0.000996763626209852	0.0447718581130554	0.377395985919667	0.000216942504890339	0.0129211909506114	0.414628668823118	2.71535634791648e-07	7.35861570285366e-05	0.559190064742021
HMCN1	Q96RW7	Post_only	Depleted	0.0219313039329012	0.190071300751811	-0.266095815323976	0.00171801350550566	0.0365115218039639	-0.360722058443605	0.148095372114521	0.65688763965134	0.16863715481775	0.0153270343959372	0.227631993100325	0.282834423953853	0.163506428468642	0.610091162102843	0.162550976677409	0.0718641453315664	0.417189068216892	0.211929276205971	0.00757178539923012	0.072856076833537	0.306075520647726	0.0494667617434192	0.371760386214003	0.230801676808561	0.0239964875385195	0.236756841899783	0.260495090601942	0.0514127837193113	0.396381209495258	0.228911959649784	0.0223315732949806	0.207522300885675	0.263555912808704	0.0156460062953799	0.203705765002465	0.281996709493058	0.331179999284136	0.797564350509044	0.11375268814476	0.561888682104135	0.985935556352107	-0.068998275777683	0.456500824300434	0.908812664525537	0.0872831503483702	0.183264924813647	0.714344125717634	0.157499074904892	0.600429600535341	0.986449788797904	-0.0614562278081647	0.000284556575141579	0.0392505757076939	-0.41275836005863	0.760531092364145	0.980205813254029	0.0357830989443484	0.147917842202509	0.598156527999713	0.171051214038323	0.14611615234127	0.629819887693234	0.169452549795697	0.00235501983892721	0.112048976790375	0.350642526651122	0.204845310545012	0.741302883738271	0.199685073376559	0.0298767681640351	0.341898372083468	0.348120858645542	0.656008160553458	0.945332514382459	0.0522768103755639	0.438015375275155	0.914368660326915	0.0921684876245359	0.246378403882629	0.686320298897542	0.135509368944075	0.14516320812298	0.545813662542406	0.172204664566172
HNMT	P50135	Post_only	Olink	0.0147909720688989	0.173740953942691	-0.28236408930138	0.000259242576281152	0.0085676509966088	-0.415236887309454	0.0400891969522581	0.436107675533566	0.237624548514651	0.000921192977288786	0.0310115896702188	0.379739545182051	0.0567363203878234	0.375013239636589	0.220992559914978	0.00537728838325204	0.0879778897600601	0.322595244348305	0.00908125147866665	0.22366346271497	0.299344865804711	0.000295191129242228	0.0457124548712251	0.411777000205413	0.0488015510821588	0.385120004126715	0.228332993848263	0.00608275157836056	0.119019904529654	0.318179182841871	0.0381645038507621	0.310588004311007	0.2399006075904	0.00287811230448188	0.0634120678467145	0.344058468291233	0.252341143915323	0.725570078352126	0.133828615350061	0.945159007691577	0.998823757686294	0.00819219555700318	0.0538240069083994	0.401273889193294	0.223582981323282	0.0265090047240534	0.448089316865183	0.259685641887366	0.445266283305838	0.976079072595515	0.0894675396561654	0.802017602158859	0.950565362716164	-0.0298552797309598	0.124636754582417	0.659948277983913	0.178886662807457	0.141346233256345	0.972745479191146	0.173830392130489	0.0884253465589748	0.526665250933674	0.19810599189872	0.0120376977255055	0.217481072240799	0.292485463436376	0.00612757741583991	0.278426725634262	0.416114910001599	0.0627034772008263	0.714622594667548	0.300885762106186	0.00908282131397733	0.156779909304959	0.299338393087099	1.95402261155806e-05	0.0035302675182149	0.477344474822145	0.0285228029281313	0.251364697101426	0.253001466174001	0.0014722277458462	0.0492560147067063	0.365540873635855
HNRNPCL2	B2RXH8	Post_only	PCA	0.0679797213053485	0.481901896498908	-0.213350551428545	8.18909758710161e-05	0.00666764945644536	-0.44441060818645	0.0300871664796389	0.478885149312302	0.250644958738787	0.00746494697996848	0.199328725508378	0.310699152685102	0.242607565686656	0.828507514607632	0.136586726632285	0.000778299058523465	0.0465864837217113	0.384692508372134	0.0246422614404231	0.184871674702041	0.25935631024951	0.0500882474956499	0.523827976072002	0.230191645632472	0.020771328962419	0.286903981293413	0.266606067807301	4.06324080932241e-05	0.00448988109430126	0.460940131719496	0.0210449720413904	0.301449738407695	0.266057296343405	2.98953697588573e-05	0.00289050856355952	0.467918520017814	0.609663148782585	0.899847514737442	-0.0599069386884571	0.111768783759028	0.630988378043756	-0.187710903285966	0.148559630044762	0.804327757036243	0.168447072883324	0.00306567710967791	0.27095887599481	0.341956994079879	0.802122561874759	0.979961567177914	0.0294248725146944	0.403894073499843	0.841891514912796	-0.0991631285978994	0.0435899873080262	0.938327477829421	0.233707608837058	0.0604794394538843	0.679763232215302	0.220809919738661	0.088161217214913	0.767762667867114	0.198267235197198	0.0135394952309399	0.312620882421852	0.287828011985767	0.00801565892348861	0.598581137434746	0.403727566559549	0.855458299841235	0.977395856613287	-0.0301428183190087	0.148378574853854	0.693952436348913	0.168521149704823	0.00180262785681924	0.0871457904531051	0.359206303425084	0.00958293742074042	0.23818379178684	0.297324441373304	0.00394684876267543	0.115203302563375	0.333401722870169
HP	P00738	Both	Neat	0.000878617260107985	0.0348441108153351	-0.37866608360421	0.00072258838584561	0.023672623858029	-0.386850657388168	0.0153176006476281	0.284983014518217	0.279089439825997	0.00242275389417013	0.0688993471220029	0.349720169094736	1.73085723748164e-06	0.000326050232110605	0.520114446278371	7.00640986052476e-06	0.00117318440664565	0.498998102762394	0.68235814445929	0.884247990355604	0.0480353173922967	0.224101062240819	0.817101527119639	0.144029011937048	0.00544456057356261	0.128202387255607	0.317914744511404	0.00302557390432333	0.0858108369567721	0.342396468429998	0.00918428659075778	0.171761088416168	0.298922093163133	0.00347468527254729	0.0837906300584577	0.337745801045598	0.0448444949031487	0.549436209910935	-0.232367279007051	0.0694750560225798	0.893934305525888	-0.213693678672796	0.0436199301229195	0.379539453447691	0.23367524833848	0.139946432403335	0.518610222596486	0.174434866805534	0.00302571913491469	0.130278821037613	-0.337924535594538	0.00101104190561787	0.0905260817827308	-0.376971371981929	0.0679144714588765	0.837575179275251	0.211957070804187	0.0729323933298016	0.984365235375959	0.211155535923828	0.0626556291690567	0.591630067265541	0.216044649280379	0.0299210030693635	0.449051689406192	0.254307705760701	0.0036157599403922	0.509204723995674	0.439194877658218	0.00258913504367445	0.648990916385489	0.469138362439672	0.000191325409392191	0.0160181884418907	0.417861624333474	0.00106174618163767	0.057144696275999	0.375506150440782	4.27228744151645e-06	0.000536528097863774	0.502858463007601	3.83108730569308e-05	0.00577344856967947	0.462289841351348
HPD	P32754	Both	Olink	7.85292609570953e-07	9.05592754015865e-05	-0.537594008702824	9.18248960912342e-09	2.48845468407245e-06	-0.611370761076108	6.46972678424784e-05	0.00637562166738605	0.444482463959447	1.16272566729372e-05	0.00153706661383706	0.488487822723965	0.00025083797786748	0.0154493390913834	0.410852460980404	1.28687417916664e-05	0.0011624763418472	0.486340475250326	0.149949470448656	0.519180909220568	0.167880670229919	0.0148997265033082	0.309557215113187	0.283980520609763	5.06012090664912e-06	0.000464845005322682	0.499518787795613	1.41228883229381e-06	0.000257308568337034	0.530106122855708	1.19460984715715e-06	0.000126956575913563	0.526930879078491	2.45145633968598e-07	5.3147573444392e-05	0.560905992543443	0.031399535617321	0.491757322304718	-0.248746317913357	0.0400492679670206	0.711054641673657	-0.24091969717825	0.000286571768707443	0.0267796376964542	0.407348590807374	0.000187845569389038	0.0635038998953142	0.423662354708255	0.046186665393291	0.775896165174687	0.23096714952419	0.379228874062493	0.790983810469108	0.104437122988434	0.0476831013076952	0.541393024950237	0.229445106292056	0.0950155337766653	0.972745479191146	0.196882358981862	0.000444545645391421	0.0235218772006163	0.395517422769739	6.78259241258588e-05	0.0105033288217759	0.4489393783889	0.0544265225439335	0.662345583120123	0.29898565150164	0.0957138140717688	0.752051059692293	0.270574226993343	9.80789106700823e-06	0.00253136998015165	0.486111527365798	6.60653260801555e-07	0.000436112540237504	0.543847764254184	5.17852833007245e-05	0.00519770806462828	0.449685343031226	5.01112956636175e-07	0.00011316800937367	0.548699619512982
HPGDS	O60760	Pre_only	Depleted	0.00195081395643299	0.0365378084424277	0.354361651267159	0.0033181964627707	0.0567109940909902	0.343917966126435	0.0336609514149912	0.344214917398487	-0.245625646193547	0.0754446231725781	0.483954485652968	-0.212336285050641	0.00160737085815563	0.0403799241185081	-0.358110886168875	2.60552232427713e-05	0.00253001631850121	-0.476983793387617	0.560908550606363	0.757800164556082	0.0682123834364473	0.232983944028326	0.589454202075807	0.143360452931138	0.0807206916693041	0.453799638732493	-0.202974847439203	0.0441314584451745	0.363155839865342	-0.239640767581203	0.0471713013857571	0.320240723852195	-0.229961179655741	0.0322828737677001	0.296500340672707	-0.254396274092332	0.0202121980136051	0.271420944754125	0.267746830806029	0.0674538607501323	0.688013752141431	0.21826892576951	0.0122313019824126	0.18667011752241	-0.287978664131155	0.0352608715693213	0.376321266879569	-0.250309542250408	0.158189579417366	0.897472591817976	0.16460062834743	0.353458430579552	0.695614813520104	0.111759933219228	0.793495949438049	0.980205813254029	-0.0307361201515235	0.409194920557101	0.777057020855908	-0.0994687552282573	0.0572483186624684	0.430569343354364	-0.220548415309359	0.117466528509252	0.590777648465294	-0.18746645205045	0.8377132458704	0.967566716874886	-0.032579136760842	0.731991233393213	0.895129177629379	-0.0574298237882843	0.0800275297151622	0.442126509987346	-0.203430720951219	0.0694818540972772	0.429738882332541	-0.216711995841033	0.00034116361767782	0.0143759289931826	-0.40270220526777	0.00114761852571492	0.0304867356179051	-0.378166940188354
HPX	P02790	Post_only	Neat	0.00136664375553782	0.0502324912096461	-0.365437954241755	0.000196247553837065	0.0108300012868961	-0.422530809340741	0.00351865309653713	0.141667210631971	0.332907109549579	0.000324357318691794	0.0305504049542834	0.409243019097518	0.00505067985838306	0.111931978626225	0.320546820615631	0.000238422795488476	0.0119767717600378	0.417447834088276	0.138818945002009	0.455614713068242	0.172532420585064	0.0465204395601256	0.618811472804695	0.233782408583134	0.00191112046145157	0.062609968161033	0.352715971292428	0.00203546938636277	0.073973681619591	0.355343343343939	0.000727044593363672	0.031304462919973	0.381717774401989	0.00138270886876718	0.0478422985964592	0.367477975478243	0.142065357804316	0.593248389980825	-0.171147561803933	0.308844255961972	0.984458729169452	-0.120754604103663	0.00193378854138806	0.0883096767233882	0.352345041061858	0.0348679655650123	0.355040703422118	0.247361515636155	0.949175973407428	0.986212025294771	-0.00748587825056955	0.364894072869063	0.697151956454373	-0.107597316261867	0.0543384782019375	0.813913250289764	0.223117184884316	0.112720428803731	0.988165370089238	0.187222840738799	0.00653745989551504	0.22398118305705	0.311405558032208	0.0193885827481735	0.369855622803766	0.273128253683052	0.48557650664536	0.912267658584548	0.110612462162238	0.527691338613406	0.915854164989187	0.104241858747687	0.0044219312301321	0.130663732623708	0.325151507688132	0.000554938925412305	0.0348863268611896	0.394405173754846	0.00206970501778754	0.0537766458932038	0.350199628572995	0.00243353590680424	0.0705257425298844	0.349575482904243
HRC	P23327	Both	Olink	6.77676385573797e-06	0.000532319711566664	0.496647099782902	5.76937303759502e-05	0.00260583348864708	0.452777504865166	5.32815777096252e-05	0.00552344643095321	-0.449024287050146	0.00350776207782191	0.0742659002413858	-0.337424872898058	8.21032412074669e-05	0.00644926909194885	-0.438818949356168	0.00304805684497152	0.0625775306808547	-0.342149451460935	0.154061413023131	0.523816021872279	-0.166227555392471	0.918902255784181	0.993570913753159	-0.0121255808799332	4.72775072857229e-06	0.000441800154290721	-0.500863710744717	3.19455104871885e-05	0.00258424875881435	-0.466422941448042	9.53793716517137e-07	0.000106846995261707	-0.530998101792446	7.24953652236777e-06	0.00064413914674153	-0.498301083731118	0.00245310220957726	0.182134438026147	0.344766116060409	0.00542413364141899	0.350793145825934	0.322286594781388	0.00117343048304109	0.0607892569611648	-0.367686701376581	0.0194931284126298	0.427497863452396	-0.272902370499085	0.700785125815198	0.985140774904654	0.0451056172047188	0.282638188864828	0.737553675323721	0.127436352583384	0.305133727795422	0.784816453922013	-0.119999936908395	0.290989934972694	0.972745479191146	-0.125264332381282	2.54813579327325e-05	0.00418511999986092	-0.465719046664488	3.53332999443041e-05	0.0059845776780665	-0.464136790618672	0.539939762941349	0.953361875487097	-0.0972843000104782	0.452660883560911	0.914827945330597	-0.123818667307743	0.000190373447781685	0.0145327336193906	-0.417989288393563	0.0140268609090887	0.196448542964498	-0.286412608071692	8.05258109006338e-07	0.00025976242977828	-0.534021877094626	0.000365300084507058	0.0170683315347263	-0.406017255643446
HSPA13	P48723	Both	Olink	0.000306775462602476	0.0106584808160604	-0.408117981666235	0.000179821204692366	0.00672159261677671	-0.424787370012573	0.00380587265700111	0.106329019592505	0.330265882051611	0.000266453087160622	0.013010592183879	0.414509052112644	0.232470322676935	0.635395435657585	0.139541482709934	0.064936882476415	0.356593620083251	0.21718418569445	0.0708802556359405	0.397232962878262	0.209763213767685	0.0305005514549149	0.420643737622491	0.253446136213056	0.194367248028487	0.684027589098927	0.15153138549638	0.15626328260632	0.620303644489587	0.167651883417243	0.0489308885819849	0.359671832024321	0.228205745279414	0.0196144518545821	0.225233747991176	0.27264153166372	0.106267843315553	0.614042335576013	-0.187997479126301	0.0564600640234165	0.788694708780715	-0.224270195236889	0.487397781855409	0.858458144031452	0.0814228762305349	0.140846900987156	0.659041018587714	0.174045499313692	0.0671482868896726	0.825269194879876	-0.212536344926832	0.077382187314307	0.558071500544942	-0.208026899648083	0.394057444306833	0.823040981943365	0.0998438149791613	0.371014908868328	0.972745479191146	0.106238885843148	0.0129459668479083	0.200998738044142	0.285760576467456	0.0012364091512106	0.0562435764685007	0.370902043271423	0.0747622775706042	0.685916393024102	0.277898352170694	0.0102154378195894	0.450143682781906	0.406571960025593	0.276052131252925	0.675486479183229	0.127399999712824	0.184670020471666	0.553832099168475	0.157001542029431	0.84785796045624	0.951032728823018	0.0225287706801348	0.181542638493485	0.564197878804295	0.158112710460281
HSPG2	P98160	Both	Depleted	0.000108654739529114	0.00416602364792874	0.434734832067128	0.00219018154379345	0.043875440106813	0.352990591543473	0.00652408836949277	0.119886255451431	-0.311479193881815	0.0299436651195163	0.320975076982885	-0.25427375327481	0.000931645963389201	0.0277675943234537	-0.374527546245174	0.00153209062360045	0.0402626826245107	-0.364303935426375	0.0741525679150232	0.25453493818022	0.207426536192117	0.0790707227824519	0.408559929133853	0.206877227426238	0.00430250073374408	0.0869034032501698	-0.326091263557493	0.005158190768835	0.0992647105435649	-0.324071141562161	0.001052071911221	0.0282515424787494	-0.370941901646974	0.0032147272685892	0.0628543475554561	-0.340367347648169	0.00359329712678149	0.100942737676482	0.332202737244756	0.0563007924771573	0.658369075665897	0.224411390516598	0.000183500670339443	0.017939025532384	-0.418928799680469	0.00115554381073788	0.0564829814688677	-0.372955164545888	0.23781926915022	0.911814175833382	0.137971533558478	0.693765171363734	0.878349277729527	-0.0468686258745479	0.485955885619656	0.972565265309277	-0.0816918520304497	0.564720406115855	0.855972509769126	0.0685005426278073	0.000538868536468416	0.0402523313011612	-0.390190822895335	0.0138285064509022	0.238424539714137	-0.286983458917854	0.611580290292701	0.923403798997098	-0.0806646247769813	0.396956652093204	0.713803672322824	0.139513588047024	0.000236313650236904	0.0175015321569392	-0.412409365692713	5.55717029427151e-05	0.00543268967967983	-0.453659978807969	0.00129859708248615	0.0330601173916265	-0.364634149760883	0.000730253605934417	0.0238000111953178	-0.386544926782146
HTRA1	Q92743	Both	Depleted	6.33593055074603e-07	0.000119115494354025	-0.541393456608411	9.21132407825274e-08	2.42000506715888e-05	-0.576860303327298	0.000372910393699127	0.0268056765353137	0.400305038065168	0.000530222317375843	0.0350233336126097	0.395691128571882	0.00028692450372119	0.0143426601506415	0.407316048102249	5.34147835279012e-05	0.00352826299843758	0.454589570068845	4.86083506257919e-05	0.0131998676588262	0.451149767986292	0.00114390198208483	0.103544312748716	0.373261376493518	8.25897779846478e-07	0.000231947428498561	0.533571683630059	3.20826629586276e-06	0.000522733521805905	0.514552893258534	1.95821179364068e-07	8.68447496554299e-05	0.558186407800632	1.36504011378105e-06	0.000303287094370989	0.530734752095757	0.348022459017784	0.811609627709412	-0.109877723205662	0.032355885282052	0.54826290920971	-0.250777462039644	0.0189972607146069	0.238315405675887	0.270321676594372	0.0333247924138278	0.363597288658014	0.249434475375243	0.397283637412562	0.981380535740747	-0.0991677452811945	0.0140560884096817	0.234678739340672	-0.286329083571216	0.00891445843855468	0.821150935015848	0.300038222469455	0.0136992596613791	0.559751910669056	0.287359241447104	0.000303114198772592	0.0257688240241849	0.405860545952009	0.000194630368389834	0.0277348624969819	0.422745097573304	0.0264814875723214	0.57674375968979	0.342322840469646	0.00399700355958846	0.323879341237881	0.45056452103809	0.000308569435130064	0.0196542691964548	0.405386134798587	0.00131581512502605	0.0446646134106066	0.36900083163523	0.00104195689296684	0.0299593252518936	0.37122835447172	0.000145654724383742	0.00741625304987218	0.430162923486717
HYLS1	Q96M11	Post_only	Olink	0.634382808693004	0.930205187240704	-0.0561965626333724	0.00125295600674986	0.0299163945223976	-0.370496943881569	0.618188967151604	0.984261365086114	-0.05848544682609	0.0849459483739521	0.475627107631013	0.203023252776746	0.767412142233986	0.926776695835161	0.0347245400782903	0.147434820858437	0.50589920797218	0.17125230078452	0.854021355206942	0.960676265422929	-0.0216057394738525	0.0111759041914658	0.270010565162986	0.295390895814367	0.938862713916897	0.991837780784534	0.00900759294396107	0.0281417973639076	0.316449256664687	0.257043472732348	0.800162321594367	0.965037779938022	0.0297225083659314	0.0186395472591553	0.220581541800484	0.274777822693742	0.753012548220537	0.950582880719045	0.0369429992047978	0.657241391281499	0.998823757686294	0.0528093001983086	0.573290814868108	0.889712017762243	-0.0660726938078456	0.273605709121051	0.76438587677588	0.129833895478052	0.577078569559009	0.976079072595515	0.0654224770117324	0.663645650542358	0.907783067441254	-0.0517586836455845	0.555118575970967	0.891882597883727	0.0692205591681663	0.217819974693165	0.972745479191146	0.145980625252776	0.973950735966049	0.996748016097608	0.00383492437735554	0.135757938281874	0.658307260296005	0.176271224442114	0.355315654730595	0.910548864605118	-0.146271992234444	0.817585092115686	0.98143102239185	0.0381620793673358	0.709464666128764	0.915824951830798	0.0437352531040601	0.0240585751890517	0.251523990901449	0.26392169153896	0.651489293833689	0.874561593608301	-0.0530108215514678	0.551729514989518	0.844101018434272	0.0707938350059358
ICAM5	Q9UMF0	Both	Depleted	0.00261065316150412	0.0440049586905115	0.344992416510449	0.00218313548833776	0.043875440106813	0.353094451477778	0.0026293364955163	0.0803262299380229	-0.342520343057507	0.0425952758684456	0.37745443284621	-0.238005152962954	0.00904035221331506	0.121702963430744	-0.2995138466303	0.000331796877129414	0.0135151927950715	-0.408630147595649	0.467454397669366	0.686352271823296	0.085181708335961	0.918399999544684	0.963748217641566	0.0122009341514487	0.0253954555432643	0.243322701355806	-0.258059652005971	0.00139521930769826	0.0372851894400509	-0.367200576854866	0.00486200896314344	0.0802888507156931	-0.321872569062498	0.000651378458344887	0.0198996119024363	-0.389841086476243	0.000232671613228015	0.0167249830214491	0.412813537269261	0.0415306593024635	0.59399295963621	0.23920582035128	0.000314644346366146	0.0258624215618278	-0.404866798908195	0.000251962409751643	0.020473516711699	-0.415990846054821	0.728906789990967	0.991405610839929	-0.0406864134327431	0.100589200741948	0.466489576116361	-0.193700361536275	0.135026790156288	0.972565265309277	-0.174181370413707	0.572938997276989	0.855972509769126	-0.0670625541375289	0.00133522728050055	0.0709412059465946	-0.363791145923115	0.00599221401245801	0.159184467896167	-0.318719828824715	0.194526390438766	0.736963676424815	-0.204224206964585	0.842519579565517	0.947724311775931	-0.0328739211185849	0.000723324335587226	0.0327371236328737	-0.381864820942301	0.000105598734947025	0.00775806923107083	-0.438197396225882	0.00142558103521109	0.0353103001771641	-0.361797834161641	1.42227989707479e-06	0.000345210821959747	-0.529975732794461
IDUA	P35475	Both	Olink	0.00025691716775835	0.00904214967045622	-0.412825501816877	0.00144899298767001	0.0334193276305168	-0.366033219675146	0.00747590859226157	0.168136703493055	0.306541716291299	0.0797683221039718	0.459277681034799	0.206407954469654	0.0209752043056868	0.232485904574279	0.266196629529815	0.0262388998126843	0.224101687474971	0.260135906464888	0.780299930824883	0.935876438387003	-0.0327492694245458	0.78321202918901	0.97988064065282	0.0327589618319687	0.0192083991070132	0.230757594575752	0.269864279726032	0.00955967312334254	0.167018927173654	0.301409649945284	0.0066304975322556	0.0963466397448401	0.310896848498013	0.0100051105544342	0.149387601115795	0.299667359106667	0.0143194769415795	0.378593000113956	-0.281779979549359	0.0678251629813723	0.831702224794204	-0.214940839735661	0.243649676828991	0.70901815245917	0.136287842677453	0.526827476485163	0.876389919337007	0.0752641011297736	0.825597643796155	0.988084416042286	-0.0258742918499742	0.134856783105457	0.605606264955549	-0.176671895581005	0.941289772135027	0.993145914925413	0.00864935808518322	0.851454688229583	0.995181969915634	-0.0222996030598669	0.00710692693267091	0.145907363541956	0.308386312956195	0.0604981724486742	0.470263277845929	0.220794235730537	0.536751179515475	0.953361875487097	0.0980471311930459	0.876150551055507	0.987879339862877	0.0257911140691416	0.221595881181457	0.627507667713427	0.14281244007359	0.173990376440337	0.541098181128092	0.160854647501966	0.0518904204206171	0.316752116861679	0.22536685494083	0.0297162138925415	0.283107580815311	0.254615507869977
IFI30	P13284	Both	Olink	0.000565545862925222	0.0167500468691514	-0.391330020634094	0.00056681983927647	0.0161692817309393	-0.393805513709983	0.0132287060600861	0.234312375312637	0.284912253653946	0.00360443860504792	0.0756059412705712	0.336502077317948	0.0026919963814407	0.0772713072457095	0.341754261497716	0.000131522911108081	0.00720054725460402	0.432734471227491	0.000412990896131148	0.063848924568368	0.397532263985205	2.44552944956275e-05	0.00736376089812783	0.472405427034136	0.00822667625242977	0.129617980488864	0.303022913149857	0.000818638583748726	0.031528133955117	0.383215754346384	0.00486711993881729	0.0778963358013302	0.321836059602028	0.000751452145636037	0.0233230180511047	0.385714354861154	0.995652036458064	0.998875245416625	0.000639990858395038	0.877140948588917	0.998823757686294	0.0184101521377546	0.00134950935945381	0.0669099577778577	0.363468111178797	0.0100935907749735	0.361652291252137	0.29932935154703	0.526177618417552	0.976079072595515	-0.0743380922062471	0.362225498685356	0.788037293348434	-0.108193923413977	0.0396408709603761	0.541393024950237	0.238146468256718	0.242030522480437	0.972745479191146	0.138660150657242	0.0237253189012582	0.277734834654038	0.260981050016068	0.0250298189060504	0.308384158213552	0.262200825228483	0.0211978960877987	0.494141980281197	0.354640846965076	0.345713438266996	0.897518309642436	0.155120942524312	0.00777922243230261	0.145632611147452	0.305084345969882	0.00421125625920126	0.106162832208701	0.331167218811918	0.0210652192734177	0.223541748050133	0.266016934371769	0.000698009995193449	0.0270229583853464	0.387851263426697
IFITM1	P13164	Pre_only	Depleted	0.0022023902406043	0.0391356617679852	-0.360044649098257	0.00675217329155909	0.0919510442907345	-0.33280994063156	0.00117641000516833	0.0552912702429117	0.377408510733102	0.024804443958643	0.297166965857469	0.278263897200538	0.0279282321850997	0.241180592301086	0.260982369350398	0.0116635543241846	0.141117459249046	0.311068190653614	0.907449019097244	0.958230378341975	0.0140457799758539	0.586741588860157	0.794898250096576	0.0686736194587244	0.03543154187782	0.292597001939818	0.25008419248161	0.063367216939904	0.435026624160465	0.231635293703821	0.00589310164293119	0.0923252590725887	0.323697681310236	0.026251701114764	0.268448357843026	0.275647320163998	0.241871688644614	0.746501411941889	-0.140696788287269	0.0601148860527123	0.668442905788826	-0.234466590914457	0.136551280515455	0.615984744716978	0.178428891957138	0.0775022540313237	0.534790359210476	0.220541089304291	0.235036902067353	0.911814175833382	-0.142739020620714	0.05839302976068	0.405032240998229	-0.236016042777375	0.278073962446797	0.972565265309277	0.130489857466603	0.284809515709305	0.703566274895614	0.134672355894285	0.00165762894833297	0.0826784724433834	0.366721809397713	0.0280575748422557	0.341157775693895	0.272547843482373	0.753606644839159	0.960699693194653	0.051917441548307	0.0262949957081241	0.341898372083468	0.386503392306667	0.469036136833827	0.862920022212284	0.087314228871042	0.0402007096685933	0.325969168487075	0.255200891605699	0.022211731635469	0.197401716789405	0.271093026876458	0.0168590285831959	0.17608318742449	0.295495563506113
IFNAR2	P48551	Both	Olink	0.00021029024063455	0.00754816625324014	-0.418059112729262	8.42877601287472e-05	0.00348732564807489	-0.443711664958937	0.00977695931041683	0.197728057695743	0.296567769688624	0.000573580805750358	0.0222057711940496	0.393469364963167	0.00642618715777061	0.128351738116133	0.312022413943004	0.000411216108743133	0.015585953212502	0.402771736611939	0.15654418287473	0.526999671541017	0.1652452615969	0.00886103635484548	0.242559682036679	0.304290591129913	0.000200279587009034	0.008971201335446	0.416688610258486	0.000992141132172419	0.0358493662424967	0.377534632812742	1.99521716035166e-05	0.00111485329990784	0.471068704170121	0.000167825223346175	0.00784148888393335	0.426558487996274	0.762801149860945	0.953061833159595	0.0354335694805651	0.343122391899097	0.998823757686294	0.11254610318269	0.0068462604404431	0.146836476855409	0.309740867151231	0.0735589969829979	0.583936897611613	0.210705896555414	0.233752841465609	0.924623983117211	-0.139162790479173	0.103455982205963	0.575728897163986	-0.192117041274251	0.183182478544475	0.71689034253347	0.155367332491432	0.362378384847942	0.972745479191146	0.108159670438229	0.000281716606275706	0.0186313285418385	0.407800293200189	0.000412288698286029	0.0287241888302541	0.402699960076366	0.00664062924906318	0.28793768423938	0.412454020424801	0.000515993265461391	0.199763107057196	0.530283211797752	0.0291443231139537	0.288252246856988	0.252052493414244	0.010590288677071	0.176613429629923	0.29747846188174	0.0462068212490285	0.30534037623602	0.230946380514583	0.00513966790636244	0.107972868420482	0.324198443188986
IGDCC4	Q8TDY8	Both	Depleted	2.91721666325948e-05	0.00163036244440289	0.46556902891371	0.000963679126786745	0.0229328819077706	0.378401446297401	0.000440510095478581	0.0283317545618329	-0.395767670657271	0.0633218987276413	0.455172707324575	-0.218473879039935	0.0620520396537809	0.379579439577425	-0.216531368109384	0.0662491627893025	0.39782052544731	-0.216155162100854	0.0240322168406551	0.137874971733712	-0.260431408540388	0.526346617719399	0.768453484890209	-0.0753514370148734	3.39163105277034e-05	0.00267391815902281	-0.459349957339909	0.000471250961643423	0.0169373139743607	-0.398995123036997	4.86704449887477e-06	0.000699709220897055	-0.50028960006996	0.000474055168302298	0.0158399664227212	-0.398829681888264	0.00472073046330943	0.116540053053821	0.322895479620812	0.00756099307784997	0.310725741208349	0.31022595515144	0.000797482769039065	0.0475377533544262	-0.379055421148286	3.23164727189009e-05	0.0044389743315995	-0.466161899038359	0.296085461720144	0.957001543111109	0.122250656157301	0.482341254728323	0.776965381109828	0.0835240778823656	0.0224243336041215	0.972565265309277	-0.26338035681117	0.175235942601524	0.618394375866706	-0.160396531868079	1.94956807966799e-05	0.00802359975958045	-0.471570295459923	0.0261838529439257	0.328170956897202	-0.260228150016715	0.00439093521841517	0.482827876729587	-0.430878608520514	0.376938689552866	0.702114468077156	-0.145459376431969	0.0170815791904579	0.193274905284625	-0.274683729041958	0.0723175247990667	0.437001730484536	-0.21159977183229	0.0166239941341731	0.16744735653146	-0.27578755763501	0.0117631201312696	0.137000918956745	-0.293391002160287
IGFBP1	P08833	Both	Olink	2.08999086248272e-06	0.000217841355281853	0.519654524670938	1.28196038586643e-07	1.98520722611315e-05	0.571566418923151	0.125552181367468	0.723922798969075	-0.178460351335913	0.0262502988712151	0.258684763421792	-0.260116825207689	7.10901389056147e-08	6.42180921447386e-05	-0.574398397686464	1.56314760300786e-07	5.29516250518911e-05	-0.568345075935749	0.746985565203163	0.929004596949759	-0.0378753465936693	0.885790539406726	0.99177456507651	0.0171049344357993	5.67688722425063e-07	0.000103473835173449	-0.540174699213968	9.38342747032109e-07	0.000211909070371418	-0.537576605468951	1.20227219851414e-05	0.000766625331287843	-0.481870449308322	1.03644451021152e-05	0.000870585804195772	-0.490904037540659	0.196011234808912	0.701579808702003	0.150981073728908	0.103197465455646	0.863027787730261	0.192258408201896	0.000953102828357082	0.055361675842335	-0.373859018069047	0.00018795682724901	0.0635038998953142	-0.423647069381058	0.114209217450638	0.87062441432132	0.183920555227026	0.990827315787105	0.997726909732061	0.00136919632493469	0.138700546590295	0.674221491048789	-0.172583386382692	0.0403930549333577	0.972745479191146	-0.240517328538987	0.0391504563576839	0.357162060304811	-0.238723034103834	0.0304145071630574	0.339190594287595	-0.253573176689449	0.804718254412327	0.983004842753666	-0.0393227665128925	0.808568248571552	0.979970231574931	-0.0400833631139834	5.76072001909308e-05	0.00726118662871732	-0.447205780713847	2.64932293591224e-05	0.00422333244489539	-0.470624886798859	4.2570010138375e-08	3.29613507071418e-05	-0.582282042522185	9.4544791491367e-06	0.00116461993155275	-0.492822161614084
IGFBP2	P18065	Both	Neat	3.69992033098186e-07	7.96539991255666e-05	0.550714849751507	7.79195329594985e-06	0.000733904601062277	0.496821692678357	0.000589679156270284	0.0740538740416098	-0.387665464230994	0.0036432114973636	0.0871479321670943	-0.336138161682654	2.33332166479686e-06	0.000390701749872096	-0.514514085691874	7.0060589312256e-05	0.00439922117056541	-0.448164870303043	0.487534692798695	0.790687882388878	0.0813973583338066	0.319280295466229	0.837558640678129	0.118196531754096	8.01471391571446e-08	2.41563477419634e-05	-0.572524529824001	8.88041275221565e-09	6.78888457789946e-06	-0.611842548470341	9.61648749141259e-08	2.41534110825979e-05	-0.569654850154501	1.82357819247265e-08	1.6566995102426e-05	-0.601519959731947	0.00926135948896967	0.498459598209903	0.298608550094396	0.0204145261920215	0.824824109125231	0.270955128794865	0.00169092108406055	0.0849406024559749	-0.356541096868474	0.00127334052272276	0.158815464427607	-0.370004484322175	0.280455136693754	0.836732080875346	0.126247530986912	0.249686304301694	0.592440825537967	0.136451285811677	0.0910604075606326	0.850799416420647	-0.19651781443479	0.219029512614162	0.988165370089238	-0.145601763525045	0.000157011699884747	0.033802375960902	-0.422881930156079	0.000235031677465977	0.0598146367461481	-0.417824632693032	0.984769034440068	0.999199023542069	0.00303736379328362	0.799423367779506	0.980897636874884	0.0420372425312794	0.00213602700123687	0.0869998024557828	-0.349198343793263	0.0113348833058225	0.199618393560215	-0.294840611311861	1.99009339074095e-05	0.00187441921240413	-0.471124467919042	6.68115487036294e-05	0.00592264728802174	-0.449298774251611
IGFBP4	P22692	Both	MagNet	3.26882797718143e-09	3.76946795120412e-06	-0.622193227424426	7.50725815206202e-09	7.3596154084048e-06	-0.614200067690129	1.48801176142903e-06	0.00437624259036279	0.522911473076683	1.97089376781659e-06	0.00293217565845867	0.523881457873218	2.00986320183291e-06	0.00147775191914764	0.517324638340241	0.000264103799045118	0.0776729272991692	0.414744185703575	0.0143538304609403	0.0756861308824338	0.281684724654482	0.0311993553240678	0.44325014641955	0.252425391127075	4.29276570799188e-06	0.00180357484960059	0.502764583489318	0.000107889276999614	0.0288456694232604	0.437667476489522	2.88967171897447e-07	0.000169970490510078	0.551723521401156	3.92329247299928e-06	0.00281763830691195	0.510618709303393	0.734028553008578	0.969073233419171	-0.0398877760985358	0.10771664211329	0.999576267023585	-0.189825768867683	0.000483521909759869	0.158004215178197	0.393201846089859	0.0228760727924507	0.999891586200698	0.26609832481908	0.66964195409067	0.999744779521394	-0.0500741992143618	0.0236888957285685	0.398256551462866	-0.264592209536196	0.0874039190350975	0.746157667092129	0.198731668232406	0.0125417059044716	0.602849328205229	0.290868914612805	2.47700721356447e-05	0.0219250088230082	0.466342803634745	1.90899190543041e-06	0.00561434519387083	0.524482869044269	0.00293259475165212	0.182878985447869	0.447936674762748	0.00473798589577913	0.198575487610831	0.443002347985938	0.000235400082969231	0.0427608938645868	0.412510207389301	0.00201448029240803	0.323030219267795	0.355674809063391	6.28970226239192e-05	0.0308300239228244	0.445146704265724	0.00500688196207654	0.44207648643152	0.325123107990905
IGFBP6	P24592	Pre_only	MagNet	9.0451938322897e-05	0.0147788417004245	-0.43921590175925	0.159138953408658	0.745266977666979	-0.166511838434822	0.00405155291794543	0.195337985765205	0.32814384360776	0.0257274776555568	0.447719004644926	0.26099929507477	0.0350433205954406	0.740405208378566	0.243803541379266	0.901005094513125	0.999700003347887	0.0148138433844919	0.000482687246165339	0.0244755722581425	0.393249617758408	0.508329665734145	0.782721228756085	0.0786532651962704	0.00311550813571874	0.16743254000277	0.336958741567457	0.418131131011535	0.999949581968127	0.0962048282051661	0.00293745808218472	0.179980504577193	0.338899173005468	0.288015595928077	0.96867424008782	0.126033083188864	0.525270706307552	0.938868052766385	0.0745006747620347	0.0029910345909283	0.999576267023585	0.342779157809829	0.0205831405777957	0.702239608452155	0.266987058304539	0.607599319484386	0.999891586200698	0.0610993750811225	0.737495635948869	0.999744779521394	0.0393481805720819	0.885563447384389	0.961048744928962	-0.0171391761089523	0.0362721808118794	0.694332549717834	0.242233554714311	0.807226329450172	0.910870323639565	0.0290541607255397	0.0381415204586925	0.859258336772514	0.239928358430848	0.0924823733165218	0.66742172264576	0.198377070320805	0.012158315697744	0.231646521790041	0.383567563647206	0.527019227965145	0.783205431756186	0.1044107111537	0.0480240965081962	0.673031858560382	0.229103789331172	0.485433792993191	0.999596376499422	-0.0829373590386067	0.0254391386329877	0.755334835310316	0.257985454395689	0.695627811827012	0.999688238641496	0.046568828637786
IGFBP7	Q16270	Post_only	Olink	0.0387904883454394	0.322460808024971	-0.240767359484816	0.000110140392563155	0.00445493229621121	-0.437156702850586	0.0271164964617355	0.361109117500261	0.255214842267547	5.86234840098111e-05	0.00460491714975618	0.452400296667454	0.472468804560007	0.800355453868737	0.0842286392041051	0.0108886713951697	0.137247904562372	0.296402599793401	0.284003748936852	0.660927573738832	0.125327426393981	0.0149561798128572	0.309557215113187	0.28382749358074	0.010289958575413	0.153640703798178	0.294628452743254	0.000469107208160014	0.0201790560970419	0.399122206304366	0.00225247657951299	0.0468730259348594	0.347505919916988	5.07926253315845e-05	0.00302523109117789	0.455767725998667	0.554180043089597	0.885176394523683	-0.0693844524689711	0.996790942508203	0.999088119797844	-0.000479003363760031	0.0695446020821997	0.447305662629015	0.210741906516455	0.110745180246809	0.628596435426369	0.188239465404946	0.556114246224486	0.976079072595515	-0.0690468330107335	0.0561548982221571	0.540817483317416	-0.224541012616575	0.043989343566816	0.541393024950237	0.233277511008538	0.539295961301811	0.986791634720565	0.0730131799875671	0.00171685495429139	0.057440455878144	0.356068039836542	1.8526225955643e-05	0.00418383936164937	0.4785063839684	0.205195195245622	0.847035764075607	0.199534004684943	0.0494426979699144	0.683974932598775	0.316764159967385	0.293817289104621	0.691805772515558	0.122821888271793	0.0376188762898233	0.302963312764996	0.24384911299417	0.990884932161424	0.99806659214178	0.00134169848145491	0.0372867180493336	0.310436270088154	0.244261618410367
IGFBPL1	Q8WX77	Post_only	Olink	0.00615593364528591	0.0990064105562303	-0.315633236701662	0.00170652161262449	0.0377524373078561	-0.360933077554379	0.129510612078282	0.727406753849006	0.176643746956501	0.0143550706514985	0.17886088030143	0.285483176291892	0.0171440493887686	0.208810668959834	0.274535009753875	0.000993438586561853	0.0278986380267629	0.377495658041839	0.00980619043909683	0.230344734769945	0.296454908451666	0.000737976735466855	0.0784281158084383	0.386239822427138	0.0018709614163801	0.0478330701734913	0.353382938726808	0.00135239250391261	0.0436307581619425	0.368159703551233	0.00178988826231793	0.0396940902823565	0.354769607492222	0.000921267851096028	0.0268455470588197	0.379737138231021	0.253796665158379	0.725570078352126	0.133422469107302	0.256757305678147	0.998823757686294	0.134451927078254	0.0509262034039238	0.39504018393035	0.226276839426861	0.0850124233369636	0.590727351905568	0.202980873369543	0.34138166552596	0.949840157674898	-0.111391214784692	0.0636790183911257	0.547319953664743	-0.218186420474077	0.000416165107699049	0.1469676321137	0.397323331905331	0.00207068101102501	0.93525758997963	0.354794102268579	0.0785300540666328	0.498215897455483	0.204426401223743	0.0180955380145016	0.26316826881734	0.276011828279611	0.00388956594141085	0.253993342198155	0.436093629298801	0.000459137011556313	0.191424815587324	0.534295911324388	0.121061343555205	0.519107976320577	0.180575007282353	0.0566272295260913	0.350500272861106	0.224122350472488	0.0263046161298376	0.244547203128164	0.256537203710129	0.00271367391356369	0.0724537567069715	0.346004020783374
IGKV1D-13	A0A0B4J2D9	Pre_only	Neat	0.000772242551342257	0.031684495687045	0.409774910909215	0.208270530978087	0.733862057748153	0.158161591631801	0.0160463140821531	0.28787851573577	-0.297630831756008	0.17267771721152	0.57479564458568	-0.171210149448449	0.0470179935358156	0.420878977099438	-0.247307433078705	0.58789362749231	0.859385748711952	-0.0684627546139099	0.96295860960346	0.987291404703625	0.00587425238058142	0.329734234090302	0.838288153094886	0.12281493304778	0.381571806165936	0.902848085807889	-0.110339906446503	0.863213750959005	0.987367187423898	-0.0217895370069479	0.129607551455596	0.640813983114868	-0.189962912946798	0.651019765182638	0.985449389528654	-0.0571699676871929	0.00720832864114982	0.487649182530885	0.330288419023798	0.00389357164931315	0.824824109125231	0.353277566611882	0.111567831870093	0.57777567913481	-0.19924378887774	0.677364324293621	0.873962360197334	-0.0525908874430486	0.77563566082365	0.954300946745307	0.036039063001349	0.163961336296476	0.48892507691603	0.174699274130194	0.307806650392617	0.923700129470704	-0.128462514469807	0.408193346803292	0.988165370089238	-0.104330256061191	0.00174404614668289	0.114272936654396	-0.380949016994082	0.20410636583616	0.750716320847252	-0.15960140137996	0.956383129543488	0.991244412807453	-0.00944875570811724	0.584661784364755	0.917310868796546	0.0971507129256306	0.0185193603927136	0.306688748481531	-0.291394011227314	0.282864345637918	0.725406745848187	-0.135212482744536	0.0655511429017847	0.415065430054578	-0.229799215329336	0.542859296603542	0.889884614233952	-0.0768539585313302
IGSF3	O75054	Both	Olink	0.00104327330731295	0.0270552216537616	-0.373588247781365	0.000653063462889748	0.0179675328368652	-0.389766960451869	0.00449259316723839	0.11763214959629	0.324606047974481	0.00378395516466769	0.0771016428289432	0.334845492811336	0.113066949633864	0.49937203561174	0.184493196462773	0.000729316975829257	0.022849121439275	0.386582127804754	0.0249001589805554	0.287609612528629	0.258908590506543	0.0446113623693406	0.476331967983401	0.235797871385145	3.98201774684198e-05	0.00253912190445689	0.455719375558873	6.68562462494666e-06	0.000770980541855551	0.499953233240085	1.71249135053852e-05	0.000986536746302889	0.47436577028033	7.00532052784885e-06	0.000637105115855131	0.499001276393131	0.625412613953934	0.909073402330023	-0.0572876255109626	0.409674036453713	0.998823757686294	-0.0979549204706614	0.0652543613646034	0.437649996694256	0.21399146085993	0.00181063987630374	0.169201174647694	0.359066115397661	0.469656441867788	0.976079072595515	0.0847624963096702	0.583409396762661	0.890300705454909	0.0652443589964798	0.0590634435074909	0.566541430585691	0.218999451981037	0.0271958609176224	0.96907969195277	0.258557882061278	0.00482941649864474	0.110444883639892	0.322106191202987	0.00468707661710016	0.117610904003161	0.327442466368792	0.260734689050012	0.869630474671362	0.177512745612333	0.533196851094364	0.936541476565037	0.102862653982352	0.112872466476532	0.510513526496822	0.184591138818859	0.00567296705847132	0.123148676495044	0.320685534347407	0.228872942632623	0.584861550716085	0.140611500956324	0.00409643260973279	0.0917465485320319	0.332121829366777
IGSF9	Q9P2J2	Both	Olink	1.07164270154877e-15	5.80830344239434e-12	-0.770008745808887	3.07729431325759e-15	1.66789351778561e-11	-0.765542281092635	2.92471916442072e-06	0.000932469286538842	0.510211043339457	7.09504916522881e-07	0.000240344790472126	0.542583023928368	2.35703338222859e-09	4.25837364389298e-06	0.623191800403393	3.21967230381746e-09	4.36265597167266e-06	0.625793638838009	0.0123377657869031	0.242285110742807	0.287641225890796	0.00666342871944809	0.206375906625192	0.314871198804464	1.19283745352404e-13	3.23258949905014e-10	0.729148499472747	4.72842904597467e-12	1.28140427145914e-08	0.701573008825306	4.81901531328723e-15	1.30595314990084e-11	0.755431743748323	7.40531664078676e-14	2.00684080965321e-10	0.74004453959585	0.010181233534431	0.32281897498778	-0.295032315939858	0.00357370125137228	0.30264782472559	-0.336793057066145	7.35366678366696e-07	0.000664281232791249	0.535631614743233	9.74402172006465e-05	0.0572246910776138	0.440175284438603	0.44071873646212	0.975930077247716	-0.0903604601819384	0.367447513092929	0.788816981211352	-0.107028941720339	0.000857528964534009	0.172943051734572	0.376949561352062	0.00434953548300926	0.9600628949349	0.330047803165051	2.96062533308973e-07	0.000200582366316829	0.551316066046702	2.55725164688292e-07	0.000277206078522109	0.560198059889939	0.00524261816605937	0.272233477686706	0.423105358885933	0.0216119299163172	0.577647010124927	0.366840899830797	4.03726330912127e-07	0.000391750444010019	0.546058012058286	4.12643126906394e-08	0.000223652574783266	0.589343803083414	4.46168178850999e-09	8.06077176457472e-06	0.614655381630529	9.67264232917247e-08	3.49504809494098e-05	0.576083498227205
IL10RB	Q08334	Pre_only	Olink	0.00232397438147492	0.0495903194787168	-0.348766892742974	0.00993043259161306	0.132568829178677	-0.299954673540179	0.223630872263816	0.852621237737597	0.142191927081811	0.0690885639839253	0.42844395514059	0.213983675980303	0.00111682456005758	0.0435481231331804	0.369165118950369	0.0082361471713987	0.113877340992298	0.307040894635588	0.425864112332753	0.779002189957314	0.093313950027616	0.0811700488950637	0.57982937440758	0.205474799561761	0.000610446553046001	0.0206788769844333	0.386690056425594	0.00173102420143427	0.0515129494375492	0.360484678154111	0.000842005534547212	0.0217317618916471	0.37748081949271	0.00324988094190794	0.0684393677882913	0.340002025317159	0.360247234552399	0.797461612795733	0.107137854977737	0.14715146381489	0.922132537663621	0.17137049468319	0.0181004041538612	0.249628983495999	0.272314460719215	0.17396507307082	0.688830976917762	0.160863978810546	0.344765753746093	0.952676403930512	-0.110617677312324	0.284741612730345	0.738647529039362	-0.126885363758592	0.0142522463866347	0.452055121626886	0.281966967930883	0.196644148319839	0.972745479191146	0.152868725719633	0.0600443073029375	0.433920194109228	0.218178464634507	0.0706007976576131	0.50549051955649	0.21285632151292	0.230067080328835	0.86014945421023	0.189224533462875	0.242717507234323	0.856340460912515	0.191559051601161	0.00492880194401678	0.110457029478536	0.321398101154534	0.00217655145311384	0.0722297887272972	0.353191773267225	0.0187313543223903	0.210194493638417	0.270903952982754	0.129812107052515	0.497467657164176	0.178953092120725
IL17A	Q16552	Pre_only	Olink	0.000471835988070501	0.0149347123937317	-0.396394743276355	0.00265678751386632	0.0541345425757723	-0.346701665802471	0.511491823158414	0.968103996930853	0.0769884603275979	0.654112127038553	0.920636379955978	0.0533241204952625	0.00246349920959849	0.0740259230496921	0.344629676478255	0.0104255367620441	0.132333511124776	0.298083853760085	0.989355422978537	0.99886026904397	-0.00156684774578589	0.483757366847822	0.945930308501606	-0.0832551648279258	0.0210484878794147	0.237672508971725	0.266050285297701	0.160428099829787	0.624512350906418	0.166005713240351	0.0197543914950445	0.20163616177616	0.268701120979453	0.165064348769341	0.627820554808103	0.164209972891394	0.992844558166706	0.998875245416625	0.00105324141635123	0.382713233186353	0.998823757686294	-0.103679927359598	0.0248221178599938	0.289324470540143	0.259043656177955	0.0799290783661708	0.583936897611613	0.206300277375382	0.697059249188554	0.985140774904654	0.0456957179964523	0.858711259398252	0.966367933863735	-0.0211986167664561	0.0573119931918776	0.564783641999957	0.220493405848854	0.0670018885450201	0.972745479191146	0.215572310031159	0.135882048270356	0.613876676568552	0.173806449259919	0.315760400291025	0.843622159483022	0.119053230594613	0.369364842563422	0.914971410737545	-0.142096102211403	0.380148490385008	0.899537159717527	-0.144493735644582	0.000155192761056877	0.0128050120531871	0.423175453373671	0.0110637120044231	0.179994095764175	0.295783343242414	0.00615086023612134	0.118218661275807	0.31359016822847	0.043841398127615	0.32911409674747	0.236630931133466
IL18	Q14116	Both	Olink	0.00020690592147959	0.0074762006294625	-0.418479398407281	0.00022340015312841	0.00796597914444726	-0.419156120556241	0.0371379972577803	0.430090573123947	0.241153845389476	0.0328843411703585	0.296560946993915	0.250040865327896	7.31798843967048e-05	0.00600522565032505	0.441566373293187	1.12451370402082e-05	0.00106927443434962	0.489191984454385	0.836357499054806	0.955955986265277	0.0242547797679475	0.615500771200318	0.971219213331725	0.0597612875332914	2.94608576659369e-05	0.00194729083596802	0.462502622603067	2.93127129849229e-05	0.00244422929812742	0.46836098312312	2.62510206065909e-05	0.00138136438531769	0.465062102855368	5.69591915785792e-05	0.00335137877904372	0.453079517432666	0.3624016698801	0.797516319300121	-0.106660966968631	0.43103967698137	0.998823757686294	-0.09357239253922	0.000467283228320882	0.0356714802464674	0.394145082897658	0.00586649051646687	0.286453861254509	0.31948265905505	0.733501341410618	0.985860560435328	-0.0399699001911604	0.496590207496332	0.850658804472145	-0.0808369896571573	0.414428591843941	0.835739599341402	0.0956279272265146	0.890217537694522	0.996490931968062	-0.0164376902027837	0.0099837667956165	0.177301238828627	0.295775527817991	0.0284741178382546	0.328361103581575	0.256521626825979	0.69574586266338	0.976912483329691	0.0621608468370505	0.847126207930209	0.984742072049982	-0.031900606718341	0.00978940750708139	0.165291553546359	0.296519671317978	0.00412832315245015	0.10554486550132	0.331854341450577	0.000198203500349799	0.0121494268850013	0.416956220763249	0.000130636136616737	0.00813848115474384	0.432904209274232
IL18BP	O95998	Both	Olink	0.000596449123373388	0.0173803991864718	-0.389827208493938	0.000545150011910011	0.0158006046232741	-0.394908102910333	0.0294533270745509	0.379390189282983	0.251587021580138	0.00608933221849108	0.104114134461267	0.318140163607955	0.0862232702418848	0.451090853968162	0.199462115857779	0.00271915883064681	0.0591881159120711	0.345937447746829	4.27814013509454e-07	0.000463750390644248	0.545065566177225	0.0010607516759755	0.100779662462087	0.375534274121197	0.000272047000003863	0.0110864266166988	0.408721597749402	0.00321868680334879	0.0800242315328001	0.340326022043047	0.000234505726362503	0.00853034252942798	0.412609277457241	0.00194357303542289	0.0481012139360368	0.356818014097574	0.131592835016095	0.646714966066375	0.175705076945864	0.160323717573696	0.93483988275092	0.166046582015902	0.00144479973997861	0.0687050420827038	0.361388606806555	0.068625222872331	0.575771993758566	0.21433305966723	0.436061185906705	0.975930077247716	0.0912803582158491	0.904385052337406	0.977840190416015	0.0143056276885138	0.0184643603316319	0.460471381960172	0.271495779014979	0.307161828975496	0.972745479191146	0.121172195614863	0.0241410588733374	0.279026183317928	0.26023790833588	0.0254012374615424	0.308384158213552	0.261557676401905	0.000320129276911944	0.109352960828539	0.528587735782109	0.0765205876640225	0.746566382212684	0.286963052443345	0.00221659521208658	0.0686511202829102	0.348018865098099	0.00157911279616437	0.0591862688742341	0.363362505130781	0.0506976918802974	0.313593146799889	0.22649456683555	0.0115925228257551	0.173957526833477	0.293962904232707
IL18R1	Q13478	Both	Olink	2.94495260963632e-05	0.00162873909634988	-0.465357385378134	5.53019846782098e-06	0.000434401097037532	-0.503790975587704	5.00774242267414e-07	0.000246745126644489	0.542352636133443	9.41224022688611e-07	0.000300084364880722	0.537521248004387	0.00199454481063896	0.0659172736198975	0.351369796719299	0.000721042160637882	0.022849121439275	0.386912686375881	0.0902639078079558	0.429149456420281	0.19699400977568	0.182862349023952	0.7738034387	0.157642133176098	0.000627421954443569	0.0211219067893425	0.385914957651203	0.00012137248636616	0.00732766396430931	0.434743858714635	2.8407080273248e-05	0.00148044591424043	0.463312985713116	7.05282416075791e-06	0.000637105115855131	0.498863307807447	0.18624231934662	0.69139271976622	-0.154301474185833	0.0736785580809032	0.837141487148882	-0.21062045026058	0.00744872614762879	0.156480991163364	0.30667484450323	0.0573475190964189	0.551222154917721	0.223489347142351	0.64084900690011	0.980755103210386	-0.0547472761488078	0.0800084094194045	0.558071500544942	-0.206247203639349	0.126653553516472	0.663200651458359	0.17795057763842	0.779577345373866	0.99498445719098	0.0333223305640522	3.57662737235357e-05	0.00504734999761091	0.458152974451254	2.32853847478258e-05	0.00478170903666863	0.473491030891144	0.104647304699652	0.752267205394002	0.253932406168294	0.479757551446232	0.921282502084913	0.116567269413935	0.0507809561741387	0.368393575848332	0.226415138983203	0.0938721008558952	0.432274245232755	0.197553128361767	0.0104602235515343	0.159337092779008	0.294003407597745	0.0109995858791375	0.168888958108387	0.296009212481752
IL1RN	P18510	Both	Olink	2.07160887847002e-09	8.02008580093395e-07	-0.62824192515907	1.42941097884148e-09	6.22040159043642e-07	-0.636482332512686	4.27410662652867e-05	0.00482617873245529	0.454104787996743	1.97026396838304e-05	0.00227209164013533	0.4771636122365	8.76022844404459e-08	6.7829197381031e-05	0.57112707902788	5.05316395720352e-10	1.36940743240215e-06	0.649592399905717	0.232161035833547	0.610831463212537	0.139633023647373	0.610628594734535	0.971219213331725	0.0605854894173136	3.53823017783433e-08	1.47516981260477e-05	0.585074879386527	1.21683881990344e-06	0.000244957052980346	0.532848603270447	3.91845235913702e-08	8.84917157771776e-06	0.583536717574598	5.58827880084496e-07	9.13206152672423e-05	0.546795172961821	0.42667303644845	0.8228123551308	-0.0931516220575237	0.312958303921902	0.998823757686294	-0.11973962320423	0.000100789780661318	0.0143758055574827	0.433863342905625	0.000490160527493597	0.110694585792304	0.397896454773348	0.130951875354355	0.894408786115406	-0.17599281335308	0.204494406150998	0.687205742769821	-0.150256355256876	0.00201715021360284	0.237672916472334	0.351013745238503	0.0105870605155181	0.964412807942649	0.297490244984631	7.15311771264414e-05	0.00760194078481005	0.442107727920795	7.4336233655425e-05	0.0111917329559001	0.446744671934957	0.0065973916465902	0.28793768423938	0.41275291901587	0.133140728247325	0.794850434434992	0.244774059776486	3.08232387000145e-06	0.00117751453516486	0.509202845019096	6.24879822843205e-06	0.00183683308215375	0.501325291535987	4.98981252561551e-07	0.000208036799144893	0.542414698554497	2.87631811463449e-08	1.19920339856299e-05	0.594787446896698
INHBC	P55103	Both	Neat	1.91419476768272e-11	2.26481769378603e-08	-0.68364014255609	5.27231347091252e-11	7.94537640066516e-08	-0.676053828076967	0.00011665012843369	0.0219739679436964	0.430284319633862	1.779040386688e-05	0.00446835643789803	0.479387260348641	7.16697445423976e-07	0.000154294721464847	0.536086029779601	7.51294805574607e-07	0.000188700212000156	0.541564643201319	0.000206943482889102	0.0717374109110269	0.415846536774679	0.000229792265267798	0.0874184398994046	0.418416732103791	2.30769772342022e-08	8.69425117298568e-06	0.591429948180932	8.6358397602991e-08	4.33807017292358e-05	0.577882723855475	3.97171366863485e-08	1.19707449972654e-05	0.583332666319006	5.60883989211408e-08	2.81750723913864e-05	0.584633983592707	0.0821193836447338	0.584578268466056	-0.202064361454011	0.0276884422429645	0.824824109125231	-0.257763827043631	3.92633470925941e-06	0.00295849320342697	0.504511727475685	0.00246129273748954	0.158815464427607	0.34920563242615	0.550625407544926	0.932602318086837	-0.0700063992278097	0.0330643223255888	0.276821854137013	-0.249792259669495	0.00753966238409824	0.575596768108282	0.306231136757661	0.0139937620389364	0.968921673872057	0.286507377633579	0.00023281707576662	0.0389839259089219	0.412797283618769	0.000262089635406302	0.0598146367461481	0.414947310305326	0.00706059265476961	0.509204723995674	0.409635157351284	0.00548976825304039	0.648990916385489	0.436314630815735	4.48793591844764e-09	6.7633194291006e-06	0.614575695135477	0.000173569511295408	0.0186835181087271	0.425696335646177	8.6270106682377e-07	0.000216681751283904	0.532794624754869	4.09746455059015e-06	0.00153920817047666	0.50976288750658
INHBE	P58166	Both	Depleted	2.76955183939222e-13	6.76878469547458e-10	-0.725087959584459	9.85778780311638e-11	1.20462166954082e-07	-0.668989610856605	3.06218722528875e-06	0.00374199278930286	0.509328924969653	1.48123479708866e-06	0.00123197072955714	0.529223439746516	2.18817140416886e-10	2.67394545589435e-07	0.652872122669487	9.78429057212587e-07	0.000312230316310747	0.536820421366162	0.00370561869594923	0.0565567790091978	0.331167000638451	0.00422274725879178	0.168785865940786	0.331072962230101	1.0454493652912e-10	2.06257069867609e-07	0.661472480696202	2.70155954502831e-11	6.60261152804919e-08	0.683393280826406	4.14698232429459e-11	5.06761240028799e-08	0.671858899323721	1.20878613504751e-11	2.9542733140561e-08	0.691947843823369	0.0694544120648033	0.489572809694442	-0.210808535598876	0.0439037273164557	0.606785409356299	-0.236563046646773	2.53330107255283e-07	0.000342999097447072	0.553924949796255	1.26075609292744e-05	0.0044389743315995	0.486775655594495	0.306661173331065	0.965886331700678	-0.119624296723104	0.02883152557314	0.303725209054975	-0.255966085337519	0.00718301550869628	0.821150935015848	0.307999157239448	0.00707588564996616	0.455091171803087	0.312672362518799	1.8009662221717e-06	0.00146718714899588	0.519375651197649	3.02476754022492e-06	0.00621742803630186	0.515695305365408	0.00318407212738373	0.444266478946474	0.444529283240746	0.00369461111749091	0.323879341237881	0.454006304282717	5.20341472694169e-10	1.27171455926455e-06	0.642422525255889	8.04914970276314e-07	0.000655737395785104	0.540333466649525	7.05953920043445e-10	1.27312434465046e-06	0.638645082758327	7.53622093052617e-07	0.000306975399236766	0.541509511406792
INPP5F	Q9Y2H2	Post_only	Olink	0.961302661635385	0.994704166869757	0.00573785399177212	0.0013853667884442	0.0325051428284311	-0.367418851501392	0.787787220101307	0.991740603332918	0.0316059083448157	0.00354253601471478	0.074710292606047	0.337090370939075	0.647293890858557	0.888791553206526	-0.0536941162980153	0.0265957333294154	0.225232616633487	0.259541888079259	0.912359981512045	0.976652908226443	-0.0129254651933945	0.878766855107234	0.991448033863698	-0.0181646432577026	0.69165210489713	0.935863867537964	-0.0465541190463266	0.0285892981894963	0.318835383100966	0.256341956036913	0.886312185788166	0.980972692931949	-0.0167898416147234	0.0092568967175565	0.14294125415714	0.302634831898921	0.168224391946084	0.678239176606979	-0.160773006185808	0.14692013107261	0.922132537663621	-0.171467114542023	0.545323810113213	0.877718791521847	-0.0709376181205627	0.769016021601633	0.953539478352516	0.0349635174043431	0.558983043402237	0.976079072595515	-0.0685471089785303	0.297278783454584	0.744226792759281	-0.123655758778709	0.65708519792806	0.927587886856245	-0.0521021609969049	0.698041173175491	0.989266089312206	-0.0461808209936658	0.708309860963794	0.939551051797891	0.0439172382411303	0.0167006478364088	0.254575073252296	0.279327752423406	0.961102642450706	0.997622080356309	-0.00775942756922913	0.956340285404407	0.997268216653647	0.00906112246740381	0.958556458398055	0.990762509986684	-0.00610286845977886	0.54414030949382	0.81067632695341	0.0721455545894912	0.838494229047939	0.947589391459514	-0.0239337180815609	0.337457632877249	0.709472602868383	0.113865575488119
INS-CPEPTIDE	P01308	Both	Olink	1.29550077493429e-13	3.51080710007193e-10	-0.731808371300747	1.22997617345689e-13	3.33323543006818e-10	-0.73568153078178	5.30454888144539e-05	0.00552344643095321	0.449127436586062	2.34686864521702e-05	0.00259592409328087	0.473317629627664	2.11880456688631e-09	4.25837364389298e-06	0.624592457969549	1.9526307156857e-09	3.52775282633882e-06	0.632424860825007	0.064940743797629	0.388788288884863	0.214235695841585	0.0999038203384189	0.633308428344129	0.1940840972756	3.52108122894804e-20	1.90842602608984e-16	0.829897832665501	8.75658730471146e-14	4.74607031915361e-10	0.738612790440569	4.16193879862624e-19	2.25577082885542e-15	0.816749244797524	6.21034503793066e-14	2.00684080965321e-10	0.741537827658391	0.214499117624308	0.708413954768805	-0.145008247743346	0.239870510421226	0.998823757686294	-0.13929203441464	2.20120974305994e-07	0.000254526831758037	0.556257839519236	2.26653200467822e-06	0.00409486782178531	0.521233796373736	0.144610426256375	0.900045394433035	-0.170078436757575	0.216272736425541	0.694323868338032	-0.14646742844326	0.015119277613083	0.452055121626886	0.279611744588884	0.104646751068256	0.972745479191146	0.191469407819797	9.92677779819603e-07	0.000489119415147477	0.530280054323401	7.82201864981905e-06	0.00235529672677885	0.496742539109193	0.00058515235729581	0.158253868140486	0.508508173599361	0.0052371699965332	0.341993510616987	0.438468024959394	5.78229437653165e-07	0.000391750444010019	0.539853925668914	6.90068340953462e-07	0.000436112540237504	0.543076087307559	9.22110715485165e-10	2.4989200389648e-06	0.635294471563508	2.55117215557424e-10	6.91367654160618e-07	0.657876766988301
ITGA11	Q9UKX5	Both	Olink	0.000729802333198992	0.0206892766945952	0.384062149273223	0.0011191911574096	0.0278257618034864	0.373920793064909	0.00395859262028232	0.106744139313085	-0.328932965048628	0.0279772189335736	0.269336636980407	-0.257303838482638	1.8883779754987e-05	0.00213229346400062	-0.472260111082075	0.000409115072988976	0.015585953212502	-0.402912832905109	0.182852939107374	0.560068795492459	0.155482891642658	0.159610136062962	0.745122254488589	0.166326499142319	0.0232293986776549	0.252817953479698	-0.261882124562663	0.0365917042031256	0.354155422823108	-0.245134754443301	0.0126264674336323	0.153787535933229	-0.286738729998284	0.034171442141662	0.307146295867012	-0.24828745769931	0.000107483490834401	0.0291360676013809	0.432293539386812	0.000156985360472111	0.0607757609827746	0.42826215915838	0.203218684860943	0.667127667339034	-0.14860673103709	0.238868891152765	0.738000406009256	-0.139586377533472	0.00193429674723621	0.305880345588779	0.352336769905216	0.000922456027437396	0.399788466877322	0.379698965921253	0.358068295268463	0.814431000292022	-0.107621953637148	0.921556509825963	0.996490931968062	0.0117274425555267	0.00596560504264627	0.131973793188338	-0.314680242623365	0.0674605959672844	0.496783438525738	-0.215219705157863	0.826151542398512	0.984336567590976	-0.0349351510251189	0.825876675910584	0.981493747801552	0.0363996852122985	0.00193017359190943	0.0649785147090006	-0.352403931576371	0.00966677542834791	0.172348430334361	-0.300984362267096	0.000341594953291117	0.0180196579402174	-0.4026682897958	0.00193343261892135	0.0595409363326914	-0.35698455540312
ITGA2	P17301	Both	Depleted	0.000245510580268626	0.0072292513033316	0.414019826581149	0.000303283181608332	0.00949862635399999	0.411051739648039	0.0121604851324269	0.180122579779705	-0.288204532942092	0.0972182693388536	0.547468779410503	-0.195607807618196	0.0022273067745398	0.0498855918729752	-0.347864961643313	0.00306672843040712	0.0594847959040873	-0.341945542260462	0.895572635280937	0.953716566721834	-0.0154141594792862	0.567828278209972	0.786179746198639	-0.0679556212672072	0.00439361928536046	0.0873008579952924	-0.325372228362494	0.00650176833604366	0.12130016651367	-0.315765807157972	0.00116341066493387	0.0305739318827782	-0.367943626638135	0.0025263372710725	0.0527723785512923	-0.348353355142017	0.252433718624963	0.746501411941889	0.133802735929487	0.151057437403742	0.834774013622797	0.169755989973862	0.0116209280648258	0.18667011752241	-0.289963955187657	0.00186499293047065	0.0710788406775032	-0.358129553519303	0.214316477644635	0.905121923220852	0.145065429571709	0.94616496525985	0.97984202334537	0.00804169891644819	0.588831303093064	0.973602195669769	-0.0634173459607694	0.472921922369542	0.809965787155683	-0.0853235920594493	0.00179434154881814	0.085987661672775	-0.354691986104907	0.00976462093899392	0.197229203098356	-0.300599409844701	0.45436790897681	0.880804091581601	-0.118613640108273	0.542881566164704	0.806128296104997	-0.100453117281766	0.00668543695088113	0.111224133047095	-0.310599395500721	0.000456340456629079	0.0214480014615667	-0.399890194108462	0.00331162368433452	0.0596382976234805	-0.334932821389698	0.00113579042409836	0.0304867356179051	-0.373476403295403
ITGA5	P08648	Post_only	Olink	0.0100549363922571	0.135698147238269	-0.297471598893999	0.000248203674310026	0.00835567648919467	-0.416387972980976	0.00883727628211607	0.1821218153957	0.30036291481623	3.79159249253851e-05	0.00336892316550143	0.462526989172452	0.0274287917717934	0.264056929668065	0.254715089306523	0.000698708139384516	0.0228132416594221	0.38782240240669	0.215387586624367	0.595916651099575	0.144730570676181	3.4948616140153e-05	0.009969552604191	0.464385872612524	0.0042744085299981	0.0870950910999612	0.326315671911015	0.000506798077665565	0.0212933765964912	0.396961323706916	0.00142495044896527	0.0337989850529088	0.361811345537523	7.40865780062652e-05	0.00409744135504038	0.446825492791089	0.546680861558976	0.880996234713411	-0.0706988377499936	0.422621468544968	0.998823757686294	-0.0952839056425746	0.0653552640235734	0.437649996694256	0.213913082786805	0.0332049369614852	0.48379236110551	0.249598818030913	0.881736897589674	0.993755347770323	0.0174703438769906	0.840974330952025	0.960711446646438	0.023893036088583	0.00042358762319367	0.1469676321137	0.396840400465849	0.0213365765901802	0.96907969195277	0.269080213953104	0.0178096706488577	0.242568322124221	0.272978640513695	0.000147048757652137	0.0144909866631742	0.429921862904249	0.0278608176843688	0.540106789959182	0.339447511787492	0.00220239512244239	0.27760422241018	0.475804590812003	0.0118193066348717	0.179845201473522	0.289308980338342	0.00138523321096621	0.05520561767233	0.36742182041574	0.0461828577028224	0.30534037623602	0.230971073886255	0.00107998599740938	0.0385175483322735	0.374994530058239
ITGA7	Q13683	Both	Depleted	0.00110138620812923	0.0234068512405898	0.37196872775507	0.000331241438823818	0.00975366357211339	0.408675467742415	0.000780446374421412	0.0409926352593857	-0.379679140785114	0.000853487799029153	0.0474073677460739	-0.381992253975591	0.0032435252320004	0.062055274090411	-0.335623863735408	0.000159471589719257	0.00789511652800102	-0.427862042428084	0.039209422106089	0.179306082857334	0.238653393306605	0.276307951130776	0.620509062851568	0.129111162643161	0.0151865836439159	0.176606057601377	-0.279433828265467	0.000237265359657514	0.0105432098000539	-0.417575884449064	0.0061776694935477	0.0943639015139412	-0.313434823210118	0.000145050930610732	0.00632856815850935	-0.430267993748969	0.0524954790055775	0.422036022005366	0.224802878740675	0.67534890896545	0.988728435054251	0.0498488639518783	0.0120992843677256	0.18667011752241	-0.288400652745175	0.000899749651402598	0.0492044528406199	-0.380436289222995	0.0251965641873759	0.624037615460996	0.25839885095458	0.223753864613968	0.595702009930869	0.144135882316146	0.141409472900243	0.972565265309277	0.171425414846718	0.178182901670508	0.620924193110117	0.159322035822278	0.00632624771521577	0.14129561147732	-0.312584516196693	0.00140770503230118	0.0819150261653351	-0.36692595502077	0.720939650316565	0.954483480700804	0.0567868965113028	0.810947150287373	0.938488238783573	-0.0395759796912556	0.095859818627421	0.484024583119016	-0.193715792731707	0.000338557931378913	0.0165487116858013	-0.408083988733968	0.00933072504530284	0.117547896962475	-0.298328304908004	1.30881755972473e-05	0.00112140814300494	-0.485981181114912
ITGAV	P06756	Pre_only	Depleted	0.000785142059456218	0.0179335251711308	0.38443717520625	0.00410568799259902	0.0651578016487793	0.34129457899137	0.0233528371303181	0.278411385104866	-0.263414952566211	0.0404150736985076	0.369941723292706	-0.247398507949218	0.000407737122891045	0.0166084921390952	-0.40041903273585	0.0310991716041668	0.261190293472796	-0.259800001980196	0.445452753310162	0.6656544797637	0.0900516944116545	0.727070615317444	0.88435368064122	-0.0427799575065061	0.001950821133302	0.0481596651493949	-0.354361534721235	0.00492784446402395	0.0971262247586657	-0.334779959514185	0.00179013092515114	0.0416674283911369	-0.357072973582428	0.00271929811035398	0.0563217337432638	-0.355518716219151	0.0484932572689444	0.407482155744135	0.230187741474042	0.0778379733470821	0.72924049698036	0.213729069434669	0.00224286276884075	0.0856493219851061	-0.349910589360857	0.0232975627482695	0.291823675710916	-0.272877513634654	0.0513122906456143	0.774118755172106	0.227443632227812	0.0582939424198152	0.405032240998229	0.229091871361367	0.612491500252965	0.973602195669769	-0.0598478474078438	0.400182536783411	0.77537027130077	0.102890559499414	0.0634983030897931	0.453771499273258	-0.216836437072421	0.062559605875462	0.460529146866353	-0.225418768341764	0.860908045496983	0.976814885419975	0.027872707614236	0.943565022490894	0.982246708028649	-0.0120509906446566	0.00712167378364314	0.112758002034223	-0.310352603147627	0.130002543865136	0.583552676901959	-0.184076616066352	0.0343435719606353	0.263013926220269	-0.24637073489179	0.0676730059875749	0.377552208342764	-0.221273472261697
ITGB1	P05556	Pre_only	Depleted	0.00108036086190698	0.0233663889070855	0.372545540697698	0.00780369389254038	0.0993345201737952	0.309053313567905	0.261358822754409	0.818924311297148	-0.131337459354085	0.402476087729741	0.89018240580225	-0.0994610781426219	0.00108828954691799	0.031198116033686	-0.369936290789064	0.000660658856509185	0.0227415527508232	-0.389434972497513	0.529852668463742	0.737266781155683	0.0736806933991521	0.0154931006932858	0.257209138624969	0.282396430937142	0.0205342585042552	0.211754125672573	-0.267086507324227	0.0927304454024994	0.536873983925689	-0.198229283522945	0.022906043004807	0.209671794396061	-0.262478501704675	0.07641967738026	0.446715506500409	-0.20869121974368	0.575095207860675	0.903276218914777	0.0657626993035442	0.266658315073143	0.900803198734945	0.13171423966337	0.000789249212483799	0.0475377533544262	-0.379355332066734	0.0397816215431866	0.396841971638972	-0.241234940683685	0.0177992912807687	0.550651492280996	0.273002523636111	0.0916233952458963	0.456864976458608	0.198891218576303	0.874040893148369	0.986773318198092	-0.0186163129075631	0.34290292253281	0.740850443636273	0.112596968177539	0.102522763819223	0.557146333200129	-0.190002609340097	0.0676738559890033	0.469168741847075	-0.21505643097342	0.330326953816627	0.819829681185988	-0.153955587345878	0.727855591293442	0.89166870432139	-0.0575474334912094	0.0119520237251879	0.155376308427443	-0.28887610599533	0.0142329182241609	0.188190873592297	-0.285826925805442	0.0143794194918344	0.152796961904536	-0.281613899669673	0.000381132271004065	0.0152286097186199	-0.404858034747778
KCTD12	Q96CX2	Both	Depleted	9.75132878168331e-06	0.000774083345674314	0.489177818617674	2.29247666886377e-05	0.00145200024218786	0.473835913056239	0.0623520700141477	0.469472512234661	-0.216288954418125	0.0314374019072088	0.328346197697514	-0.252082059394625	0.000521158202985022	0.0193993351470929	-0.391122328949476	3.19136218892918e-06	0.000709062653612991	-0.514655533726062	0.180996745006898	0.416176408398385	0.156136641334375	0.161803395556211	0.523598275314894	0.165469071148833	0.00200671194470691	0.048558455374888	-0.351177707582781	0.000491018058122275	0.0172198475091854	-0.397847553555147	0.00091279885527067	0.0264642079014762	-0.375126386641749	0.000479606184648678	0.0158399664227212	-0.398504803429147	0.0164254105312756	0.254618212821211	0.27627474561168	0.00713962683961446	0.310725741208349	0.312342659751562	5.62548244829463e-06	0.00196409701480458	-0.497410682673777	3.30314155777058e-05	0.0044389743315995	-0.465666563695251	0.172105034832676	0.897472591817976	-0.159337864764189	0.448531574934049	0.754966369930314	-0.0900755846777378	0.376957330054157	0.972565265309277	-0.103483517474938	0.569011541779285	0.855972509769126	0.067748520479087	0.00849953691728874	0.16985005780025	-0.301813579422118	0.0304152172911475	0.350635806884738	-0.253572126981903	0.902831606207953	0.979645837821806	-0.0194225275578745	0.533716849662876	0.804673066610291	0.10273274586967	0.0232303338516144	0.22578081416437	-0.261880410050413	0.000630902698519759	0.027051336757584	-0.390756071447969	0.00175066134275774	0.0401080249862467	-0.355460949552849	1.33568004936128e-05	0.00112140814300494	-0.485548920608168
KDR	P35968	Pre_only	Olink	0.00010192757828567	0.004565681605854	-0.436303902605198	0.186508333632165	0.654577906471013	-0.156354733150105	0.00120947245514944	0.0496616720220452	0.366778645582224	0.0241463074566939	0.246839679764499	0.263763849055984	0.00540457893594714	0.11513402545409	0.318174095518147	0.102553018984263	0.42587321457552	0.192612020034269	0.582304464741776	0.863157716604792	0.0645286062865294	0.67991122823049	0.971219213331725	0.049107773065752	1.21810077089182e-06	0.000176642879470888	0.526576567534378	0.00551174945527159	0.112730875651215	0.321715587745388	6.16623482185315e-07	7.4268872743209e-05	0.538730405422392	0.00700930410140626	0.117254408116117	0.313019555570232	0.430646377814858	0.827400933572309	-0.0923568226357382	0.683479265545935	0.998823757686294	-0.0485294892681784	0.00020328143404352	0.0204034328243681	0.41630614549596	0.100058095933664	0.616968009056266	0.193997541604367	0.776509427994247	0.985922537573798	0.0333292611198777	0.12491421083341	0.600357963381804	0.181233295778392	0.182453885912894	0.71689034253347	0.15562302963428	0.588289000702171	0.986791634720565	0.0644021152403462	0.00156543033894443	0.054042244822158	0.358926812403707	0.181075183977682	0.725064910875386	0.158279989249325	0.466777436248314	0.94294957303983	-0.115398123898547	0.374838268913513	0.899537159717527	-0.146093903077512	0.00018246403074426	0.0144768316085113	0.419073311017454	0.00487962274685441	0.114491581333121	0.326029879108006	0.00184099796857419	0.0560573538745624	0.353889016733841	0.21824721741503	0.611633877140364	0.145846632057942
KHK	P50053	Both	Olink	9.2603779485043e-07	0.000104565101001861	-0.534643983477447	9.6641031931973e-08	1.58725573657968e-05	-0.576097555502706	0.000363059129358808	0.0231503586014675	0.401028228996263	0.000112627470066169	0.00686896153547028	0.436603475561771	2.87073801773071e-06	0.000567939374571242	0.5105681235842	9.76254658509779e-08	4.07023096086385e-05	0.575936205285145	0.550276749063233	0.849297850504851	0.0700675071340474	0.162412245843621	0.749934145423369	0.165232573019038	0.000311884844084765	0.0125144216777435	0.405101555237695	9.5202298618618e-06	0.000992300881755596	0.492677901881184	8.15332394673544e-05	0.00356379159607307	0.438985976195586	3.58277647867903e-06	0.000380757814008634	0.512400111282975	0.035902468867004	0.506748388695734	-0.242701164121797	0.0834863232395496	0.837473084403266	-0.203960486019413	0.0142721154519618	0.221647179798375	0.28191162691105	0.00138770621032337	0.16298099487522	0.367366896972809	0.532188236382432	0.976079072595515	0.0732640828760582	0.650198051705684	0.904321040033907	0.0539694371554091	0.0501375309826717	0.543490835852162	0.227031718009477	0.0698018889432716	0.972745479191146	0.213449455506296	0.00052163825981316	0.0271853785402628	0.391096701206678	0.000879458452766301	0.0449685359810694	0.381109607157775	0.225532649077509	0.859243427533508	0.191044638071487	0.267322064116516	0.870012114057869	0.182056097203055	2.81597261758865e-05	0.00486045643716141	0.463507253545841	1.30027714824322e-06	0.000640682013043479	0.531630514070302	4.97634456881379e-07	0.000208036799144893	0.542461455061885	2.49672322268864e-09	3.3830599667431e-06	0.629185220254403
KIT	P10721	Both	Depleted	0.000610691051805821	0.0147775141644894	0.389158380113829	0.00135834833041423	0.030180030177567	0.368024692810028	0.106239135008239	0.578015441273224	-0.188012639191871	0.0916069490487171	0.528036281780813	-0.198901099492238	0.00483697976880156	0.0783824833146701	-0.322051853652085	0.000778161478913364	0.0253576887261902	-0.384697662765364	0.163964578146727	0.39575423485845	-0.162376677280566	0.122543813398066	0.469488888498274	-0.182361387973322	0.000208501145182705	0.00976147367615832	-0.415653304694686	0.000287768807488587	0.0123387186930194	-0.412458439085976	0.000931228264945561	0.0264642079014762	-0.374540698460174	0.00132463300049324	0.0317392456196616	-0.368796143686465	0.0353391205133378	0.362622687046576	0.243421475067897	0.194900209078935	0.85898814706096	0.153459161060426	9.91210079594485e-05	0.0124928801347756	-0.434269690507486	0.00494589639269547	0.133893481379283	-0.325555076480604	0.127413411728736	0.859353687593603	0.17760084164851	0.127603008808878	0.501106724050215	0.179973275844256	0.00922105051284826	0.821150935015848	-0.298772246862893	0.151052652862338	0.598156527999713	-0.169757948457171	0.075111654021316	0.497003180226922	-0.206757346655486	0.106870578546601	0.578375638275653	-0.190275090285597	0.000732046268715551	0.33023634289395	-0.500725306142591	0.0135639039069523	0.341898372083468	-0.392079415401107	0.00203004058370504	0.0577758229104111	-0.350812314547788	0.000216448159497681	0.0114999848220072	-0.419982665227661	0.0015177457783296	0.036191951891436	-0.359878781181151	0.000402054489905378	0.0155420341392423	-0.403391892624632
KLRD1	Q13241	Pre_only	Olink	0.0001351979543176	0.00546845457015966	-0.429310402803332	0.00407714428278399	0.0722160850087882	-0.332284512703197	0.000624727853547372	0.0322478568212072	0.386036685341044	0.000695003927517715	0.0254521708590947	0.38797583376815	0.0157364712456961	0.199746309488696	0.278005182494795	0.0110117369203562	0.137837445977669	0.295966325527753	0.269954804948154	0.646269895238071	0.129016413658	0.0785721733099521	0.576255915056972	0.207214623300838	0.00130820772300985	0.0367382686979968	0.36441091255611	0.000588973716799714	0.024183617765564	0.392717312474496	0.000724503414817149	0.0190621772248007	0.381818142458005	0.000283911790163222	0.0116575901718535	0.412818936422935	0.641675277963829	0.917646439726637	-0.0546120148765876	0.425127672935887	0.998823757686294	-0.0947723483811725	0.0304473566681108	0.321534688062706	0.250117034669784	0.00736169526387712	0.309305335893132	0.31121384792489	0.260858340303486	0.930203478920753	-0.131474175757963	0.41465356565663	0.815465285144751	-0.0969219636932413	0.611361036089182	0.911324756766603	-0.059623171412439	0.57204240194566	0.986791634720565	0.0672189594186981	0.0249939029784535	0.283656013671645	0.258746821641225	0.0088520590442847	0.173206353862899	0.304328884302387	0.304268809519771	0.892227678705273	0.162364247860567	0.0775178067778854	0.746566382212684	0.28603703991873	0.00111508638120724	0.0457861226222972	0.36921158087851	0.000445987433194767	0.0271601335720858	0.400527526629076	0.0129726039258239	0.182576819863049	0.285679974365304	0.00467648670726275	0.100982302603044	0.32752163982432
KMT5C	Q86Y97	Post_only	PCA	0.00666177832004855	0.145151705086128	0.346643988304243	0.000288275581587376	0.0143913810552411	0.478670798409405	0.000712350600143791	0.0796915185542506	-0.424998075025496	0.00133826571121245	0.0857000878918071	-0.429291762272397	0.314163109143045	0.869428139256334	-0.132150738705383	0.0133966622518764	0.246540101538654	-0.337706772518782	0.000851917223186963	0.0387622336550068	-0.419377752076942	0.169833884589037	0.689587977583308	-0.191375377313699	0.000909195087295528	0.0502330285730779	-0.417309483635078	0.000178870854700703	0.0127964949664603	-0.492619682815031	0.000535329292046243	0.0306723857331681	-0.433776423515366	0.000103164577327214	0.00725434550569092	-0.507993971431107	0.271563574321166	0.752099786602578	0.144231156551539	0.42912860438542	0.86548590171355	0.110917882502236	0.00826537237096483	0.327308464460079	-0.337968926342737	0.0413814061728644	0.581973048631102	-0.281196890097982	0.279351745199101	0.88538206892213	0.141934011549262	0.126470008733002	0.597580629205254	0.212572150683914	0.232666092538598	0.962391564591473	-0.156422534274185	0.387714052697671	0.828174999912974	-0.12109809230378	0.00303756195483533	0.182459048179317	-0.376378509007872	0.00701988234544828	0.204901094120915	-0.366088269660357	0.004128003587184	0.580547413579423	-0.508345553400471	0.0124821082556831	0.459757654084327	-0.474082001189322	0.0964914966725995	0.602848367705132	-0.216577774500949	0.0255426611093214	0.386266936415613	-0.306620746589323	0.19304396996159	0.783117589157927	-0.170391792078055	0.108437017337849	0.601261884665419	-0.223030004562803
KRT18	P05783	Both	Olink	1.48968519889151e-07	2.57144815064194e-05	-0.565861811513048	3.12753904457642e-08	6.5197160083093e-06	-0.593533365084539	9.12327438713415e-05	0.00824135786304451	0.436280452540211	6.929441722337e-05	0.00507307318558302	0.448427806707122	0.000170577668221365	0.0117029235665797	0.420786639830148	2.95874207951527e-05	0.00246713570322658	0.468151363663678	0.0837209243281521	0.418373766985767	0.20103683018198	0.0444456767160437	0.476331967983401	0.235976125895972	4.35578565483035e-05	0.00260369944349506	0.453671631278392	2.07160795280196e-05	0.00187135251736443	0.476065471218178	4.96959986075485e-06	0.000379369454159032	0.499876674176556	3.07507571503103e-06	0.000333338207509364	0.515375764305804	0.0832328931285125	0.581870795505088	-0.201348281375303	0.0745713344370609	0.837141487148882	-0.209985895647008	0.000128640784055318	0.0161759079917357	0.427865608585343	0.000527130978984676	0.112414776751186	0.395855792211199	0.931695484650028	0.994980149630523	0.0100659708945703	0.507090421963039	0.857032551113971	-0.078882545920417	0.165242409580036	0.711467101977693	0.16189242753079	0.401438285655366	0.976756275395157	0.099679533383852	0.000166457995154102	0.0138105487435777	0.421406199282034	0.000381520083933383	0.0279437683097154	0.404830195902399	0.0891941360470458	0.723700924214054	0.265545797978573	0.254500935441934	0.866125087099344	0.186931560761345	0.00015592819105357	0.0128050120531871	0.423056396800923	8.88072532556647e-05	0.0100278190134521	0.442442289551569	6.03458835109043e-05	0.00557594106830216	0.44611883355879	1.1103688991458e-06	0.000188068732292819	0.534522533128135
KRT8	P05787	Post_only	Olink	0.00326062229407828	0.0643695354798765	-0.337648260367777	0.000860401503784748	0.021893784744194	-0.381754927530511	0.0250706200691436	0.343138284784743	0.258614817491131	0.0193667946064654	0.21117894396521	0.273175460616397	0.404624140889104	0.764399736360733	0.0976414641192147	0.0330587698530397	0.25236413042743	0.249799912261785	0.0449021280899549	0.344884422675831	0.23230645095233	0.00328220960267052	0.15604891268837	0.339669157625115	0.00889691290616918	0.138566861929417	0.30011181700467	0.00577208848078357	0.114487835572858	0.320064983170158	0.00411291058331777	0.0696624230049447	0.327631761379164	0.00484118686783841	0.0895536956439733	0.326307866090285	0.869516178273507	0.981899783695684	-0.0192908674930215	0.837975876975414	0.998823757686294	-0.0243496802347184	0.0529227683842677	0.400228541968688	0.224407799319459	0.250120466584448	0.74298574145934	0.136327419120472	0.399621223412059	0.961288785620537	0.0986799129567979	0.818870553829196	0.952907828774779	-0.0272678325625324	0.450064852287713	0.84959377580102	0.088530832884828	0.978048876222201	0.997774288982206	-0.00327695371712326	0.0128218137347439	0.199899114932609	0.286138161899131	0.0450657916984067	0.414697098481094	0.235311758990434	0.273447791424513	0.873292406812032	0.172928096466714	0.668169639707369	0.963774260686936	0.0708598210224237	0.20598503016949	0.613765180603977	0.147711383826598	0.00456590979138037	0.111474013825593	0.32835797640153	0.184703758429432	0.550354244468125	0.154835813719786	0.0348678749149275	0.302909620564944	0.247361635134342
KYNU	Q16719	Both	Olink	0.000121731007361853	0.00511458961163756	-0.431925933295938	0.000367875092242405	0.0114590977008841	-0.405825623837579	0.0147065264957321	0.249872644535636	0.280717994457329	0.00537009323504453	0.0956810016631404	0.322642861368335	1.45057093229207e-05	0.00170915096804848	0.477909319888851	0.000334556861148272	0.013745193987347	0.408405975922507	0.320011667488647	0.697770571637225	0.116391386838279	0.0100293622409051	0.252833224863748	0.299574455721571	0.00407346762235218	0.0842679179891177	0.327960160347835	0.000289861061132212	0.013465009472461	0.412264734917774	0.00327989266865875	0.0621574065179386	0.335253225306744	0.000384098176404059	0.0145581266860839	0.404645784721618	0.0150250394990691	0.391517856177667	-0.279862004172611	0.104509495155911	0.8647616956255	-0.191543765316304	0.00491603180872775	0.129132293233836	0.32148837240939	0.00236943975007017	0.196109064546262	0.350444192679676	0.0394473444158343	0.763102677061176	0.238373279518114	0.0152891669936869	0.517096551555824	0.282934869732246	0.0494630738491867	0.543150278016879	0.227685046534337	0.281709132555716	0.972745479191146	0.12768058345499	0.0227889689354289	0.273871866141961	0.262696192255873	0.0376897035339304	0.375393468568388	0.243761545616129	0.0135527882251359	0.412712366290961	0.378109458438848	0.188383464500725	0.835444177231088	0.215152219083972	4.87762128683246e-07	0.000391750444010019	0.542807884371544	1.75014713504175e-05	0.00327096464549183	0.479742467009621	3.11821028750721e-07	0.000169006997582891	0.550443176146107	4.34126268987019e-06	0.000603324199464012	0.508620538998119
LAMA2	P24043	Both	PCA	4.66559703174069e-05	0.00555206046777142	0.454894230491116	9.83741775656705e-05	0.00691749330427692	0.439941267592264	0.00914758344136636	0.283026231675875	-0.29907221560071	0.00755744578367813	0.199328725508378	-0.3102433378183	5.68981299336778e-05	0.0235254542806378	-0.44749500641261	0.00212242902979842	0.09381136311709	-0.354001946084752	0.716627785891837	0.911095641932548	0.0426087002502776	0.850897990119177	0.971843387612814	-0.0223841427255022	0.00432722200879451	0.128734854761637	-0.325894856652568	0.00247547855220258	0.0814801131969658	-0.349018051107096	0.0019338867754876	0.0747930710419828	-0.352343442128956	0.00131840438995521	0.0497456485673343	-0.368940599304785	3.10238266891185e-05	0.0172317802701662	0.461349031487097	0.0146010942377807	0.358537980727726	0.284798435176924	2.70634456055224e-05	0.0209335751758716	-0.464387836251161	0.000504603855000045	0.112032239080069	-0.397083034844361	0.00183615313954412	0.157360521107269	0.353971540148602	0.00235669934464688	0.182290694308436	0.350619370540344	0.140399617917909	0.938327477829421	-0.171855122899556	0.876088007247321	0.972257722060779	0.0185691851424523	0.0034788020382954	0.183961953261592	-0.333288629354956	0.016146102451683	0.323767334632334	-0.280712442909904	0.41127932258328	0.993651446499619	-0.130170093836842	0.85277947746142	0.977119812922984	-0.0307075939178108	0.0120398166979203	0.286547637410502	-0.288592045227901	0.0215278438536379	0.351759074912712	-0.268699963796503	0.000111299174288838	0.0230600612886501	-0.431438658621426	0.000318355865383899	0.0500662223024838	-0.409746873664116
LDHB	P07195	Both	Depleted	0.000364885872559882	0.00979979200589397	0.403445885502169	0.00022446263125413	0.00741333338898776	0.419031886044066	0.0291910711043325	0.316249199054208	-0.251981807870515	0.0864203447998028	0.512494325579178	-0.202089387561503	0.502466999394552	0.892796949970315	-0.0786364693125554	0.203023919198102	0.65546956211382	-0.15074017960565	0.0633141429213543	0.233393311161071	-0.215517952633884	0.336209905269494	0.65442903072594	-0.114158070288887	0.0639986433367706	0.410531979829573	-0.214975149085159	0.0393089395832	0.34537535092091	-0.241796010501315	0.0328033125779273	0.256593195615731	-0.246787845491246	0.0157530235619746	0.203705765002465	-0.281718944038839	0.920221452926357	0.983559555165286	-0.0117620341694456	0.540342012419649	0.98417005242763	0.0728255102106063	0.0534787475685687	0.424357334602538	-0.223897620010936	0.157068505936812	0.701163519557945	-0.167331099067732	0.332120479257988	0.97192497182421	0.113533082185432	0.00442601889548645	0.145557025119557	0.329442138295209	0.4284880583561	0.972565265309277	-0.0927880370112664	0.486897939259806	0.814460660751235	-0.0826602712658309	0.0434068293625941	0.379472228938216	-0.233905956766322	0.00500368273614277	0.151889162733071	-0.325145652487091	0.109929052964967	0.6964347971806	-0.250265213450799	0.00639481793782625	0.323879341237881	-0.429243217633542	0.220805923836778	0.683100858046943	-0.14305439215992	0.126298542007602	0.575714890078541	-0.18058201919077	0.0215325751225831	0.195221908606588	-0.26509435569307	0.00203634654050261	0.0444359905802535	-0.355329557994447
LEAP2	Q969E1	Both	PCA	0.000825160158919761	0.0472786209573656	-0.382983241631071	6.62242126443419e-06	0.000853740474673307	-0.500146466167665	0.0560316603067498	0.606160688773021	0.223114421342121	0.0777875319904344	0.584161708685447	0.207749103160116	0.139707721525986	0.720426150668999	0.173332312537661	0.00243898882750932	0.0967465568245365	0.349502527431278	0.00466748851131209	0.0932125218074842	0.325417248653481	0.37775455278224	0.839914761523854	0.10475877193583	0.00163961528941319	0.0733296190537464	0.359819220915196	1.86695057467654e-05	0.00262561139911328	0.478338660549788	0.00181367912402364	0.0738358317069625	0.356662266477636	8.65457847002359e-05	0.00669431644656325	0.44306979979985	0.309474807200847	0.769706634629759	0.119758335760083	0.63941047954214	0.943612624282124	-0.0557561428763693	0.0809098306373516	0.69465504794758	0.204234678072778	0.0526970035601252	0.656133837388318	0.227696757069963	0.263767362034757	0.879632946956749	-0.131584708916937	0.0219235832137529	0.404499240674356	-0.267922262372023	0.123359210491379	0.938327477829421	0.180715728095941	0.0701089908868167	0.679763232215302	0.213220811863986	0.0375894545511346	0.548593265949106	0.242225634802318	0.0583456123461331	0.546246371485222	0.222622814211339	0.125982389592384	0.933796137410142	0.2398824109754	0.419013089207555	0.908702926615084	0.13315973788628	0.0334071338307501	0.469825782147004	0.24762738935314	0.0928729634656211	0.591252981404592	0.198144520063182	0.0760757592918855	0.56042476011689	0.207496300131178	0.00541813293394476	0.137407404078894	0.322325999846456
LECT2	O14960	Both	Neat	0.00116484115132975	0.0438853903763484	-0.370286397318559	3.63414411691712e-05	0.00273832759209705	-0.466427889179887	0.0124900253149089	0.26510518520518	0.287163000057158	0.12518646820774	0.505474390653124	0.182381160369066	0.00221195378893203	0.0666682871984113	0.348085760275879	0.00229875901323278	0.0456175901312629	0.353781548998946	0.218663278009216	0.555572562343703	0.143713728163827	0.0600151324484403	0.647214317605519	0.222745570586346	0.000240409198514261	0.0134247519245795	0.411961645875059	6.10383103509267e-05	0.00515715461557839	0.454322796423678	0.000273507847276261	0.0137392108615109	0.408580502399967	0.000328204134551122	0.0164867876922847	0.411592517655184	0.689122101362119	0.901766620465224	-0.0469566020144392	0.323317453453895	0.990094937777769	0.118055739854097	0.000980689019346992	0.0591159340862367	0.373019293601144	0.0025292442908179	0.158815464427607	0.350652525258622	0.0865812258434391	0.584302109743025	0.199239823754241	0.068488927749714	0.345897249720327	0.215936950664451	0.551425870952762	0.939420081020098	0.0698661758717332	0.485202221408736	0.988165370089238	0.0835739691444555	0.0220823104320448	0.396167164536803	0.264030756811954	0.099034662360385	0.644341420917578	0.195941344096753	0.0746766916648561	0.646768818039875	0.277976974038687	0.0339011249138474	0.648990916385489	0.344992624883336	7.51329637459834e-05	0.0113225376365197	0.440939503889694	0.000328786681339704	0.0290530648938901	0.41154433796591	0.000579187123714455	0.0236942280415993	0.388170221507851	0.000809026457356446	0.0358589079775343	0.386095333085756
LEP	P41159	Both	Olink	4.08532543585984e-10	2.76780798279504e-07	-0.648763541965183	2.78007159040597e-08	6.02719520800014e-06	-0.595295643694137	0.00284279379604657	0.086354380621389	0.339974045393244	0.00177145641943981	0.0482477075043407	0.359757102958149	1.78274258299649e-11	9.66246479984097e-08	0.680992052232615	5.37679829682474e-11	2.91422467687901e-07	0.675835212401988	0.62467977679047	0.883530358020691	0.0574088756080107	0.244209926428658	0.829495821107541	0.138026517310739	4.38037659140908e-09	3.3916630179196e-06	0.614905023418631	8.56519822355095e-09	9.28467487432923e-06	0.612351412441805	1.90671194822531e-08	4.92113274256248e-06	0.594224549311978	9.00099862460757e-08	3.04908828408581e-05	0.577226771346821	0.633874195770586	0.913965985920877	-0.0558919276668666	0.687875675460389	0.998823757686294	-0.0478184870463178	5.28528440836824e-06	0.00260420377212326	0.49865396237385	0.000128572966020981	0.0595417999972037	0.433303270363028	0.145136471353224	0.900045394433035	-0.169859221857682	0.0131865725203092	0.509287147620024	-0.288880730294433	0.00201452930216367	0.237672916472334	0.351054842209332	0.00929887198434688	0.964412807942649	0.302462908988308	0.000831050475526215	0.0367511862460524	0.377861114428896	0.00206980724660003	0.0723764856553044	0.354807629703343	0.0279021957912492	0.540106789959182	0.339363096761056	0.0978233518620423	0.75459257898598	0.268932611769811	0.00138454675011309	0.0521236181789751	0.362688521545528	0.00115365648743915	0.0488501418900013	0.373004616265886	3.03214603445802e-12	1.64342315067624e-08	0.699146379490117	2.94876977877406e-13	1.59823322009554e-09	0.727956111284134
LGALS1	P09382	Pre_only	Olink	0.00109288443510888	0.0282068268490007	-0.372200756257923	0.06388990517566	0.401720749480368	-0.218017281572732	0.0132160321788536	0.234312375312637	0.284949942334607	0.00525499763721767	0.0956810016631404	0.323412323973698	7.35830593466845e-05	0.00600522565032505	0.44143570995782	0.00047074156830728	0.0171236194646004	0.399025272372712	0.285282817646604	0.662765911549332	0.12499765266049	0.0613798627320222	0.523070786416769	0.22006046544121	0.000806784953362904	0.02557178039314	0.37871995147076	0.0235558911392811	0.279984495558999	0.264835624919598	0.000637382820524725	0.0173598738052463	0.385468991464347	0.0314374426642374	0.295131371616804	0.252082000798413	0.12460767813046	0.636868991207808	0.178900242741734	0.0480731392633271	0.737158010255663	0.2321928361711	0.00114479487282125	0.0607892569611648	0.368426329335421	0.026168294603546	0.447420052842964	0.260254251285482	0.748116640012644	0.985922537573798	-0.0377001975802801	0.954318087447818	0.989024760744548	0.00682239114422982	0.00974270045203381	0.395111656461981	0.296700418357236	0.489687267861245	0.986791634720565	0.0821336102403172	0.00836733178498247	0.15912609920914	0.302395205277831	0.123872255222132	0.632191735691107	0.181727139282156	0.0306779535288896	0.556205807273917	0.333923669332261	0.119725500057609	0.786125772832211	0.253306108053403	0.00101230232227586	0.04320219359634	0.372082922255466	0.000715076477886835	0.0378045622274998	0.387153146950388	0.000735794852485327	0.0314016385863817	0.381374592331282	0.00262482798033345	0.0709452654003316	0.347099494960183
LGALS3BP	Q08380	Both	Olink	1.5181981701207e-07	2.57144815064194e-05	-0.565553711603054	7.73693164843629e-06	0.000544599604344477	-0.49696729179033	0.000193735572686289	0.0140006240527958	0.417541000761038	0.000174387064497591	0.00926644989781318	0.425575771235247	2.74821370280354e-08	2.97906365383904e-05	0.588848640295855	1.67912425130568e-08	1.1187859982676e-05	0.602722766999602	0.0789076956668962	0.412022842499593	0.204173888767632	0.13330643059142	0.698762914705507	0.177365978034474	8.1329024359761e-09	4.89781457811005e-06	0.606383973595333	1.42421716791717e-06	0.000257308568337034	0.529950549893557	1.30521501396669e-08	3.72329756615761e-06	0.599696101760269	1.59997107437842e-06	0.000211508371295879	0.527790170755316	0.059598075859289	0.547748502387862	-0.218550600935492	0.204041859382704	0.991844733501574	-0.150404988947824	0.00015641291037447	0.0180374037070133	0.422978209624862	0.0190340472320478	0.427497863452396	0.273902105802272	0.604947137890669	0.976079072595515	-0.0606969370789066	0.555619116802975	0.873110636534013	-0.070104526981961	0.00967827951764161	0.395111656461981	0.296950959437292	0.0970335800900878	0.972745479191146	0.195713799411075	0.000139784445612328	0.0129870227156505	0.425797536443191	0.000891443893805198	0.0451553822843381	0.380710215313144	0.000678995441597907	0.158954296757027	0.503360132928728	0.0308804630447749	0.614945902235407	0.346151216294059	1.77056574865395e-06	0.0007997055298087	0.519692622809269	8.25842669589832e-06	0.00194611620398995	0.495624555770963	1.09153268850452e-06	0.000281719389128308	0.528567493568739	1.59558694519796e-05	0.0016957022045045	0.481740796824327
LGALS4	P56470	Both	Olink	1.719825846125e-05	0.0010714317340227	-0.477170953615641	5.04868371333503e-06	0.000415270615569836	-0.50561718413438	1.18239613407906e-06	0.000492968234362194	0.527117698520854	1.18996495435554e-07	9.00316202060524e-05	0.572767216912037	0.0412563127964142	0.321739878210885	0.23628823262548	0.01973135842959	0.193670488490801	0.272391490262351	0.042516316294429	0.340618012304378	0.23488030998761	0.00642877135830196	0.20496435742351	0.316176195071066	1.53160649857107e-06	0.000207532680556381	0.522379132935445	1.26546079030437e-06	0.000244957052980346	0.532129578064269	5.422658200769e-08	1.17563229792672e-05	0.578587154670824	1.05299364776586e-07	3.35719151228881e-05	0.574728794354397	0.114295284583631	0.622593409490732	-0.183877587289289	0.187431616426978	0.965911452110184	-0.156031615223127	0.0100870494184518	0.183462442442982	0.295385216963293	0.0504717409225246	0.536385952549183	0.229818311919939	0.420247392215297	0.967981813276245	-0.0944459656885265	0.0549840528578905	0.540817483317416	-0.225591333406907	0.041061328994327	0.541393024950237	0.236509282354159	0.219126868417055	0.972745479191146	0.145571332935813	9.979343732326e-06	0.00224224086325758	0.485752741122669	2.07399018044324e-05	0.00449641071120095	0.47604026489285	0.22139157919343	0.856658653321844	0.192728935361951	0.262050550662755	0.870012114057869	0.184041504157693	0.0213062742277381	0.247408309363573	0.265538926955431	0.0180121868466888	0.220209691148148	0.276203698499839	0.023723837222533	0.233787632265689	0.260983718253988	0.00650113778693136	0.124509423339816	0.315769334691368
LGALS9	O00182	Both	Olink	0.000322375819323099	0.01092048087957	-0.406788981624966	6.35874280883212e-05	0.00280198260356667	-0.450475623018967	0.000129058877998476	0.0104402853545036	0.427785084081196	2.69395885693355e-05	0.00286299156952545	0.470251974789733	0.000231023341828613	0.0147311354436598	0.412998366520833	8.62409126809547e-06	0.000868250178673844	0.494729559240444	0.00494999465382346	0.185027386370504	0.321248747363782	0.00450658035697335	0.178289529451062	0.328814135615716	0.000318632876665794	0.0125144216777435	0.404530800224381	0.000142719893429265	0.00822373805056864	0.430677451088169	0.000205513131979961	0.00784423362909429	0.416025157200825	8.43730260222411e-05	0.00443982331107327	0.443687140027933	0.262929552644934	0.731935375108137	0.130909531561257	0.601848337051753	0.998823757686294	0.062078063828677	0.000382176170361834	0.0318676129747867	0.399640613381686	0.00253199739773987	0.196109064546262	0.348280122782454	0.980017505614683	0.997320543547661	0.002941575082842	0.638333673782056	0.899266755259515	-0.0559351617716139	0.0380718701945994	0.538341128842293	0.240012541378262	0.211325418907573	0.972745479191146	0.148040663123495	0.00321027728219332	0.0853345154129437	0.335965968384243	0.00086631157102011	0.0447337059595971	0.381553420790688	0.0607002892868716	0.667333809198467	0.291893044673611	0.0799830954857502	0.749730711594155	0.283787057331277	2.17180524983966e-05	0.00405902912211412	0.469224079835505	1.25700171837967e-05	0.00245391815416321	0.486838901751026	0.000622241906914561	0.0271979930280397	0.386149432929425	2.11562932054802e-05	0.0020476269495304	0.475603982499671
LGMN	Q99538	Post_only	Olink	0.00473011962958378	0.0837818574913206	-0.324953215695459	0.00143322638670857	0.03319695305966	-0.366371386375044	0.00110867833384507	0.0469455981987522	0.36938343783629	0.00276467856624275	0.0655939615751828	0.345389538966717	0.00719689152136626	0.138323234204983	0.307928941905224	0.00153737833781051	0.0379994306755522	0.364196780826704	0.841746206852399	0.957293544105709	0.0234454163377277	0.710071882221814	0.97242996857565	0.0442536464326744	0.0121001025043461	0.172221652826549	0.288398025328687	0.0321940684999147	0.337968218389375	0.251005029707635	0.00735533334389497	0.103930756387357	0.307135518120263	0.03092508724851	0.293110404085918	0.252823702885089	0.664317986345288	0.92567011663868	-0.0509322155559086	0.64894128705373	0.998823757686294	-0.054176970327047	0.202199298235007	0.667127667339034	0.148938852915079	0.221875521316623	0.726990203988211	0.144716074613674	0.125942703380992	0.88650578224023	0.178279208063198	0.601801362188702	0.894764103949751	-0.0620860747941227	0.268966276067987	0.768219316934767	0.129280774484131	0.72384063067826	0.989266089312206	0.0420618854553257	0.0343871677361685	0.335153395641932	0.244660773469782	0.131512660853717	0.648867889081615	0.178176708848536	0.771597627824632	0.982193543503164	0.0461612704265534	0.90745698398448	0.99024348470619	0.0192386127245645	3.96228380291167e-05	0.00613587948908036	0.455832389628944	0.00469686872039563	0.111956167109766	0.327369398454188	0.0150515147944026	0.190929069621235	0.279791559712681	0.0109675190611458	0.168888958108387	0.296122590056406
LIMK1	P53667	Both	Depleted	6.72943687465483e-05	0.00305847017967147	-0.519443494718699	0.000307276644493308	0.00949862635399999	-0.518936953336865	0.00130525374272428	0.0580007299494206	0.426371205120292	0.00488086977974199	0.121722915731525	0.416842006485075	0.000176597701352541	0.0118478730786219	0.488807893549616	0.00142345274622634	0.0379871853924283	0.466239064805392	0.253773976601879	0.500180321624994	0.158021187211603	0.37984487704972	0.674008908434406	0.135683304670471	0.000170027410336339	0.00831093981724025	0.48988348765905	0.0168531892924356	0.223854318645177	0.358542471311786	9.23339926600504e-05	0.00512873359229916	0.506729465491093	0.00677138110309027	0.108165068078122	0.402397110677033	0.876133578713985	0.974617445875016	-0.0217172161827758	0.431724647049286	0.964256647324955	-0.121590334908371	0.00269812604269429	0.0999124249749219	0.400412280496398	0.110141737771775	0.624772923380254	0.244208619705666	0.0865962526664134	0.817147650643685	0.235414344093599	0.52534936934869	0.80371107053024	-0.0983468148513227	0.267279443808225	0.972565265309277	0.153660124733812	0.143860074222406	0.596628905078319	0.223977014958448	0.00227860003926204	0.0976999736132707	0.406638894832181	0.00299085477858108	0.118872566906454	0.43735498959182	0.321499852891578	0.815301660176652	0.198270260414401	0.0398342062233329	0.362215264981317	0.431420710468942	0.000460459513489066	0.0243081948733791	0.460370791151674	0.000211916244494088	0.0114999848220072	0.530522568843547	0.000203656961304566	0.010430076548878	0.484731392687495	0.00494686633981583	0.0790374847723939	0.416261451363751
LIPC	P11150	Pre_only	Depleted	0.000230098574110988	0.00694272734725007	-0.41838177701213	0.00361777442670835	0.0601485761828245	-0.336376518235523	0.00261456744490021	0.0803262299380229	0.344943500958487	0.0233505031901815	0.290955415244391	0.265213813930685	0.0638728014011829	0.383550679667054	0.216537655063549	0.175013995105291	0.618784066546487	0.16047798894745	0.000673467513276451	0.0336202957924875	0.386369911489787	0.01010671998904	0.222529942821746	0.29927941619252	0.000384975044918704	0.0149345874568462	0.401988514845395	0.0086038012183407	0.142078987686653	0.305401532263626	0.000278969634449678	0.0105208950643979	0.410648401858078	0.0106114688624195	0.149048447699732	0.297401229598412	0.898897642584658	0.981373983803967	0.0150246907950731	0.989128015259481	0.999301909262566	-0.00162286318084103	0.00536326373344699	0.127243946437441	0.320544957905371	0.0425599124457921	0.407907553009866	0.238044634464861	0.817028416901761	0.991482901206107	0.0273567694223481	0.726703898704968	0.891598558451276	-0.0416078727485312	0.921964353439007	0.990057748175424	-0.0115844174035378	0.424333428179102	0.786632278897307	0.0949342794330578	0.00403596529413685	0.126460245882955	0.330433054876515	0.0636067389771684	0.460994696088921	0.218244495397961	0.151370276259978	0.7267831552548	0.228151946251498	0.196899855106241	0.540700276269274	0.21116600408921	0.0175942912470752	0.194572162026479	0.275308366084175	0.0755465862804281	0.442771839015267	0.209299624280105	0.151246800623296	0.566231156408158	0.168504998459255	0.205475369926307	0.619962149288059	0.149934971121941
LIPG	Q9Y5X9	Pre_only	Depleted	0.000983830110331649	0.0217346339075896	-0.375331685562724	0.0207391663990568	0.180379084267953	-0.27028690873056	0.00227571688667496	0.0731822640925473	0.347177583888993	0.000986402760069617	0.0491993539920438	0.377707565809124	0.000375670851749307	0.0162385509274148	0.400105527077005	0.0834873977850092	0.452013723649906	0.203959791289745	0.0398334101771697	0.179949823425144	0.237921725522138	0.605301812338212	0.807069083117615	0.0614898697740148	0.00104737274232044	0.0318910864637916	0.371074668271081	0.0589203870971882	0.418608796702116	0.222129256627351	0.00225699411742199	0.0492508359194584	0.347441859530884	0.0429858917971184	0.343325227294632	0.237570844407261	0.0727175039051506	0.494144407916612	-0.208440890591081	0.255967788163512	0.892056923864685	-0.134673292346748	0.0146886248055986	0.212420112573272	0.280766577750937	0.542627438593176	0.925458101829533	0.0724161041559277	0.188303055794457	0.897472591817976	-0.153590765450599	0.159844290238646	0.532851166849774	-0.166234545415386	0.205669336094589	0.972565265309277	0.147813126049751	0.466848140426906	0.807277906137355	0.0864941983344825	0.0539562671035162	0.418632116828551	0.223462888139562	0.0291944632054726	0.345304887825309	0.255407854841771	0.0329412975607176	0.589535979128949	0.329781681965716	0.00426987728601387	0.323879341237881	0.447648006426215	0.00203302813841872	0.0577758229104111	0.350765793754814	0.740431107979227	0.987351734243608	0.0394393079784778	7.93674335382973e-05	0.00587800022932117	0.43963063162506	0.0132749410376795	0.146446725631341	0.288614873229249
LPL	P06858	Pre_only	Depleted	8.39607377318148e-08	2.56500053770694e-05	0.610685037942048	0.00444532492638751	0.067480584596839	0.359405997853253	1.77284351338141e-05	0.00640543077511474	-0.505170813671768	0.0530152318285548	0.417965247061251	-0.248959987230878	0.00668631878738619	0.0955635269963266	-0.333186229052857	0.0278093073374949	0.24273552547442	-0.281771796711043	0.18084413665865	0.416176408398385	-0.16805597422043	0.92059141405762	0.964391519912912	-0.0130329256465742	2.90913545914344e-06	0.00041823100365568	-0.543371921116292	0.00705062232055223	0.125778985046932	-0.341610131585482	9.58388832736772e-07	0.000231021941635243	-0.564713940093658	0.00424003132172421	0.0761958569874556	-0.361175341706933	0.589034441527896	0.903721572484914	0.0682541279662308	0.215081155253107	0.869209052267953	0.161022147448772	0.00905567196820782	0.17156637434341	-0.321324628744719	0.272034986452912	0.774937308630475	-0.142866912175351	0.127642329220484	0.859353687593603	0.190924231215985	0.121821636539503	0.493751375957788	0.200225468501695	0.868934162277468	0.986773318198092	0.020870000663975	0.892260488092578	0.977447168488687	0.0177068468695948	0.000749442035081968	0.0523324666782951	-0.407686093017623	0.042387242804285	0.395972493822563	-0.260755967470361	0.562493049848855	0.909291042514902	-0.0943578517435065	0.562203470275515	0.810634384279268	0.102982851620072	0.0030102693841647	0.0735709837489852	-0.362406854983773	0.0122982554911454	0.172741013910111	-0.318722639328453	0.00185115458962283	0.0411292892458018	-0.378975729540051	0.0759298908077119	0.40242742985707	-0.228948214760883
LRRN1	Q6UXK5	Post_only	Depleted	0.005809876709894	0.0797715656122524	0.31770450991029	0.00132394820221308	0.0296855908826493	0.368811995669243	0.0662794988220042	0.489386994323198	-0.213199674041394	0.0350691601625092	0.346303934125929	-0.247096931123848	0.00560475671801415	0.0866963634102949	-0.316892192171978	0.00860246159284459	0.118782012050351	-0.305407393429403	0.526605866395832	0.734891282117863	-0.0742613687469326	0.79523231446714	0.913968607325162	-0.0309008728663956	0.0396194168408098	0.310352098586344	-0.23817156686353	0.0117749817562969	0.17874568579124	-0.293351506109072	0.0186796988312715	0.191017506040283	-0.271017887540676	0.00559120763304777	0.0929585813276785	-0.321204635459475	0.0374998942064415	0.368071250765233	0.240708756639499	0.114634687778706	0.772204834444839	0.18625063606457	0.0107843333505257	0.184314060899894	-0.292837697650016	0.0209064528065795	0.276191192752867	-0.269946053739908	0.472927723161427	0.984299546718318	0.0841416878898105	0.594242431705599	0.826125428377977	0.0633787881484189	0.500359674655162	0.973521318600056	-0.0790234799192057	0.865952547257659	0.966387226254666	-0.0201017148044864	0.00770823931620727	0.159652007532293	-0.30542087833123	0.0194725345136173	0.285977957803943	-0.272946783977177	0.51034705313679	0.900538387505239	-0.104451268734849	0.698424280429816	0.878060155025962	-0.0640618846335343	0.0265195423736893	0.243660757749236	-0.256183816404041	0.133039029555079	0.589035123609808	-0.177486308909754	0.0273289307777493	0.224440225484695	-0.254874367413195	0.0157365085827135	0.167947716053065	-0.281761702793801
LRTM2	Q8N967	Pre_only	Olink	0.000451967184018912	0.0144097772787206	0.39758578984792	0.0122050711685083	0.149840036577555	0.291942229692164	0.657704147444355	0.988012065153667	-0.0520018450627398	0.349635248681389	0.790911121808484	-0.111045808635647	0.00820539382793272	0.146776351641569	-0.303118708621864	0.0209488924627253	0.200961056899064	-0.26985995072634	0.770301450363386	0.933329104637718	-0.0342808861739655	0.774609406984806	0.97988064065282	-0.034093537140177	0.00106785355133057	0.0313563419215994	-0.370499917227261	0.0103272697016292	0.176018244600095	-0.298448919997794	0.00195598533511213	0.0424369572180713	-0.351985591627371	0.0229710643480585	0.246053693214382	-0.265919985802835	0.255370042620609	0.725769734878203	0.132985218344478	0.005824978436224	0.350793145825934	0.319737702583912	0.0663182884108752	0.43995731112233	-0.213169908658088	0.707529469342334	0.937377101890846	-0.0446599478145622	0.344526176727244	0.952676403930512	0.11067228340017	0.131841381844657	0.602374241058845	0.17802751196627	0.337459957703056	0.804476356713032	-0.112293679607772	0.199857050070264	0.972745479191146	-0.151790702469405	0.0853453141183433	0.518578029732534	-0.2000104384375	0.293946698785981	0.828923573059322	-0.124505233355394	0.9178493999307	0.994725922072577	-0.0164094843668972	0.954772386613058	0.997268216653647	-0.009386852571006	0.411431434069755	0.772536897545385	-0.096240482228784	0.0426728794984214	0.316398094229061	-0.237918607360735	0.00331013507927706	0.0819031066102284	-0.334947791239098	0.0328577600444671	0.29516439579544	-0.250077678051883
LSR	Q86X29	Post_only	PCA	0.00463720378334692	0.121589055132842	-0.325643610159425	0.000804678122713983	0.0303618794106959	-0.383719191308173	0.00531691190930061	0.222304397937515	0.318748760187969	0.0253449857780127	0.356882397577601	0.261654567907917	0.000670172593491198	0.060985706007699	0.384044473471734	0.000113580283742592	0.0175708698949789	0.436394514115738	0.0100739702313733	0.117176180059658	0.29543445069698	0.233446739052599	0.742479819037386	0.141194763480816	8.08011357060475e-06	0.00208332261562093	0.490096140711167	1.48026060760303e-05	0.00240225871944507	0.483353178214727	1.64633547868805e-05	0.00254688098553041	0.475210373221984	8.02451331373066e-06	0.00121980907112982	0.496216724101784	0.230596877382256	0.709505293305304	0.140097277695789	0.588805548155077	0.921463225387666	0.0643131423206519	0.481407467336592	0.893212705662692	0.0825431135569259	0.0700245683016213	0.7306761345743	0.213283585892027	0.15767592268222	0.788176760407602	-0.164801332361356	0.502111877647293	0.871556170233207	-0.0798065810128307	0.0096286018273816	0.752899279907371	0.297145158183789	0.13478394427357	0.734395279890661	0.176704369488768	0.00149112892822001	0.135692732468021	0.360421951798335	0.000142288296304462	0.0295499891843478	0.430753938556659	0.00916265834145888	0.598581137434746	0.397386133082036	0.000930874878918663	0.288012687537434	0.509208005201593	9.68250267412108e-05	0.0175145335264337	0.434839223121026	0.00021164518547128	0.0363932022497703	0.420568074487345	0.000290378604735897	0.0374346417938694	0.406999303606803	4.49569422173948e-05	0.0139096779220619	0.458606496962047
LY6K	Q17RY6	Pre_only	Olink	0.000196552693122226	0.00719262957183934	0.419805553446204	0.38419396244065	0.832725905834876	-0.103359398985487	0.0230546619680856	0.327969207000062	-0.262203514932693	0.411065822404635	0.831134835085404	-0.0976654769133824	1.77881870720683e-06	0.000465321365608808	-0.519606069804793	0.742348132806296	0.918734390988739	-0.0391374981962775	0.246136942765303	0.625439395118585	0.135578015402959	0.275366527587033	0.857750907771101	0.129362414532275	0.00466721611768485	0.0909939257476686	-0.32329004035746	0.912795016947127	0.986707018718274	0.0130421784329269	0.00480836343900237	0.0777874729142552	-0.322257842785543	0.820297542014074	0.968630213010083	-0.0270493404105146	0.198314451332158	0.701579808702003	0.150215632210405	0.568461745432776	0.998823757686294	0.0678447235334817	0.285870746122322	0.743605465734667	-0.124846399442598	0.665071687496046	0.92485993397707	0.051525282685778	0.122738973411765	0.885239089741849	0.179778130554939	0.333034033168225	0.773894954509023	0.114905664255613	0.370441458155502	0.818615307073812	-0.104896507401811	0.929104484526278	0.996490931968062	0.0105959317440743	0.0208217926913308	0.261518874735502	-0.266504404291429	0.462984683908502	0.911313874653218	-0.0872431097030114	0.855874474908874	0.988248754581615	-0.0288919340046378	0.409984999781198	0.905943485487553	0.135736833337424	0.319380006309661	0.713536535118862	-0.116542371168468	0.165471964139158	0.53561433496423	0.164053880187233	5.44021175131025e-06	0.000982864923070052	-0.498078740151679	0.867357586073345	0.962566245633919	0.0198890772350045
MAMDC4	Q6UXC1	Both	Olink	1.0844612346385e-07	1.95925996391355e-05	-0.570974969091212	5.80847129451777e-08	1.04939714720954e-05	-0.584092543740448	1.02110877573142e-05	0.00199501075407785	0.485276840727165	9.8343178762365e-06	0.00140268428655794	0.49200137691866	0.00616470840564304	0.125611727663855	0.313509851262503	0.000878864046288324	0.0263173653639929	0.381129542858989	0.460767614351067	0.800692680276622	0.0864613223299152	0.307875428391392	0.871702827248916	0.120994894233624	3.86442440340163e-06	0.000387873708637719	0.504821936613088	2.58152574214113e-06	0.000399767700640141	0.518748412296558	9.00776005569089e-08	1.80822442599425e-05	0.570687941796115	2.23090196913499e-07	5.03812028029652e-05	0.562479728057038	0.0228939741285528	0.459575332506505	-0.262500899071494	0.223802704391647	0.998823757686294	-0.144120842006887	0.00930149564314612	0.176891601353867	0.298446172552643	0.166563335777775	0.682986897476858	0.163637338311805	0.0489831516626699	0.777733813312781	-0.228154404721772	0.0119314362679653	0.499263938092789	-0.292833759737153	0.106891875926557	0.637724103575245	0.187668727663565	0.17549615106401	0.972745479191146	0.1603011284916	1.39320655592747e-07	0.000107873993330384	0.563730493521366	3.84318172749023e-06	0.0014631815193209	0.511024374177811	0.320296457170935	0.896946130059325	0.157141044875021	0.100237605746788	0.756958459942238	0.267086813470247	0.0554383967215288	0.385225782347033	0.222133291084829	0.00772624754919563	0.148952390781435	0.30942398871192	0.0146374031048923	0.190929069621235	0.280905870893486	0.00417613325020235	0.0931466757864064	0.331456742488973
MAN2B2	Q9Y2E5	Both	Olink	0.000192793211354148	0.00717935423846935	-0.420303055129428	5.44766677491872e-05	0.00255494531296159	-0.454127654538398	0.000412928355455293	0.0250776816771079	0.397536395252543	0.000584387969297652	0.0223689701575817	0.392939467644457	0.00440465206877843	0.101588145586294	0.325286066806133	0.00282327461413648	0.0605401912617276	0.344695983904827	0.563878863592314	0.856805001589666	0.0676970971892455	0.163405251880255	0.751417893366533	0.164848256315969	0.0140351436738764	0.189230046548284	0.282576044739975	0.0114057604936953	0.188473237426306	0.294597438307674	0.00320514185329022	0.0611685522705387	0.336019090961216	0.00276067719016155	0.0615755982332329	0.345437377879319	0.0308682209621491	0.491757322304718	-0.249506795874287	0.0288371322023758	0.698561347859071	-0.255957416937433	0.621818867557817	0.906349449480663	0.057882799107573	0.600492431805223	0.900015465067069	0.0623094074130456	0.493229855348315	0.976079072595515	0.0803392040068093	0.699825194790186	0.919305030480564	-0.045894304264169	0.943583399339221	0.993503122216106	0.00831089017733179	0.908187309040809	0.996490931968062	0.0137342186454627	0.00334743245537157	0.0876477483483764	0.334574514185448	0.00165225144663521	0.067248262318388	0.361947227322755	0.911584264884139	0.993840553205455	-0.0176657200681957	0.649991098823197	0.963774260686936	-0.07499974508085	0.00126887952626423	0.0488218415612576	0.365334005910426	0.000301034382281997	0.0212601981546527	0.411251494662488	0.00508238326408412	0.105948143428215	0.320328364260596	0.00267394510056813	0.0717464477479171	0.346489852367839
MANBA	O00462	Both	Depleted	0.00201951147091661	0.0373155262684622	-0.353263329146917	0.00094023562468146	0.0229328819077706	-0.379133025477809	0.0423081360665544	0.380975161797584	0.235110524098681	0.128912576563073	0.603442878988998	0.179366898691886	0.00621065589633246	0.093343771791036	0.313244498546395	0.00541294590424086	0.0876108595361897	0.322360092785249	0.0527302961157061	0.211961913991424	0.224585438259383	0.237725077187909	0.593217571877536	0.139923551267275	0.0256862753477078	0.243322701355806	0.257567703400669	0.0285943891222641	0.293633138717703	0.256334028737807	0.0082671741785774	0.114800986888882	0.302841223934715	0.00751047224935726	0.11766406523993	0.310474198031015	0.226350469677368	0.736618572425417	-0.141368805599752	0.0278691418925594	0.54489746228332	-0.257475521817104	0.0644017384765727	0.458984672013666	0.214657690626997	0.0983180188634824	0.59707926890958	0.194979910165782	0.588235257561722	0.986449788797904	-0.0635185959463815	0.0925319817295463	0.456864976458608	-0.19834749164148	0.0192820948878826	0.972565265309277	0.269705642743432	0.0721096617971921	0.565678019554408	0.211750635091499	0.00326004576316127	0.112219040072763	0.335455037777075	0.00428892553195889	0.145585194445938	0.330534515144539	0.0672775574089109	0.671127960438278	0.28505929372024	0.240374948393709	0.580479662652028	0.192496905093927	0.00683262118674651	0.111527331364804	0.309812985308307	0.0103272414452723	0.160762917785003	0.298449025405617	0.00100400314859675	0.0295636589779572	0.372326145653757	0.021794120519717	0.202527872814404	0.268175355302459
MARCKSL1	P49006	Post_only	Depleted	0.726487373793983	0.93315906315265	-0.0986565671859865	0.000871244938845183	0.0217085715620585	0.714126957328315	0.399487168224086	0.878806480311579	0.226234848454294	0.0646816631933371	0.459428475964802	-0.444347749999223	0.494432199324378	0.888805588291795	-0.184296473497425	0.663843042694578	0.971995425175407	-0.110026289801887	0.583568501226898	0.772611818525753	-0.148314056229152	0.0877244176162333	0.424551438918959	-0.413900814439885	0.424378512102753	0.806517172301033	-0.214787687682887	0.224574686735324	0.757049012939493	-0.301165642420638	0.962129171078089	0.986343831424014	0.0129179728786104	0.119579066765566	0.562040934224224	-0.380239213699623	0.00269079898020539	0.085406658540545	0.697054953228936	0.167641016690864	0.844462145782192	0.339847979356078	0.741899236680565	0.976833742967867	0.0894235211559518	0.1287434017679	0.666046223317939	-0.371762209498338	0.457995957769271	0.981380535740747	0.199865825676549	0.971510610918382	0.989032138828591	-0.00906875927214305	0.79705553085811	0.980205813254029	-0.0698800121738937	0.571512807526454	0.855972509769126	0.14294008185714	0.744094006734539	0.958818003812674	0.0886385191987783	0.33830728515154	0.788204546816602	-0.239577748753506	0.769213329423915	0.961658853527947	-0.114531740234061	0.607128322436705	0.833607651705228	0.185889828072042	0.234739249614859	0.698785293615975	-0.314973207955764	0.434714285843352	0.914368660326915	-0.196415334766711	0.670895090070524	0.916015419068357	-0.115221450024004	0.192013894979883	0.603320930313052	-0.322363353137944
MAST1	Q9Y2H9	Pre_only	Olink	0.00102128109523197	0.0268705996900838	0.374222521574065	0.0907408349078093	0.481812136293256	0.199423446158395	0.144408558802547	0.749439572552781	-0.170162718365054	0.21638550570819	0.679358978226563	-0.146431865458004	0.0064412680383004	0.128351738116133	-0.31193826238565	0.0435019984917496	0.291807960179805	-0.237001986796836	0.0675399580367086	0.392499780144219	-0.212239560295252	0.648605269634219	0.971219213331725	-0.0542324851964914	0.00710453475072048	0.121132091652832	-0.308398543885309	0.118118005268563	0.580939822463569	-0.184513149075741	0.00811176654634246	0.111872200206555	-0.303542742778151	0.0999709150810154	0.517025152422808	-0.194046441244651	0.218462651065361	0.708413954768805	0.143775697386209	0.146093587091422	0.922132537663621	-0.171813267110417	0.00504851482692843	0.129132293233836	-0.320561783277306	0.0419107052116687	0.5065513561782	-0.238774312158628	0.715692869996451	0.985140774904654	0.0427555154065881	0.472253656393421	0.840415790579079	-0.0854519884495966	0.110906145381145	0.638122407607013	-0.18558877739046	0.484559863963482	0.986611906877255	-0.0831029599659224	0.181257619235151	0.682707641594521	-0.156044468367276	0.218474045612503	0.767917851634089	-0.145775568453965	0.61166532518238	0.972064809029716	-0.0806454294699673	0.671680385406491	0.963774260686936	0.0700652707641622	0.010044847695754	0.167003296045971	-0.295544276642862	0.02948404367178	0.273636158734671	-0.254966630741483	0.00681963929368198	0.124488381388793	-0.309881745392027	0.105038406709904	0.456186156710241	-0.191257646754878
MEGF10	Q96KG7	Post_only	Olink	0.0176624944949268	0.196976790457826	0.275149112374329	0.00221782074410321	0.046705837971285	0.35258605769578	0.195929589573406	0.830937695999893	-0.151008325477291	0.037291007022779	0.316153901748656	-0.244256272488284	0.026352303245926	0.260393568503282	-0.256458584996076	0.00754346647792047	0.107593653448234	-0.310311909831097	0.387774840759866	0.752783674901314	-0.101169863440823	0.891170775877908	0.99177456507651	-0.0162940833925319	0.0673363430372291	0.453921345778543	-0.212393673779136	0.0117159545776448	0.191266487382033	-0.293548393701602	0.132093670438201	0.575744245122879	-0.175480983892533	0.0167938483302165	0.206869677158576	-0.279098922698131	0.372493392725307	0.802111318462918	0.104449923970283	0.568858062320666	0.998823757686294	0.0677753718527055	0.176855797852097	0.639465259745406	-0.157612853466137	0.0820039209440345	0.583936897611613	-0.204925733723191	0.0152205796842632	0.576891901319628	0.279344221655168	0.0428357108789564	0.534906456586828	0.237737436030954	0.79847490260444	0.96734189365469	0.0299788698874787	0.684236834244003	0.989266089312206	-0.0484068523416883	0.199832782010406	0.705716148722343	-0.149714512479754	0.0345874018706873	0.359773261803036	-0.247732614081136	0.13231466019502	0.796631282586909	-0.236060024743465	0.220104431555671	0.853305838410709	-0.200883960151209	0.245468934555634	0.647733360462128	-0.135768168734939	0.1311311829938	0.487327671376024	-0.178350205618283	0.0372806713912451	0.278464246003423	-0.240977943889852	0.0306162169743139	0.286693315352726	-0.253275835166037
MEP1A	Q16819	Both	Olink	8.15433722737844e-05	0.003810043773482	-0.441722462760469	3.47768261978471e-05	0.00184034224801902	-0.464497930093333	0.00317306832361831	0.0924625285699528	0.336352599100408	0.00322267412086275	0.0695892180680322	0.340284452254585	0.0241065298075785	0.249346167093655	0.260299214016486	0.0151389635418234	0.166099559507455	0.283335417646376	0.0100870044154502	0.231659169202288	0.29538538627177	0.00513342538726608	0.181850755548903	0.324241437417953	4.21430240085702e-05	0.00259562716052784	0.454426842160653	8.12610835344103e-05	0.00530644665971691	0.444597433889482	1.39040927141119e-05	0.000830954485370611	0.478807335233213	2.55693625859931e-05	0.0016697101833263	0.471415676651884	0.139209939751982	0.653758042954314	-0.172364345469731	0.300757266298769	0.998823757686294	-0.122775581686678	0.0114184640020142	0.200285032009439	0.290642512501306	0.0100702760126356	0.361652291252137	0.299418166053607	0.0602104151661782	0.80529328565026	0.218040511888715	0.153555508651925	0.629481383262266	0.16873969321446	0.0409817796168709	0.541393024950237	0.236599716263017	0.221245264449365	0.972745479191146	0.144911522666106	0.0115653338910713	0.192005151324037	0.290149249198692	0.013062908648567	0.226201165735569	0.289255373667354	0.126291464914894	0.788594170321113	0.23969254581679	0.703003709320206	0.963774260686936	0.0630422063630542	0.0282660888515086	0.284762456459436	0.253398527815587	0.00821766414713419	0.15573335551562	0.307124989815905	0.00273508309137149	0.074869446238553	0.341236687083519	0.00112847363648626	0.0394601749016487	0.373671556731493
MET	P08581	Both	Depleted	3.93887271103501e-05	0.00196461324607542	0.458784335364226	4.78282390473746e-05	0.0023389056365991	0.457169587990809	0.0196284399073884	0.248559104319468	-0.268966979874501	0.06984500122027	0.470251192788815	-0.213417308844794	0.000634677839998401	0.0209615221750823	-0.385589467028402	0.00124624090670083	0.0354164276276374	-0.370660756437878	0.764890994153361	0.886661599940541	0.0351120600457915	0.982577115450012	0.993045233059446	0.00260084075129341	0.00170401452102432	0.0438380156777204	-0.356301450419782	0.00196772730220501	0.0495786136761757	-0.356424438894418	0.00167973705313613	0.0402478172339676	-0.356747123059569	0.00243680738781048	0.0513410108259381	-0.349531695705267	0.0154604056972111	0.250233321350887	0.278716945866286	0.104208195851412	0.753177400627346	0.191707258815088	0.000779080619900951	0.0475377533544262	-0.379729676670312	0.00164825195039396	0.067138796112714	-0.362023147392398	0.14511351902149	0.88885013361648	0.169868774167367	0.771977596835267	0.913662589184209	0.0345026570608567	0.187407644118372	0.972565265309277	-0.153898881455403	0.700341085615389	0.911898568590309	-0.0458114999781731	0.017392511978183	0.229769185268536	-0.273948078319426	0.0560045126190791	0.450100126434137	-0.224674912677658	0.220540262017753	0.757581338461618	-0.193077874986715	0.808232155282145	0.937875793225372	-0.0401550757491904	0.00443118217136864	0.0902484102235413	-0.325079658906835	0.00109900052514871	0.038370818335192	-0.374469438752097	0.0035914790274282	0.0613816415596819	-0.332219738082045	0.00227911982773073	0.0480186970601198	-0.351704761023685
METAP1	P53582	Pre_only	Depleted	0.00174193387001021	0.0343329546637497	0.389722618024584	0.982043282723456	0.996592186246657	0.0031989596498865	0.0314428982751233	0.33123466976035	-0.271378985097741	0.886358670636424	0.996796723602423	0.0203101925613411	0.0216943914347018	0.2055946013496	-0.288818008387046	0.838653416025477	0.984135095512621	-0.0289339428415241	0.0210219913137536	0.129414979271571	-0.290251863444057	0.296526939252695	0.631573120273654	0.147556971366495	0.00451981221731029	0.0876700084056059	-0.353196079839537	0.934637166690074	0.993153580604583	0.0116559850159188	0.0103264485770809	0.131447085012425	-0.320951472584164	0.857026382053151	0.979207474590816	-0.0256020751236879	0.478192226350029	0.873557226803559	0.0909889027223132	0.307333072478958	0.912426512756097	0.14432980882002	0.140889712273879	0.629496264711811	-0.187620998516793	0.627627857312406	0.950017040190481	0.0688608762580904	0.68944513364794	0.987983438634793	0.0513407687740634	0.505880983664348	0.794532621642516	-0.0943429439819664	0.0244247276166759	0.972565265309277	-0.283357367296996	0.8366388339225	0.958988344697869	0.0293001879295219	0.161443103293705	0.658709423121562	-0.178567297766058	0.699141139519734	0.93296703338193	-0.0548890085293769	0.535597483965476	0.904630442855302	-0.11181057917485	0.257866949929885	0.59907492930479	0.213247157128047	0.0211049472297579	0.213142524915406	-0.290072876209516	0.144661854237117	0.611069900155293	0.205106513752829	0.025603409405222	0.218737056056023	-0.281158458520775	0.89601293715805	0.984670315294792	0.0185747554272791
MFGE8	Q08431	Both	Olink	0.00145660368624292	0.0348838960250617	-0.363482395260446	0.002096411655151	0.04455902419968	-0.354398025212988	0.0115203960956645	0.217562880970389	0.290299592242932	0.00590342714648569	0.101885851386352	0.319257061262435	0.0107652536321926	0.166975713204032	0.292905469923557	0.00729886289874426	0.105774965003192	0.311530168477574	0.829948666958738	0.954449771889744	-0.0252188369335658	0.66589063341919	0.971219213331725	0.0513913327364633	0.00725800212322593	0.121852055485062	0.307621119109151	0.0138041492603666	0.208990192712813	0.287054044204599	0.00140259899966999	0.0336677466131172	0.362293784192864	0.00227667453366806	0.0536503303151344	0.351739507729975	0.00708471467446249	0.290317600559702	-0.308500020973926	0.040669176922294	0.711054641673657	-0.240196207795725	7.29685553786936e-06	0.00299109435783588	0.492172890883127	0.000199181973841391	0.0635038998953142	0.422146090950601	0.198942734927185	0.91381606636525	0.150007937516473	0.490786840935348	0.849535526567987	0.0819264314328358	0.0896723000179711	0.618897362986897	0.197349855899122	0.363408360127011	0.972745479191146	0.107929142817595	0.000991602009416465	0.0410265869544828	0.372693002860917	0.00116727104449441	0.0550139918361712	0.372649514139284	0.139869256153605	0.797451733975913	0.231674086936458	0.311633086510879	0.883857314960211	0.166296737044024	0.040603370560416	0.334764707782346	0.23703190710727	0.0270302458503042	0.263971049565132	0.258827587073176	0.0144015494097349	0.189676622259436	0.281552736493174	0.00732551196774731	0.134136063733751	0.311395716719279
MMP13	P45452	Post_only	Olink	0.00985554581678954	0.134891561431816	0.298234960325718	3.40392465135238e-05	0.00182666055547821	0.464984969485313	0.0538390869577668	0.503116985019131	-0.223569276356879	0.00126882654597761	0.0389045519660374	-0.370112918131595	0.00750099552025948	0.141895472914168	-0.306419227677953	0.000397557340302257	0.015585953212502	-0.403701048797632	0.447934158632442	0.794367330863983	-0.0889460663486792	0.136258660009893	0.702017050621314	-0.176049461998779	0.36640416027021	0.82155082139239	-0.105779600926942	0.0190134848648947	0.256385445923498	-0.273947364942668	0.193596807341638	0.66919304578551	-0.151790435854552	0.00328277169934275	0.0686973845962846	-0.339663395968076	0.0551438054674345	0.534953380848826	0.222395233526324	0.0374079969849996	0.711054641673657	0.244110649375158	0.515642460626948	0.867531995470745	-0.0762355230847843	0.0283102234437495	0.459405422350665	-0.256778346158087	0.634903226985937	0.980755103210386	-0.055722725356989	0.45190811593118	0.834244546439712	0.0894094058103194	0.347980866963701	0.808988261707877	-0.109887146043823	0.497467306130676	0.986791634720565	-0.0806729159532446	0.0261661374057126	0.288840050384852	-0.256766190398446	0.000572567777047503	0.0352649699045167	-0.393519501070123	0.694910660240092	0.976912483329691	-0.0623401441733458	0.202882738311764	0.846492265786711	-0.208437520245203	0.0028500728818968	0.0804551823952116	-0.339890267709641	0.00174360273679452	0.0627655281003865	-0.360256704134177	0.00247131852990799	0.0700762777824217	-0.344527403219967	1.8394763027029e-05	0.0018811248227641	-0.478661341486823
MMP8	P22894	Both	Olink	0.00183727566599197	0.0418404794524222	-0.356255500004337	0.000453612675716522	0.0136376441771107	-0.400056825015549	0.00409481219494271	0.109259862281024	0.327782098083008	0.00150429302046057	0.0438347751123455	0.364872791503069	0.00405908064817243	0.0952390351216215	0.328080648815806	0.00154492957930577	0.0379994306755522	0.36404433067378	0.718580561322345	0.918779580648057	0.042302255125851	0.53229896181527	0.957242646575893	0.074273127786711	0.000569039420526132	0.0195202130332382	0.388666406632393	0.00440402094909154	0.0990447864899424	0.329615380840937	0.000493753843572145	0.0143704008662032	0.392622264990045	0.00222872472788198	0.052981087829475	0.3524277070924	0.0291081108286946	0.491757322304718	-0.252107314091402	0.0346007001965447	0.711054641673657	-0.24771496783385	0.0457026031372533	0.381924222430093	0.231468196881649	0.0633569905152213	0.560234167891914	0.218445574394194	0.780311260613502	0.985922537573798	-0.0327475370131877	0.944724098304957	0.987466225133532	-0.00825726428152028	0.0339121862341429	0.508808354522636	0.245289893677783	0.0940392081865576	0.972745479191146	0.197454700040791	0.0375918429235447	0.350175092557769	0.240596241559008	0.0297072836810745	0.336145047080216	0.254628970717704	0.511401638968679	0.95183642869579	0.104192375525431	0.901789498662055	0.99024348470619	0.0204224002594922	0.000808505926276666	0.0371364586476231	0.378658272625294	0.00250992675702892	0.0786346995554726	0.348566512361488	0.0291967657322327	0.252070733777238	0.251973203797401	0.00278136942831226	0.0731797199099634	0.345190654563983
MMP9	P14780	Post_only	Olink	0.255935420625768	0.734122783228408	-0.133745826892947	4.58747213263592e-05	0.00226037263262606	-0.458138166015876	0.153982687057373	0.767082871186547	0.166258894864122	0.00419574193006192	0.0818018750393367	0.331294840181185	0.358448797106671	0.738143039634557	0.107537286461686	0.00365647707856818	0.0702769708008494	0.336014444317336	0.502746427872917	0.823629306835111	0.0785852154340317	0.0848286369320009	0.589778183285598	0.203098105757059	0.0185330604643309	0.227260605693831	0.271342799355044	0.0018333930636565	0.0540053826359687	0.35867101802601	0.028736791619246	0.25927416627391	0.252672785141858	0.000920360293884579	0.0268455470588197	0.379766325226119	0.0680336551618603	0.557992645703466	-0.211867435635632	0.100589651031141	0.861750794977888	-0.193700110096538	0.849629674428216	0.976220300869244	0.0222633012402788	0.0336370906361478	0.485002200066624	0.24900857333049	0.582188868234555	0.976079072595515	-0.0645483387631934	0.294358152120197	0.744226103653613	-0.124399997818037	0.0846284089479186	0.611534885054854	0.200461499166083	0.00578952535906439	0.9600628949349	0.319956793261153	0.328818305009914	0.782778317749584	0.114305901210545	0.00692889772340131	0.14631511205221	0.313442723636441	0.0854089041775933	0.715481082909669	0.268625432472211	0.171883625697134	0.822706546008188	0.223254306404842	0.127528518408205	0.530479424564657	0.177548000802346	0.0090388190803236	0.16663401161685	0.303539150007281	0.670104296133208	0.881314395238588	0.0499998120030613	0.000503838351066286	0.0211690221920874	0.397125610132042
MPO	P05164	Post_only	Olink	0.0500254472649484	0.367395561214119	-0.228680511383632	0.00153939920439657	0.0353539986772434	-0.364155916031282	0.0124224021641228	0.226698382927763	0.287374767242715	0.00157479981040838	0.0451609257799652	0.363447795518957	0.1701793009562	0.562079104925415	0.160047038479	0.052772611056244	0.321740778318158	0.227625971339996	0.340260465112	0.716476970049356	0.111648558372057	0.00543825521984348	0.186780885380975	0.322194013840832	0.139467635552873	0.610041194726543	0.172253765462796	0.0751981358434807	0.497322491947742	0.209544006854881	0.0624786657394693	0.410465900979302	0.216186953034244	0.0292618405538104	0.283291402005014	0.255304866365475	0.044512401837215	0.517442134060475	-0.23271904484026	0.0909040924438158	0.849483070768072	-0.199324687648685	0.0854089068358409	0.49116646871986	0.199970572370913	0.0219833797296172	0.442404905487157	0.267805792651825	0.415903803655347	0.967052173235512	-0.095327368085316	0.314638325785943	0.762720233345647	-0.119327617994818	0.0822246098722242	0.611534885054854	0.201996363523745	0.0916527298012351	0.972745479191146	0.198873597765415	0.0314849791569344	0.319338645348021	0.248625032221383	0.00912907327434075	0.176712775524739	0.30316259938613	0.0422909151245044	0.611786251733096	0.314818888328864	0.0609501824266494	0.713110166977514	0.302821474127139	0.124607025135028	0.525989155943812	0.178900547746034	0.0196058009870903	0.227544842291284	0.272660084830492	0.636393828532702	0.868173810885287	0.0554778288457468	0.0357043216356218	0.302909620564944	0.246269888371447
MS4A1	P11836	Pre_only	Olink	0.000473942902531708	0.0149347123937317	-0.396271142238163	0.00766920626087436	0.11295407047266	-0.309699090235054	0.0310993752192473	0.386149388643891	0.249174600400447	0.00299303290116495	0.0676916585761716	0.342756909647843	0.0324892348597165	0.285863072953999	0.247219834205966	0.0582533413595779	0.338406334586187	0.222702414853074	0.753904962208368	0.929914206462398	0.0368051419916252	0.301735535682625	0.871702827248916	0.12252924342423	0.0262657364840147	0.27064694247787	0.256601391406457	0.0422370514993052	0.382817423288017	0.238406353904081	0.00679427029960251	0.0979386835740575	0.310016448273757	0.0127883173750382	0.173715990407787	0.290098358390502	0.155901469240905	0.669312302234062	-0.1654984303483	0.360866105868659	0.998823757686294	-0.108498875684958	0.000945062758459049	0.055361675842335	0.37410790671541	0.00236985407653635	0.196109064546262	0.35043850996002	0.599908267619106	0.976079072595515	-0.0615440136294751	0.665319980877475	0.907783067441254	0.051484664115024	0.240892113528118	0.757608061860839	0.137080660730864	0.100135711626974	0.972745479191146	0.193954035019729	0.000795986831852284	0.0365614290562659	0.379109701503001	0.00657179178043263	0.143625449394939	0.31537593007688	0.483789205069639	0.945677935968425	0.11106321742349	0.0739142070703165	0.746080562249946	0.289428697407946	0.0234902196431161	0.263596253552152	0.261406203555156	0.00992767518975675	0.173538792519091	0.29996531832234	0.00704775951571177	0.126863806483503	0.308689896577612	0.0166168630807476	0.212720676960426	0.279534402734441
MSR1	P21757	Both	Olink	3.34609512217825e-06	0.000312686820038036	-0.510649644714771	4.10396155022158e-05	0.0020595807039075	-0.460710797744055	9.37299951201675e-06	0.00199501075407785	0.487048592657806	1.10983163348615e-05	0.00150382186337374	0.489468500355159	0.00190260869865634	0.0632646573418243	0.35285627623077	0.00115980066038903	0.0304541130054525	0.372843894031651	3.27529205160854e-05	0.0127211202653739	0.460134200018598	0.000110857187785662	0.0228950033143856	0.436996085295479	1.64561376491737e-05	0.00123878147303502	0.475219760680216	0.000255282537820289	0.0123538513838033	0.415644556273145	3.19654025194111e-06	0.000254783061257659	0.508502021990799	4.67818739138819e-05	0.00284896355745214	0.457683724103989	0.898827926679244	0.989442635004577	0.0149310722334683	0.705958667439475	0.998823757686294	-0.0449112313557884	0.00495669362402683	0.129132293233836	0.321201654731635	0.0219364684725354	0.442404905487157	0.267897142040054	0.956216730731509	0.996961051784369	-0.00644774081066528	0.924963890216256	0.982053125792738	-0.011216522593129	0.00358404202198887	0.303770503202503	0.332289360563826	0.018889602119185	0.96907969195277	0.27422092881229	0.000130935035060615	0.012488403335349	0.42742667575737	0.000231949179576261	0.0193409931277436	0.418171495705541	0.0078894467448069	0.307619387123073	0.404472272478723	0.0044160294949218	0.341993510616987	0.446151951746002	0.000388742200169092	0.0237606797661429	0.399178647098453	0.00222151219300788	0.0725337113620645	0.3525323714596	0.00264169059870774	0.0730508318622243	0.342368017734218	0.00579554593787617	0.117208429042123	0.319919504380334
MUC13	Q9H3R2	Both	Olink	0.000154239588028715	0.00614690122879144	-0.425995359814145	0.00106691700812696	0.0267717138150376	-0.37536030756158	0.000109402380729372	0.00926501411801871	0.431860180932006	2.12105272478947e-06	0.000547433608017092	0.522493284937439	0.45024753262334	0.789754571785923	0.0884952826712233	0.173443593669743	0.544018679218753	0.161056509926584	0.0606080019291888	0.380249405144633	0.217711566127051	0.0471650496999194	0.482329376176535	0.233117267314178	0.00166672320208915	0.0434309603621308	0.356988418378058	0.0250760538729885	0.292569270377236	0.262120325890165	5.28644623101952e-05	0.00249152509322833	0.449206817712292	0.00193414408804343	0.0481012139360368	0.356972845008605	0.381698325883889	0.809038586856736	-0.102464667771746	0.606350629658574	0.998823757686294	-0.061311527727396	0.00410062696786984	0.119057727782976	0.327733732621743	0.363635210573958	0.804576547645091	0.107878423263623	0.641320428221828	0.980755103210386	0.0546700953524057	0.65455230954997	0.906126376803783	0.0532516436325163	0.248239177740502	0.759561284092677	0.134981900073374	0.622499538741809	0.986791634720565	-0.0585822289976261	1.18041535037448e-05	0.00246071199962679	0.482254921041273	0.000139210953457777	0.0142575304179399	0.431305584825072	0.128771626711653	0.794922798151662	0.238181438826541	0.89628358592365	0.99024348470619	-0.0215733994794967	0.892604387457264	0.97874249353458	0.0158548718576797	0.572332043577395	0.823570149302683	0.0671684208508015	0.333636941390955	0.678719867853701	0.113179809060767	0.306667188201064	0.684894970890825	0.121295251083615
MVK	Q03426	Both	Olink	0.000732904266672006	0.0206892766945952	-0.383939839999191	1.99699942001921e-05	0.00118942163258287	-0.476868891836283	0.134759505539027	0.732757307747182	0.174298908931719	0.0119858770926603	0.158061931489583	0.292654982780933	0.0142498203481092	0.192124443499382	0.281973729705831	0.000126037797173363	0.00697066184366967	0.433801792052747	0.699017375080725	0.913153572653056	-0.0453854516719506	0.506927847668375	0.951082527492018	0.078912646227626	0.00300766379647859	0.0682072710331127	0.338121829238228	3.85892833226045e-05	0.00303121616823937	0.462124029660398	0.00310445031975221	0.0595233798884685	0.33707633019755	0.000132316792127979	0.00640318761905043	0.432583406774195	0.0774384300356562	0.570005967248441	-0.205161805759835	0.0385554543568962	0.711054641673657	-0.242702093748321	0.00669689822438378	0.145908124968254	0.310537613272484	0.00170073457153211	0.16298099487522	0.361039826327708	0.699257764289723	0.985140774904654	-0.0453473833017254	0.725093270338982	0.92914098659404	0.0418631878922501	0.0669384512089461	0.573080231701428	0.212695920058063	0.452598486878571	0.985164364684928	0.0892735380717226	0.0169317383294025	0.236520674601448	0.275042360546618	0.0476114388810116	0.422914774439336	0.232661032508045	0.172989114409581	0.817802575518082	0.214278267225169	0.325420509181982	0.888553732879771	0.161688115605366	0.0612001422993529	0.401579626225778	0.217224886362353	0.00108108945839368	0.0468760389159498	0.37496382987513	0.000573455564037634	0.0256870178271403	0.388449490151002	1.11754776134248e-05	0.00131676279706005	0.489322754974928
NAGPA	Q9UK23	Pre_only	Olink	5.06880947829663e-05	0.00259291822354842	-0.452972542951828	0.00866045965086071	0.12129119200947	-0.305154366652056	1.76791877491186e-05	0.00252161046316376	0.473681253063925	3.53016840600222e-05	0.00335675662465474	0.464157166567464	0.000362041878988855	0.0198208786274707	0.401103926442256	6.49643740508906e-05	0.00437523110924904	0.44996640945255	0.757291854172919	0.93106342500344	-0.0362823963884652	0.627548528636717	0.971219213331725	-0.0577351370680534	0.00118200187195711	0.0336636282373412	0.367468486779912	0.0117992855167206	0.191448782764901	0.293270688808421	3.55391018646501e-05	0.00173278381043908	0.458296819067039	0.00268608893205436	0.0601595124451844	0.346340667988833	0.662038238519382	0.924779118570949	-0.0513004372611345	0.616217509279586	0.998823757686294	-0.0596402782921832	0.00309040119358904	0.106565321049255	0.337226268901224	0.206976487000103	0.714476085706722	0.149445279696924	0.167665466597435	0.909785136741578	0.160981705639392	0.827753920231271	0.956594082655328	0.0259090945398493	0.168312715974452	0.711467101977693	0.160740073176652	0.926126486565314	0.996490931968062	0.0110422436616731	2.11711910929131e-05	0.00370154373301899	0.469779905873616	0.00172038643956967	0.067551981197711	0.360678643888873	0.742103558258051	0.98048359232783	-0.0523206115213765	0.916039586259661	0.990804646694137	-0.0174477107941408	0.0157318366551705	0.21316638667756	0.278017042491115	0.334907703024348	0.675548846442861	0.114464065084926	0.000284077063335264	0.0158731719925477	0.40757980242066	0.00129904160946432	0.0447470623023489	0.369393635362922
NCAM2	O15394	Both	Depleted	0.000117406244075539	0.00429756828223971	0.432822734508835	7.53334907969424e-05	0.0032877687769237	0.446424316116944	0.00217985929135797	0.0719942717307958	-0.348551804522543	0.0116713738163059	0.200879138077828	-0.293697666240689	0.000567483496508756	0.0195292790833307	-0.388743197813351	0.000119080711707277	0.00646740576472411	-0.435218937507035	0.495545167493145	0.710329847128003	-0.0799108578050783	0.685736372140588	0.861547031067309	-0.0481642520218489	2.30367431610749e-05	0.00216545385714104	-0.467935636424547	2.68067892259204e-06	0.00046796994905821	-0.51802488551883	2.71703493502888e-05	0.00237158335043235	-0.464300519180424	4.01139644123752e-06	0.0006535901934923	-0.510181441170457	0.00603563678079847	0.139161285776146	0.314264698598025	0.0237099559786411	0.503888107928685	0.264553773068593	0.00048628643685376	0.0347689940665948	-0.393044155348802	2.9343476531972e-05	0.0044389743315995	-0.468337417960567	0.155829989339532	0.896740158168585	0.165526634594991	0.784420104820652	0.919009385018597	-0.0325718720397254	0.0610492031962834	0.972565265309277	-0.217348579115412	0.189339001687588	0.62617661721849	-0.155367718178643	0.00200019913411449	0.088881576068651	-0.351280398262761	0.00583568849259996	0.157129101429091	-0.319671748629609	0.155419793855719	0.7267831552548	-0.22316957003825	0.334080928264286	0.668348930618017	-0.158855359017604	0.000426545111346156	0.0242436337704652	-0.396650130163268	0.000123153288340977	0.00836073990848187	-0.434380382771089	0.00227552447312635	0.0471942418518348	-0.347180289910325	0.000230396253172476	0.010427563754695	-0.418347847644948
NCAN	O14594	Post_only	Olink	0.00376056948404644	0.0712667363759849	0.332842217550717	2.23098646801852e-05	0.00128637730390004	0.474435805395106	0.00301616531816015	0.0901124944044952	-0.338028800314025	0.00159700586729755	0.0453403217013266	-0.363010891584227	0.00727575903318446	0.139344925653215	-0.307532102078581	0.000200947339586727	0.00930884256888942	-0.421917144704464	0.963721489704338	0.989589761187293	0.00534172885413843	0.768778241910958	0.979408901327614	-0.0350005412421176	0.00394378908785816	0.0828501428534543	-0.329060147002071	4.61084206773419e-05	0.00341922237378134	-0.458020301416831	0.000495805343538745	0.0143704008662032	-0.392507380393563	6.62346444979157e-06	0.00061895133306673	-0.50014326283125	0.0615391897733547	0.551167749043643	0.216947940508283	0.186736771316234	0.965806128259387	0.156274680181002	0.298697643612215	0.750291710105822	-0.121596328371862	0.0135799838439729	0.383371213428542	-0.287708762360686	0.102031991039734	0.866342415591193	0.190269576773939	0.736944957397839	0.932684440433159	0.0399887939151494	0.682965739348291	0.935002350913801	0.0479382567650043	0.835860200214026	0.99498445719098	-0.02467209409353	4.24166500566039e-05	0.00547376769778079	-0.454278967409533	1.33774996264854e-05	0.00329572945343413	-0.485515949975785	0.245023717584976	0.868995064585482	0.183389082526526	0.578371105281446	0.948648723786656	0.0917919770413904	0.147692467800541	0.555538996325786	-0.168802478279335	0.00314694072503742	0.0921968579983937	-0.341081968967004	0.0484366239937882	0.306361931525085	-0.228693527846906	6.62341361584696e-05	0.00505618335181557	-0.449505615952215
NENF	Q9UMX5	Pre_only	Depleted	0.000203470138639055	0.00637539767735706	0.418912590383162	0.00680979501498483	0.0919510442907345	0.314077547507116	0.0100517831493924	0.161622092217862	-0.295518096724607	0.0396478097375102	0.366792050197244	-0.241393209865634	0.000369707709514391	0.0162385509274148	-0.400538211766696	0.00323365570865392	0.0604727504446094	-0.340170200319432	0.318872843864462	0.564873263617959	0.116663735434687	0.262568997319568	0.609449762888962	0.132836485355488	0.0121525906945044	0.158828511536731	-0.288229782738899	0.0182978686495273	0.232916619684607	-0.275549205084802	0.0056197036132171	0.0891186638161762	-0.316798106285889	0.0084451705639976	0.126268829376696	-0.306101192966075	1.56174945482218e-05	0.00318076305632118	0.476337649834771	5.09421755771111e-05	0.0207504461850766	0.455699031846229	0.00379660312972386	0.113157293281038	-0.330348307876197	0.0123733383774573	0.215804827781708	-0.291402568057168	0.324505928639601	0.97192497182421	0.115322598547724	0.679124733791657	0.870086349419175	-0.0492353953201563	0.846567201814492	0.985358919669123	-0.0227222458716503	0.436423496430506	0.786763401133214	-0.0924877451539164	0.00476671718410408	0.133602449792699	-0.322559574516201	0.00996033972813037	0.199533363078284	-0.299839384089156	0.50136146414194	0.900538387505239	0.106668214424025	0.686444444008816	0.874695310629204	0.0667405963385038	0.000368522851908438	0.0214445202396244	-0.400624944932299	0.000169128478198462	0.010081707334562	-0.426360528397373	3.92869111950569e-05	0.00355619299854515	-0.456025979536164	0.000107736553684766	0.00598427584558111	-0.43770248448655
NFASC	O94856	Both	Olink	3.83908536882956e-07	5.20196067476406e-05	-0.550083972617344	1.7895555559993e-05	0.00108981922623777	-0.479259322894449	2.97045503459106e-07	0.000201248328593545	0.551260347878422	3.60801036755965e-06	0.000782216647686933	0.512262764541838	0.142640434631012	0.533425750799781	0.170904734240231	0.15210813762376	0.514623037403731	0.169327016626049	0.000249412128462235	0.0450604578755105	0.411001583877296	0.000709432545439062	0.0769024879255943	0.387382323497869	0.00079849575086982	0.0254579233512613	0.379018717430642	0.00299882941247164	0.0770315422540108	0.342692449200862	7.6813734353644e-05	0.00344074743964257	0.440411999546436	0.000403874360360753	0.0150965450562433	0.403267683459258	0.182231941137876	0.690185702203276	-0.155701067690578	0.0710877943149703	0.837141487148882	-0.212497398864463	0.0163206046325353	0.239074802995517	0.276533913358806	0.0710539629628289	0.5838225709563	0.212522269115669	0.767530573144374	0.985922537573798	0.0347063454756803	0.987842583189129	0.997538979990536	-0.00181475363083705	0.132362014015081	0.666482363060027	0.175361181771306	0.370778202158796	0.972745479191146	0.106291164774207	0.00118138012040937	0.0454119166852395	0.367484267396376	0.00468226958835402	0.117610904003161	0.327478385546326	0.462149344769513	0.94294957303983	0.116591903166824	0.655088133397137	0.963774260686936	-0.073834499799803	0.0363413189942376	0.316845061954254	0.242146551096221	0.0568187596555456	0.350749063021705	0.22395339343085	0.23886413214486	0.594219907416159	0.137667721542654	0.347686429315197	0.71805296876868	0.111492897654874
NFATC3	Q12968	Post_only	Olink	0.00935180713826609	0.131086835740501	-0.300225279880616	0.00169855358980128	0.0377301658062415	-0.361080141935981	0.104883769515141	0.670365602325549	0.188732019080072	0.0267776129165968	0.26202378602111	0.259241702479925	0.0522452000901371	0.364989173516946	0.225035515251995	0.457394622649757	0.772780191633942	0.0883327810233205	0.0261955730263872	0.291524592662106	0.256717430338801	0.036499256940451	0.455820213403789	0.245251934111252	0.0498746626918803	0.38972731267627	0.227285488216628	0.102855763514417	0.554829462428831	0.19244568745011	0.0287497737879372	0.25927416627391	0.252652911352035	0.0502985733431684	0.385393475605968	0.229986602717355	0.136932210374825	0.653758042954314	-0.173348520409196	0.645633843180713	0.998823757686294	-0.0547239126312692	0.051559919039112	0.396389732187215	0.225677194306486	0.0573596485929141	0.551222154917721	0.223478743068185	0.831978772504033	0.989006065494234	0.0249132783791568	0.462286351169618	0.837655843078724	-0.0873788408870575	0.135376376139416	0.670598728729513	0.174027905270115	0.410687932872498	0.979141458047756	0.097744008497709	0.0257752601911029	0.287997235631232	0.257418120007906	0.0330693921561613	0.353522890505708	0.249785273209666	0.067253730590312	0.684286552063	0.28508307308755	0.975401306937245	0.998947463552484	-0.0051035356926971	0.000223694660725912	0.0166085624812937	0.413835126808106	0.0264087701389781	0.262490109807166	0.259852278190195	0.0618515841497725	0.341380433902003	0.216693858655321	0.360132603512806	0.727203430956626	0.108663715059854
NHLRC3	Q5JS37	Both	Olink	1.32463445400161e-10	1.0256455343841e-07	-0.662141403549559	2.50971667761253e-07	3.4878626647846e-05	-0.560512649822759	7.59092353417631e-08	0.000137142685184119	0.573374903486427	2.07849594587232e-08	3.75514934220933e-05	0.599602736583823	0.000902443152374917	0.0385137156367878	0.375460216922329	0.000488315248032174	0.017617928100009	0.398001948270934	0.00506972606093371	0.186445721160847	0.320415435282353	0.000424493486780886	0.0609335651161216	0.401895030145783	2.18436756015668e-07	5.38148735274965e-05	0.556384846022429	4.0512566513753e-05	0.00313683015006488	0.461008031412667	5.39839197825421e-09	1.82870528263361e-06	0.612055595274757	2.06139642671562e-06	0.000253926559836333	0.523033379327696	0.482523823662371	0.84887495183226	-0.0823337867574191	0.707306970495364	0.998823757686294	-0.0446955294138815	6.13320185765592e-05	0.011080651356165	0.445738623152611	0.012508729109535	0.383371213428542	0.290972946060698	0.483046629725303	0.976079072595515	0.0822358445809191	0.45439560933091	0.836439508308901	0.08892039342906	0.000871657771705575	0.172943051734572	0.376473568215274	0.0491874881507962	0.972745479191146	0.231077853845505	3.17057835840834e-06	0.0011453140261864	0.508659232931815	2.38203217693825e-05	0.00478170903666863	0.472988487359596	0.0178176624471728	0.472309432281741	0.363950508548925	0.0999775113536997	0.756958459942238	0.267284021400972	4.26405033673149e-05	0.00641976467363463	0.454158648624067	0.00120061880778108	0.0496744575433087	0.371795293022353	0.00134773681787099	0.0470795462118931	0.363508034541265	0.00311928424585941	0.0800816432916013	0.341377479971644
NIBAN2	Q96TA1	Pre_only	Depleted	0.00179302539733053	0.0348473090340243	0.357022229621166	0.00558936805738538	0.0798854709488297	0.323394260551861	0.057638909352344	0.450062282610635	-0.22021175881414	0.0485095627793549	0.40698701732553	-0.233368889294799	0.0300388977028059	0.251421458854992	-0.250716108942701	0.03052258464367	0.257424338450775	-0.255169781307578	0.24691707904871	0.490223672782329	-0.135356391895671	0.52344890333082	0.765659408179251	0.0764209036954364	0.0575461302690495	0.394774128076479	-0.22029155802069	0.0361390367219925	0.340753978978552	-0.247417225001271	0.0602699363754123	0.380530138982767	-0.217991154657667	0.0247537701711442	0.25964898840462	-0.26449968658085	0.7830861744913	0.958286248448025	0.0323234407857616	0.201431803267326	0.85898814706096	0.152338491045472	0.111294313611359	0.575524650808847	-0.18539075873519	0.0681798757842558	0.50461783188982	-0.216172984047463	0.207329293754281	0.905121923220852	0.147279390317086	0.306356336017454	0.674764409186972	0.122236146869674	0.495856586321281	0.972565265309277	0.0798533234913909	0.136461200463274	0.593436252548471	0.177201258963622	0.0590854021298846	0.434953984353729	-0.2189809517091	0.0641069960942799	0.460994696088921	-0.21936703862135	0.0571869410722933	0.644077806362603	-0.295788441024665	0.171288778011573	0.516189698930749	0.226601327656711	0.00463839051331249	0.0936878216077334	-0.323504236164427	0.00481324684923701	0.105691200639133	-0.328720567068869	0.00573416102358609	0.0849350881311781	-0.316084871945927	0.185912756603225	0.595684521859396	-0.157672007059972
NIF3L1	Q9GZT8	Post_only	Depleted	0.054868623413032	0.335577237276464	0.224152803200453	0.000318693682908347	0.00949862635399999	0.409718281924135	0.157497243747128	0.677681802320389	-0.16487126230047	0.0108260725894589	0.195373514628905	-0.296626163966764	0.334909675401561	0.791604687312781	-0.112884096762156	0.0708148869835941	0.414046851167235	-0.212698291035923	0.359210630782214	0.599256506233263	0.107367933619468	0.737060255631111	0.89132868122832	-0.0399706073592361	0.246321356076655	0.705881630422961	-0.135525583246617	0.00843689568493775	0.141645037767103	-0.306138005058034	0.123166919070801	0.540430790321431	-0.179576191076374	0.00375998386636899	0.0691805912458835	-0.335062603389729	0.565135968335918	0.90268965190615	0.0674794023106598	0.384493468537638	0.948987109967062	0.103294655961164	0.520690242127737	0.92236959732338	-0.0753239783783506	0.0343299032255237	0.369613583626343	-0.248075425891036	0.0645205348542877	0.779422701763019	0.214564438761251	0.592437500383775	0.826125428377977	0.0636885464890998	0.685528709541662	0.973809132962166	-0.0475291860542643	0.603814618513743	0.869094774821901	0.0617429863797669	0.0345878216980435	0.342237393643799	-0.244397187092485	0.016354921942043	0.265289437742284	-0.280186293426248	0.53960716209888	0.905683020893542	-0.0973637691855214	0.453860583048731	0.7551259725566	-0.123492774149373	0.201190474805595	0.657702943471711	-0.14926871186392	0.00430345150082597	0.0973855135927654	-0.330417314840396	0.352167744269409	0.779374890679906	-0.10894208287377	0.0233906863287309	0.206180151393218	-0.265139601402014
NOMO1	Q15155	Both	Olink	0.000194065500131068	0.00717935423846935	-0.420133698723311	1.23112966852505e-05	0.000813746683342165	-0.487279599229408	0.0394531200356316	0.436107675533566	0.238366497171205	0.000408803986786068	0.0175850603839721	0.402933780345563	0.0318616857504722	0.284498083636835	0.24809357710498	0.00643831134256192	0.0980214816760831	0.316122329095913	0.440395151151138	0.789215356058853	0.0904241932100611	0.0274211900979713	0.39382856019411	0.258193151055117	0.00130065906291288	0.0367165214634781	0.364586128313693	0.00241729163728025	0.0675346426497884	0.349793688531437	0.000272131842725608	0.00899362553398044	0.408713384253862	0.000292422029034641	0.0118278163982668	0.412029373379927	0.473718814595824	0.844035494776254	-0.0839919064680714	0.979814207873924	0.998823757686294	0.00301336031916725	0.0491626110774113	0.390705794779427	0.227978455061232	0.0954453267083159	0.607889154828522	0.196631867017264	0.703439839189286	0.985140774904654	-0.0446858477828267	0.335213743103165	0.774616763650156	-0.114392083696776	0.222028200006217	0.74840518741744	0.142680283470157	0.551590079838212	0.986791634720565	0.070818588669999	0.00399791595590369	0.0989438560776165	0.328597167741938	0.000220590909739934	0.018991217357075	0.419487236114251	0.0637433922499333	0.674783566395778	0.288661726950799	0.0270437503825784	0.606309126930099	0.353990899749319	0.143944423190641	0.552240326328273	0.170356835393059	0.0894367172739125	0.427089874559124	0.200217403452169	0.228144626919024	0.58404572713669	0.140829557590958	0.0288871136048273	0.278096191364412	0.25588020346314
NOS3	P29474	Both	Olink	3.78780765629621e-05	0.00207091989492704	-0.459676153116409	2.37117861737297e-06	0.000225469966774763	-0.520373951263473	0.0272439334997861	0.361916959727551	0.255010325785323	0.00317224974542759	0.0691823934260133	0.34081356378434	0.000536165975686461	0.0269075887798205	0.39033114611143	0.000240851824308986	0.0108784740646225	0.417180948998475	0.0887848640036266	0.42812630151215	0.197887126732968	0.142690436023243	0.714234805672055	0.173254149311334	0.000716911040450299	0.023407577344823	0.382119935024013	0.000387594302167614	0.0170793586808819	0.404397506575337	0.000270744158448803	0.00899362553398044	0.408848019958767	0.000444166813063342	0.0162661089648872	0.400640998787817	0.0494435379540246	0.532526990045238	-0.227704079195046	0.145778734218668	0.922132537663621	-0.171945511717011	5.85135383341049e-05	0.0110217018568745	0.446840859388202	0.062812929941901	0.559612505782971	0.21888584089538	0.957396643775473	0.996961051784369	0.00627381677339097	0.49821228709369	0.851832995598674	-0.0805336751051461	0.00481348640379636	0.322087608747855	0.322220886434152	0.0105803854004729	0.964412807942649	0.29751461972393	0.000309369439415123	0.0191903719183147	0.405317210428436	0.0146496667539913	0.239160222309136	0.284664424633992	0.269550918145308	0.869893259025032	0.174318147195826	0.283093662397794	0.876008661140856	0.176265515814938	0.000153886856340031	0.0128050120531871	0.423388149538928	4.98970784479075e-05	0.00663447310145542	0.456183052548877	0.000389353461898339	0.0199009770471605	0.399136004560461	0.00777378590216379	0.139055840230125	0.309196075808748
NPC2	P61916	Post_only	Olink	0.0442648712901423	0.343883561211798	-0.234560717085018	0.00158681870746078	0.0359855957926252	-0.363210639885241	0.0679333398467816	0.564167642715741	0.211942871912073	0.000509654900142989	0.0204617004353704	0.396803577211854	0.0345497554391062	0.298184195031776	0.244447093824569	0.00170516434930781	0.040713615741182	0.360958084592268	0.275163702277507	0.652685893367215	0.127634026711629	0.00559459924134405	0.187419454996651	0.321182968881055	0.0346509396483415	0.325377527033662	0.244314537517557	0.00163264295935075	0.0497130608970846	0.362321039497332	0.0153215572629221	0.174229151384938	0.279079079114607	0.00060714423828045	0.0200840332645984	0.39185225984608	0.350654700545325	0.795166485768482	0.109282798108626	0.239312967185735	0.998823757686294	0.139455773208219	0.0100497823162699	0.183462442442982	0.295525647843119	0.178300716662202	0.694693053771453	0.159279349239084	0.787280553705182	0.985922537573798	0.0316831860656816	0.116308251160576	0.587700082134178	-0.185410865993936	0.00183583819125439	0.231889844579156	0.353976911535318	0.36478209215235	0.972745479191146	0.1076222977673	0.0213872910078041	0.265261137899996	0.265379307675587	0.00143335647334533	0.0631609112644855	0.366368582538416	0.00787991936518136	0.307619387123073	0.404528903640485	0.0168863430200793	0.558073043712377	0.380441838654751	0.0109552407093793	0.174639425425988	0.292235235050863	0.00529726963041041	0.119133615754458	0.323128002785816	0.294019682567373	0.643947272969176	0.122770798761727	0.003646341200982	0.087437589339376	0.336108937377338
NPL	Q9BXD5	Both	Olink	2.14618412270038e-05	0.00130700201629619	-0.472359334602452	0.00177334955218214	0.0384462182913089	-0.359723403594846	0.00136790268503162	0.0525817911551161	0.363056606482178	0.00131449477252994	0.0398020204866607	0.369031587322635	0.000490223861503051	0.0255482050898705	0.392820969012413	0.00154942328031311	0.0379994306755522	0.363953926857672	0.000555598051057915	0.0700311962031139	0.38933621014207	0.00614836716452454	0.199545808573192	0.317791774428148	1.11805132993623e-07	3.56461071073788e-05	0.567260605947213	0.000239685447114519	0.0118099556669154	0.417308792648982	2.03199647412176e-07	3.44169402804373e-05	0.557577919307513	8.82468381950488e-05	0.00455521774302061	0.442596404314013	0.881314680925875	0.986722902420624	0.0175331706008302	0.929934925181003	0.998823757686294	0.010471500010394	0.000279895916269606	0.0266146643189696	0.407971525118132	0.0134560801894799	0.383371213428542	0.288074666416227	0.921682731805672	0.994207283659295	0.011545905190175	0.130623183804336	0.602374241058845	0.178581840156129	0.000810321225483988	0.172943051734572	0.378593342302916	0.0715371719630037	0.972745479191146	0.212167947754978	0.00306722840531658	0.0848182548817135	0.33747491446305	0.00841000835048489	0.16758178404275	0.306257836107407	0.00434862293026398	0.257473388499932	0.431298072973109	0.211764612578816	0.853305838410709	0.204488654170996	8.76330140954758e-05	0.00913405646918228	0.437252030524417	0.0026638413505236	0.0825029721133594	0.346614437277637	0.000876985032967043	0.0349504329314807	0.376295911926218	0.00409573397274806	0.0917465485320319	0.33212770998776
NPTX1	Q15818	Pre_only	Depleted	0.000765606942354435	0.0176522959161721	0.392953317758096	0.435110628561802	0.771705643109611	0.0947810635655493	0.0901443710533985	0.558603353168201	-0.202620921395945	0.246973816911788	0.773756570599685	-0.14021513227389	0.00214519575722843	0.0494609285911913	-0.358441782852394	0.0273429901300211	0.241680159110501	-0.263796595246489	0.926250605673555	0.966591152974453	0.0111833919085206	0.844484366889275	0.928856792384062	-0.0238721894354541	0.00940776184380166	0.132141206587651	-0.306186297900298	0.243344027715376	0.773928327014131	-0.141286790850007	0.010775142161082	0.135744574441673	-0.300910550047701	0.283292589623968	0.759623180822482	-0.130038268717132	0.133542221205125	0.616970110822923	0.17978723789709	0.0917732789869309	0.74904303017686	0.203080185354895	0.000637044338932387	0.0409720095881777	-0.395672203119134	0.0359688199280104	0.378623810576685	-0.251161787981953	0.309842423917075	0.965886331700678	0.122240981248778	0.679265447909896	0.870086349419175	-0.0502928667507348	0.0830992254004855	0.972565265309277	-0.207106714741711	0.939636332647223	0.984556385426171	0.00921686870597236	0.0702728054758803	0.48379362417761	-0.216114654474416	0.257539253951084	0.745394824330967	-0.137155822532497	0.882489731838715	0.979475433521263	-0.024133294514272	0.664080728902221	0.861929528113133	-0.0717872106224906	0.000525914557138534	0.0252026505420898	-0.401172577517711	0.00192342552592343	0.0553041410041985	-0.364458284783529	0.0321337747555018	0.252523940522336	-0.25460905910922	0.0375695671220124	0.269308741184372	-0.249102740651535
NPY	P01303	Both	Olink	7.15149956177681e-05	0.0034000989144588	-0.44486714909976	0.000254686499896634	0.00852099277431949	-0.415706417569689	0.000574315161134229	0.0311278817334752	0.388407444769004	9.01434513432592e-05	0.00588647597928271	0.44207842987151	0.0903546466419496	0.458886575026506	0.196939593980768	0.0386946130177887	0.274150068701196	0.242533650475467	0.0163256099246519	0.258348014016677	0.276521503583429	0.0131008255183957	0.294384138931641	0.289140178285011	1.97599597361495e-05	0.00145201185336778	0.471278588576976	0.00146574171826241	0.0456457356370542	0.365677603931041	7.32673361554249e-06	0.000522511792055794	0.492089922243835	0.000252407278624441	0.0106782112594071	0.415944204082678	0.355910128887545	0.797461612795733	0.108103229670337	0.477669166110979	0.998823757686294	0.0844142814269186	6.4400941265793e-08	0.000174526550830299	0.575933880564118	0.000539259076666204	0.112414776751186	0.395214746269168	0.0511005590008256	0.780276958842064	0.22611125043233	0.101679188243688	0.571694803043412	0.193094270517171	0.336536494208182	0.804476356713032	0.112507145375997	0.936201288712259	0.996533343556533	-0.00953291059967766	0.00116964269522176	0.0454119166852395	0.367783592520758	0.00186497067577783	0.0716140214167276	0.358129931942587	0.0969437053328928	0.740049130851097	0.259543598351017	0.375591354336357	0.899537159717527	0.145866158226005	0.00521960785370009	0.114073687770381	0.319396492143077	0.00569082108588907	0.123148676495044	0.320573056012126	0.0299496356923038	0.25523117209479	0.250847938788135	0.0213030897008658	0.241049574485788	0.269147086376935
NRXN1	Q9ULB1	Pre_only	Depleted	0.0015901567523388	0.0318552713337379	0.368036194149896	0.745387538790484	0.916377801806717	0.0395085457075234	0.038820473068886	0.362126855650219	-0.244066434013653	0.451616954184796	0.910311360413657	0.0914250023836239	0.000193909543021635	0.0118478730786219	-0.425579821961621	0.0620852508334973	0.387129958553477	-0.224181333239013	0.308481181432656	0.556815367371795	0.12170439397211	0.617714495244055	0.81826245332058	0.0606906567083192	0.0019902503965811	0.048558455374888	-0.358442407486102	0.343764787448621	0.832667136297751	-0.114851542876208	0.00222397471941508	0.0489675154436977	-0.354857366812671	0.816204621555395	0.973075168332383	-0.0282843347858478	0.100021123777294	0.558108736328099	0.195382177188491	0.381801214328388	0.947987590763998	0.106148094464702	0.0121047108972975	0.18667011752241	-0.294268881869062	0.424732788849274	0.870437521733354	-0.0969279101000958	0.0095681550457659	0.407467977102423	0.303433617071547	0.937141429729846	0.978792159940062	-0.00959857068086327	0.409850533220454	0.972565265309277	-0.0986166590369683	0.971603538689722	0.990153767828232	-0.00433267377139571	0.0420025197139457	0.37465021233899	-0.240331061698854	0.142893671196843	0.621664670557419	0.176913823184579	0.695845090614631	0.950228349101605	0.0637715003001101	0.195383720697701	0.538620650834932	0.21186664594558	0.00495581288980512	0.0961270373228866	-0.327687817241475	0.0182824362113106	0.209700856294754	-0.281397235363406	0.00114453916802836	0.030404931811536	-0.37572188688002	0.0319776774038361	0.244473926818668	-0.25665006768774
NT5C1A	Q9BXI3	Post_only	Olink	0.462750674664369	0.877481463093593	-0.0866783719955285	0.00228401344174221	0.0476445069449752	-0.351635324857502	0.691532426424469	0.988031781581781	-0.0465731458480081	0.0152597297444841	0.185886267532321	0.283013102155562	0.498111503418435	0.81364613894771	0.0794372915508187	0.0192631919710357	0.190871116056698	0.273400552973247	0.310673685589052	0.689537827965872	0.118643254856449	0.000124545749509865	0.0232357987219363	0.434099532294723	0.558064616751312	0.90021593464918	0.0687069590797445	0.00726512237373623	0.136252468047233	0.311701018274798	0.715116645520986	0.955604590415124	0.0428460358590844	0.00732289508929387	0.121006376170649	0.311408900546575	0.778614879166919	0.956069924124309	0.0330070047331459	0.609364068624078	0.998823757686294	0.0607998681270323	0.352012284932008	0.78363152811005	0.108977048128323	0.00557312942266431	0.281873088307955	0.321320320472027	0.319786603379352	0.948477216863311	-0.116445161417215	0.777823446738026	0.945315239120499	0.0335944421245759	0.178499288722738	0.716435493527094	0.157023980381324	0.00376877460587196	0.9600628949349	0.334982842169816	0.996074776069408	0.99893879180731	-0.000577765925584088	0.120831004742907	0.626145824916227	0.183186955305755	0.484732546391682	0.945677935968425	0.110825199943337	0.164078920438082	0.815299395717965	0.227281908057293	0.146771909949137	0.554744596878886	0.169181480844405	0.00446312195209684	0.110231053864512	0.329151659651086	0.94776070830822	0.981615061591093	0.00769462123043255	0.00659052701427262	0.125635828776509	0.315272235984991
NTRK3	Q16288	Pre_only	Depleted	0.000542226495224672	0.0136618716941144	0.392514427919127	0.264657230018355	0.643218800507937	0.132261942780264	0.0299578613360634	0.321127250462013	-0.250835776623853	0.366623530170239	0.864359744421387	-0.107212089226242	2.0860455516331e-05	0.00212428972007971	-0.470101726614991	0.00816888609489159	0.11466665188227	-0.307347721173755	0.145690072814236	0.370456267746005	0.169629166245875	0.0039753944705164	0.167514898033484	0.333154186010193	0.00757762684386255	0.12019648355984	-0.30604728476676	0.284742209647073	0.79359620343914	-0.126885207780488	0.0202625961142982	0.197297947822091	-0.26764290865147	0.264258840688703	0.743313417959925	-0.132371316153644	0.218381600106293	0.728137286029713	0.143800743588868	0.244871432269556	0.892056923864685	0.137834962537786	0.0177770539122543	0.234849296008375	-0.273053732494807	0.136851631409518	0.674949317550926	-0.175787638292031	0.0594193288574119	0.779422701763019	0.218700302737743	0.634462652515759	0.847401508676802	0.0565797484207256	0.318301232504536	0.972565265309277	0.11680067079791	0.629680148975478	0.884686334057652	0.0573783671697557	0.205576470293966	0.721403560898319	-0.147843076088221	0.322575415805971	0.784653676878709	-0.117400005542653	0.904689661757283	0.979645837821806	-0.01904940059905	0.437941797764469	0.746414642829177	0.127855963367559	0.00243765018865375	0.0633789049049974	-0.344969852903234	0.282014826617102	0.798826262203464	-0.127600163487022	2.47607597990466e-05	0.00263109986734216	-0.466351080114454	0.00254760319260927	0.0525339278372037	-0.348078966758767
NUCB1	Q02818	Post_only	Depleted	0.0226442279244652	0.19350522044543	-0.264733414813628	0.000958153197982518	0.0229328819077706	-0.378572423867678	0.0627188418409893	0.470198924722018	0.215993896197513	0.000309419567217231	0.0306529470276965	0.410513485894727	0.0781729387777948	0.421839583706258	0.204666080409885	0.0372619094424151	0.287636069364798	0.24429255075507	0.832522226769374	0.924856510101977	0.0248315092213119	0.585285877695244	0.794898250096576	0.0649200917618565	0.0136788806135095	0.168844364744531	0.283593409895656	0.0239359958312115	0.268346668860004	0.264143048732179	0.00613954332755298	0.0943639015139412	0.313655922804714	0.00371495182942285	0.0691805912458835	0.335473813372989	0.540888834611934	0.900985169435004	-0.0717199997437411	0.0486470687692504	0.622478722890304	-0.231615958892318	0.577943066368725	0.931793254419015	0.0652743517607217	0.381946382778329	0.850553556242928	0.103846217165756	0.841680513639346	0.99888991109689	-0.0234552765656697	0.0286079074684364	0.303725209054975	-0.256312984541204	0.187695074022687	0.972565265309277	0.153799859536752	0.0772522661751594	0.565678019554408	0.20811618452291	0.0539008870759189	0.418632116828551	0.223513144276818	0.000866778075664082	0.060525874769229	0.381537568239649	0.795217523911969	0.966958091061786	-0.0412767259050883	0.364086735042284	0.691397032201509	0.149375458845385	0.861433346053815	0.98437216816074	0.0204974422734004	0.607260433977533	0.969683993344624	0.0611569329390548	0.0485514178405269	0.32688613003374	0.228579875826241	0.0944180113372714	0.443764653285176	0.197232087357249
NUP93	Q8N1F7	Post_only	PCA	0.00128273098404069	0.0581290909363697	0.374745867041319	0.000151553773512383	0.0097689036509857	0.434751103929074	0.000351798821704713	0.0484922203266074	-0.409700975553429	0.00202968171515596	0.0942052581108067	-0.360237697084338	0.122655467602256	0.694023325614717	-0.183592446477518	0.00233266408717722	0.0962381969726724	-0.355703850096356	0.265781132770344	0.613612931882496	-0.132891463837384	0.364730260268381	0.827328024391768	-0.109184482908315	0.000544302705621681	0.0336814514238696	-0.397546909745442	0.000307111287438042	0.0197958817361105	-0.416122007496669	4.45697808172125e-05	0.00492496078030198	-0.46171757744385	0.000171440917706654	0.0115312652040085	-0.431575519307172	0.723109312120155	0.932229195780046	-0.0424800091168671	0.352636586638058	0.832580593482538	0.111949680097048	0.0792360160256747	0.69465504794758	-0.208215311050796	0.0151954601740448	0.421892804822329	-0.287115323630296	0.124851822668636	0.74954093946137	0.182540236441201	0.549325420690427	0.888110424147391	0.0722505553416755	0.184707097180073	0.938327477829421	-0.158099607367128	0.326740731816669	0.801462241998808	-0.118075729786477	4.86846934828291e-05	0.0251050736059789	-0.459657940576322	0.0196634666818213	0.354848068124616	-0.276332313912089	0.504907410205512	0.993651446499619	-0.110026440066558	0.706279968702175	0.960783780636426	-0.0623141112601904	0.213784361883396	0.764334702305102	-0.148299387717518	0.000258775193760487	0.0363932022497703	-0.420738955579591	0.104647735027022	0.612830688355851	-0.192815555884702	0.011742242407287	0.204103921394079	-0.29752056255578
NXPH3	O95157	Both	Olink	0.00194559291485834	0.0437957540342854	0.354446538580091	0.000818989886598679	0.0214440830210862	0.383203186622017	0.00549986383179807	0.135841965930206	-0.317558766865618	0.0747686138032138	0.447785510291071	-0.209846496529863	0.000755523756045503	0.034669284810599	-0.380614250102073	0.0307527026140372	0.243572436698094	-0.253075573542225	0.484701231446331	0.811704433761384	0.0819262432802362	0.765768643025191	0.97925477989509	0.0354694431591043	0.000317478551260519	0.0125144216777435	-0.40462764380592	0.00118133984703483	0.0405244428539798	-0.372286477438751	0.000237589975149846	0.00858491776874777	-0.412269080005047	0.000790172275735042	0.0243337144004769	-0.384250768360155	0.289260604955189	0.752660815581914	0.12397829601018	0.415622713889368	0.998823757686294	0.0967217600944478	0.4052662748509	0.81237640391846	-0.097508723852326	0.377150342911375	0.812091606996463	-0.104890809490037	0.00120418245875085	0.293486566828483	0.366910378417772	0.00119091193839844	0.399788466877322	0.372041703624905	0.947861480979956	0.993503122216106	0.00767975709568423	0.713029603719483	0.989266089312206	-0.0437816092117604	0.00318659572064489	0.0853345154129437	-0.336211572858484	0.0160202277313492	0.248084669439751	-0.281032435691242	0.271894687669466	0.87302678149793	0.173480528980944	0.614268530045343	0.959216254049466	0.0832718452803844	0.0128167851562201	0.189800479635828	-0.286153521900197	0.0346302911503574	0.290841973409624	-0.247675722376572	0.000569744100094807	0.0256870178271403	-0.388631690797133	0.0214498380455843	0.241607544201801	-0.268854694760692
OAF	Q86UD1	Post_only	Olink	0.00525660582199272	0.0882068221523236	-0.32125413787495	0.000144163720964022	0.00558119548303571	-0.430423116586884	0.0217683792404044	0.318017831490544	0.264635332866588	2.41520016722195e-05	0.0026180769812686	0.472682143523655	0.0625062289538366	0.389904052400627	0.216164766847939	0.0133020273665321	0.153724921805126	0.2885336904666	0.814721153224615	0.949731189157553	0.0275162755380896	0.061668308583084	0.523070786416769	0.219822266440842	0.00107028104344943	0.0313563419215994	0.370432458005725	0.000553192109633373	0.0228877956810144	0.394494324798553	0.000513959659016105	0.0147389489516788	0.391509227895723	0.000159606052597253	0.0075882877638343	0.427840566994195	0.25297683602888	0.725570078352126	-0.133651036834859	0.551864623325874	0.998823757686294	-0.0707698523426025	6.48583506367147e-05	0.0113397503371288	0.44442386663549	0.0090867745237823	0.346833224780987	0.30333866762613	0.696113624767327	0.985140774904654	-0.0458456648119268	0.137348157527558	0.609060177507492	-0.175569057697895	0.0275799781229759	0.485335978657563	0.254474877084306	0.0655753726837152	0.972745479191146	0.21668143897747	0.00295981983892997	0.0827992770216415	0.33864979028521	0.000212676610547267	0.0188968398223965	0.420441337635697	0.012220303196246	0.393232744490676	0.383313889961422	0.0164663751006348	0.554333869847459	0.381799984934512	0.00562561415284877	0.118181506621862	0.316760962326369	0.0216795276762122	0.238544652008248	0.268400448920896	0.0111989187479988	0.166073154038883	0.291390239723328	0.00673822865552548	0.126777504633132	0.314463711635618
OLFM4	Q6UX06	Pre_only	Olink	0.000632914587815546	0.0183443693366859	-0.388142577514102	0.00760799216716283	0.11295407047266	-0.30999632018565	0.000615592764639611	0.0322478568212072	0.386453026990246	0.00513392819613453	0.0943250536374548	0.32423797270049	0.219326672822854	0.6220568114599	0.143509104504398	0.31207211260885	0.676821880952378	0.119957525256457	0.12041224951434	0.477770419010047	0.180885597939716	0.246692923448718	0.829495821107541	0.137309335836676	0.00335840483918812	0.0736945515319822	0.334465407136315	0.0863122887832919	0.523370945588288	0.202157399308769	0.000256973272837913	0.00873924765286301	0.410219551805929	0.0193967535183978	0.225118638264916	0.27311056230745	0.188303845295366	0.694290368367947	-0.153590494246698	0.0562865359817519	0.788302390235389	-0.224424044855929	0.0563191249659819	0.408950174857238	0.221356886926356	0.550156258335171	0.882380583971057	0.071073307262511	0.0754214718652275	0.862414298543318	-0.206542635838252	0.10138876689295	0.571694803043412	-0.193255263347512	0.0301287554747042	0.488610276316173	0.250583731814213	0.111380889486809	0.972745479191146	0.187910760044135	0.000219584166109194	0.0165298080598865	0.414315541702898	0.0100838436929397	0.191769939704328	0.299366459998777	0.0714013479954405	0.685916393024102	0.28104048161439	0.292583161058182	0.881729547960765	0.172882053787443	0.316237066751089	0.711500581897427	0.117296480987123	0.481462516540702	0.775260499004933	0.0836911573198977	0.150906513916747	0.5065468497283	0.167492921593647	0.263488925369114	0.650027298816841	0.132583003608578
OMD	Q99983	Both	Depleted	1.50429720052444e-05	0.000993649285968038	0.480045298063049	6.33332591846839e-06	0.000533746501542647	0.501052930272825	0.000129507065561381	0.0158257634116008	-0.427699030441895	0.000363538444348235	0.0306529470276965	-0.406149069948061	0.00460986101587639	0.0761250021810938	-0.323717396944006	0.000825579549029707	0.0262041093224494	-0.38296834633401	0.75133824437975	0.877758446110951	-0.0372017751233257	0.497850371578094	0.753018488655622	-0.0806013054570125	0.0118846759263764	0.156318794363654	-0.28909524523586	0.00349986902061641	0.0756962821804115	-0.337501209807216	0.0021449361871305	0.0480937985444674	-0.349065972408524	0.000678360599061624	0.0199748590856218	-0.38867452461676	0.0751633884428733	0.497634102979936	0.206721444339855	0.0340023261278519	0.54826290920971	0.24851465568039	0.00618432613978823	0.13634117817742	-0.313396343707997	0.00693947362080212	0.156928807795411	-0.313386818337416	0.168713385153972	0.897472591817976	0.160590836653869	0.227462695477205	0.599050460933501	0.143000209818723	0.51797709708852	0.973602195669769	-0.0758133678372422	0.761784247789721	0.935316878930542	-0.0360910515872875	0.000166214266180484	0.0215250859956887	-0.421443294730226	0.000465126325773517	0.0421025459329806	-0.399359608700325	0.612489478884777	0.923403798997098	-0.0804594483815326	0.61833062597774	0.840998637306042	-0.0823214060457495	3.15985443607004e-05	0.00594052633981167	-0.460938405392145	7.0854078817726e-05	0.0064136062455749	-0.447895349992684	0.00123080971090543	0.0316641992995039	-0.366252535267515	0.000253119048450282	0.0112476900802271	-0.41586973573241
OPCML	Q14982	Post_only	PCA	0.0556503062534065	0.438497812814165	0.223452948246085	9.17875989350315e-05	0.00676168645488066	0.441637492177471	0.516103198763293	0.93695430918968	-0.0761521344651581	0.0602314244402945	0.533994453669094	-0.221017940131707	0.00217844028806738	0.106383826697865	-0.348572551704848	1.30739457370502e-07	0.000202253940552166	-0.571248824335654	0.0542816073236307	0.278656802853093	0.223168497514221	0.635020384631716	0.925064980298006	0.0564867771873704	0.642117350858028	0.929238112046182	-0.0545396763881913	0.000586210355035356	0.0291816093300612	-0.39285099321257	0.543970371835978	0.917690474624054	-0.0711760505479503	0.000628450260609427	0.0277775015189367	-0.390867468199282	0.322225857028468	0.782663112165013	0.115863636109061	0.278351827079656	0.767576250431779	0.128567641873692	0.353353968297032	0.842887098826449	-0.10867559681656	0.00332881224163442	0.27095887599481	-0.339194426586185	0.0751345113195048	0.680737313876865	0.206741481859895	0.0547809382305124	0.476730995915246	0.225775393053365	0.625585097557127	0.971919784765646	0.0572590963083781	0.518909710341846	0.869498848575127	0.0767072962889334	0.243440748997872	0.848687997660575	-0.136347693865923	0.00985698420233166	0.262909561396674	-0.300239100571573	0.279741447522556	0.975539834418185	0.170710323296606	0.672497367408594	0.960621816603043	0.0698805953830206	0.407775099981832	0.892544843466447	-0.0969912818064301	0.000334480229225169	0.0431200762176113	-0.408412177236097	0.00324110786998924	0.122292533533496	-0.335648631452542	4.60377094465928e-06	0.0023740112171293	-0.507455893391334
OSCAR	Q8IYS5	Pre_only	Olink	0.00203796899560525	0.0449015933178067	-0.352973957436238	0.416358432475847	0.849987393513244	-0.0965699577836297	0.00208868924939456	0.0699634592614139	0.349910107836301	0.151929002512211	0.61453792329049	0.169399996291223	0.000841340093278122	0.0370736854111172	0.377503791124513	0.034095565854727	0.256627787875317	0.248389276677978	0.471450835847382	0.806491142230796	0.0844216765086242	0.78839250338564	0.980002514753334	0.0319572349136113	0.0193153057063345	0.230757594575752	0.269634322928326	0.777861299979588	0.948699735621565	0.0335885675100182	0.00954128615593682	0.125824260255906	0.297488620168404	0.694242622069528	0.93847585730161	0.0467917511423959	0.818134177079134	0.967346269644054	0.0270004710247227	0.956663606581772	0.998823757686294	-0.00647175145185227	0.160099701070128	0.617700533889981	0.163858487545114	0.722452670618149	0.941945167881151	-0.0422821821201544	0.388190247178016	0.961165436137434	0.101081791765964	0.778852976465692	0.945315239120499	0.0334346932610124	0.0858631083997683	0.611534885054854	0.19968651601453	0.710034677726392	0.989266089312206	-0.044259588408142	0.0440381359347761	0.373628816687485	0.233225184272648	0.869877698661887	0.991763099880904	0.019507840209029	0.981793963008962	0.998992319160134	-0.00363074442276433	0.911236767746061	0.990804646694137	-0.0184496439975335	0.000180722879603652	0.0144768316085113	0.419317743187358	0.111396482943905	0.460943482773291	0.187902715385801	0.0107682777886939	0.162708286409625	0.292894720973491	0.449901692300403	0.78462228540909	0.0898049314969597
OSM	P13725	Post_only	Olink	0.0693504416547417	0.435549703092352	-0.21232137113972	1.49928486158314e-05	0.000962253875501051	-0.483079301371235	0.131773052412834	0.728572328916354	0.175624366315636	0.00530592571154836	0.0956810016631404	0.323070029523732	0.0856898725206297	0.449796237362265	0.19979471662709	0.000326372779119638	0.0137127167661119	0.409075724220247	0.363619179928265	0.735667816878454	0.106392237927169	0.286264927022568	0.860540841491423	0.126488014388796	0.0206061122923987	0.235126814189985	0.266940392721242	0.00104568077336659	0.0373777893267729	0.375963412975981	0.0301680608946388	0.268050639424496	0.250525932084526	0.000469617504867066	0.0167720133229043	0.399091907540023	0.0930231953824419	0.596760948914289	-0.195358183611856	0.0446255365560704	0.719852405160421	-0.235782647343824	0.541433463209664	0.877300260267975	0.0716237526547259	0.0229368449318048	0.442404905487157	0.265984157643286	0.587758776413986	0.976079072595515	-0.0635995689801726	0.151820866474365	0.628144348313786	-0.169444081966632	0.109547219001611	0.637724103575245	0.186286265498713	0.0376074501323158	0.969759868974114	0.24386325259992	0.238297924829812	0.739733535267801	0.137832241837943	0.00567609443669063	0.133179358644429	0.320665809670537	0.0819443065687796	0.710641854213142	0.271538661523196	0.274624481706721	0.871466446633741	0.179347958212339	0.0313074570587892	0.301396833496692	0.24887733268038	0.0204184969418768	0.232008917033485	0.270946901028718	0.161978306990755	0.519480724195204	0.1631349583726	0.000380787676189798	0.0173434386970479	0.404882792959919
OXT	P01178	Both	Olink	1.28470403180082e-08	3.16504356925474e-06	-0.603229962861448	5.43910579158611e-07	6.85580311404575e-05	-0.547268962473981	0.0096777243266429	0.196454179214998	0.296953124963083	0.00141173758470986	0.0422741309896543	0.366837729002777	6.87132524513671e-06	0.000973752251114863	0.493390404630609	2.41424480749337e-05	0.00214511587813346	0.472690912423399	0.668664056984949	0.899424603378751	-0.0502316002337191	0.805943992653996	0.984085795702245	-0.0292512674235868	8.30377725469511e-06	0.000703226136256992	0.489537699524903	0.000121677076898125	0.00732766396430931	0.434681342060743	2.7060986896173e-06	0.000226275764430601	0.511697522989331	1.51885484117849e-05	0.00109762576522499	0.482800930340079	0.000492709817302047	0.0651338343848072	-0.392680898189268	0.000665561024604453	0.112729398542379	-0.389222542255521	2.16555936703534e-05	0.00677141479579827	0.469286898529981	0.00412150229500541	0.240035581773792	0.331911398035161	0.12230768581391	0.885056952084638	-0.179982192717812	0.217748720030592	0.694323868338032	-0.146002990347344	0.0657300793621814	0.569801053960441	0.213622790662824	0.295276220649572	0.972745479191146	0.124165534995467	0.000355613105599115	0.0207447430753433	0.401586869199553	0.000133976798265683	0.0142383185607843	0.43227021264395	0.252871836322344	0.869630474671362	0.180423079340931	0.634597665334912	0.961017364838785	0.0785410274051499	0.0104256491533977	0.170653503827559	0.29412960971642	0.00738607184162856	0.144052713917288	0.311091765386379	3.63786982657368e-07	0.000179247767818449	0.547833959250283	3.36237906317366e-05	0.00303734908706687	0.465263639047951
PALM2	Q8IXS6	Both	Olink	2.10318853960264e-05	0.00129537294143708	-0.472802014472288	3.7169354941456e-05	0.00190054626210087	-0.462981605774547	0.00849362443966433	0.179825954933518	0.301839421096493	0.00769716461741847	0.121984304755579	0.309564027897496	4.49297057370524e-07	0.000202932504245687	0.544223991204841	2.54462758460413e-07	6.89594075427719e-05	0.560281064443736	0.0229110155091062	0.287609612528629	0.262469276673138	0.00436291023512827	0.176576108032754	0.329941211735205	0.000257751133350756	0.0107115993911778	0.410140302104241	0.000265815356619427	0.0127497277245778	0.414572692120659	0.000296430097083462	0.00945088897760214	0.406452614609001	0.000355793695373165	0.0138733944526802	0.406735591032769	0.88690958114643	0.988337131293631	0.0167010296589057	0.600901193672315	0.998823757686294	0.0622396404693346	0.0098581956577226	0.182984316660467	0.296254840287127	0.00997853019415953	0.361652291252137	0.29976940890364	0.775570801229345	0.985922537573798	0.0334730047452219	0.668401685699967	0.908825414228195	-0.0509810118676558	0.0205523788921021	0.461938422315246	0.267049618417593	0.0939011344922526	0.972745479191146	0.197536017319611	0.0193277628138911	0.253034962442729	0.269607598506534	0.0259918154187316	0.312362837182983	0.260551242223174	0.00356116753203269	0.243848753635101	0.439837656202548	0.0219441736623766	0.577647010124927	0.365981801509942	6.74501985940605e-05	0.00770320338170838	0.443499112312921	6.84806421396797e-06	0.00183683308215375	0.499464339104448	9.92162267756436e-06	0.00153643414035425	0.485872881668107	1.24029957536863e-06	0.000203709809045393	0.532498352589844
PAM	P19021	Pre_only	Depleted	0.00109511536058555	0.0234068512405898	0.372139712641568	0.0169650306339244	0.158860286855598	0.278681455920295	0.00431659520061197	0.103063304539989	-0.32597916269601	0.0238223533806734	0.291109158311829	-0.264349128540358	0.00480019676929867	0.0783824833146701	-0.322316828197085	0.0359776506703656	0.281824930251197	-0.245917762760383	0.325837446986724	0.571038989120075	0.11500776351156	0.0695470220250101	0.392547163577655	0.213639823546495	0.0612674755868194	0.405818208679797	-0.217169787344446	0.0853811089254917	0.51019909587751	-0.202746302245938	0.0174630808929776	0.185889525823389	-0.27378268993573	0.0284008092419856	0.274370599787104	-0.256636300833786	0.0334097016054988	0.35756555604704	0.245963524228388	0.11026783421643	0.76549788973229	0.188487245910454	0.0948562092118611	0.53710658992476	-0.19429246334331	0.220463584942376	0.744702916609183	-0.145154471510223	0.343949317417296	0.97192497182421	0.11080386267775	0.987301196417198	0.995337487308159	-0.00189557368449661	0.447177529765684	0.972565265309277	-0.0890937837641174	0.434968897727209	0.786632278897307	0.0927800453077694	0.00335860596269638	0.113961670993306	-0.334463410175054	0.0170965708784297	0.271324800174559	-0.278363116274029	0.703939670375214	0.950228349101605	0.060405835072488	0.0336992001449545	0.34992289424809	0.340888261668784	0.00943414997393328	0.133262418991274	-0.297913817189772	0.0622796143927956	0.410273254921813	-0.219320417298016	0.00845930974474694	0.110559107038297	-0.301989712112852	0.00974221421906438	0.123415293913995	-0.300687266328347
PAMR1	Q6UXH9	Post_only	Olink	0.00672321448422943	0.10633594918513	-0.312450013884712	0.00109763271727315	0.0274155268553938	-0.374506935603394	0.0211225326630329	0.314516832509995	0.265902861814629	0.00104056129470447	0.0337715102832228	0.376110463230783	0.142966392257166	0.533601470842997	0.170767424487926	0.012264747589892	0.147721826467146	0.291750103207017	0.284943605829672	0.662545835948873	0.12508501377873	0.0605391439423989	0.52165685241304	0.220759946491181	0.0163081167825605	0.210452364193995	0.276564889153108	0.00709848468474576	0.133746971102113	0.31255517101829	0.00354809105262902	0.0651886559499976	0.332627745552072	0.00187303701410192	0.0471347310933068	0.357993035480295	0.211524270744843	0.707797263691103	-0.145943946544434	0.16661031782521	0.941738228431278	-0.163619451909717	0.0291922053277651	0.31455616874053	0.251980094047625	0.0573174151791279	0.551222154917721	0.223515673038283	0.0428793481942731	0.775896165174687	0.23448107846949	0.346924094491176	0.780603971637426	0.111668213152056	0.337004932601825	0.804476356713032	0.112398816170994	0.703130137678293	0.989266089312206	0.0453642112557374	0.00678571662372313	0.142552651552633	0.310061965886439	0.00282681115951265	0.0846481573732518	0.344654537497941	0.181183124308682	0.82184311615373	0.210353241838069	0.0837168346163728	0.749730711594155	0.280480110625901	0.0918715758834759	0.47011185435699	0.196036208345359	0.0471124967624868	0.325915148923443	0.23317121290985	0.426045266904804	0.742507538096242	0.093277582182516	0.0773629629863017	0.404736736858837	0.208040103521928
PBLD	P30039	Both	Olink	5.30224181605185e-05	0.00266353323085989	-0.451923897104513	2.49549256049445e-06	0.000233199477204826	-0.519397667471558	0.00849327297269095	0.179825954933518	0.301840957749613	0.000287668749381354	0.0136768826460258	0.4124677349357	0.000925662356796579	0.0385929997987497	0.374716466823693	2.48445571970814e-05	0.00217189516142228	0.472054917593315	0.758732477048148	0.93106342500344	-0.0360602593383757	0.19484596366382	0.785178530154576	0.153477587296189	0.000474633803740231	0.0169244422123161	0.393714469643293	5.2536228581416e-07	0.000135593504243464	0.547875474132864	0.000379388252316939	0.0113606868925846	0.399838962986964	1.56272895970729e-06	0.000211508371295879	0.528228638463702	0.10598499875935	0.613716552644954	-0.188146980441701	0.747836710034766	0.998823757686294	-0.0382747489308746	0.0532328947334258	0.40060288328108	0.224122682540307	0.0232010461016974	0.442404905487157	0.265490795566408	0.629392633068945	0.979979336751991	-0.056630161836068	0.620992938474247	0.897854726997753	-0.0588355610825741	0.806198008633866	0.96939022872023	-0.0288066614024335	0.648332878628615	0.987237121388611	0.0542774965647084	0.00814450112878347	0.15709322461924	0.303394003777851	0.00399560425521728	0.108280875316388	0.332979888035533	0.412299502310916	0.928299496902653	0.129888820363049	0.0373288466915528	0.658898787883268	0.334618659014935	0.0135601584437099	0.193048641104658	0.283937532525531	0.000116659157516655	0.0119300496932126	0.435730174191074	7.3753668670273e-05	0.00644749813214322	0.441380617390002	3.44910070812044e-07	8.901964684768e-05	0.555137610480375
PCBD1	P61457	Both	Olink	4.94118516039864e-07	6.22819152775829e-05	-0.545736884330649	1.54460865076017e-07	2.29607188928683e-05	-0.568539854532433	1.75480842925944e-06	0.000679361549041869	0.519858937213592	7.44083817337806e-06	0.00116944174684231	0.497767850864616	6.3102007419859e-07	0.000263086830935104	0.538326070709996	1.40636212713193e-07	5.08165515270337e-05	0.570066253460891	0.159015125314725	0.528749680494361	0.164279068205016	0.0442093955669614	0.476331967983401	0.236231282890464	1.08767492401031e-05	0.000879880311662071	0.48396398486469	4.13057831417216e-06	0.000555648643409062	0.509604046202472	2.05882373866951e-06	0.000180298240257802	0.51687302920056	1.06617040314438e-06	0.000152069568027435	0.535262240677229	0.0131423084545518	0.368949480328642	-0.285169799134707	0.0508141614481887	0.744358797430224	-0.229486923676733	0.00133704782947577	0.0669099577778577	0.363749795315427	0.00201643187940327	0.184895287334209	0.35564385860992	0.20505878215247	0.91381606636525	0.148010211761312	0.785739334375834	0.946414087652826	0.032367658184869	0.0127321560396301	0.447450095820685	0.286412811692582	0.0472428950991887	0.972745479191146	0.233037449856844	0.000168172733777883	0.0138105487435777	0.421146621976978	0.000231060440943707	0.0193409931277436	0.418272288610221	0.0619029692127904	0.669775636308825	0.290600901870749	0.170387115973679	0.820389197146678	0.224016229563607	4.04462901473992e-07	0.000391750444010019	0.546026844827797	6.92324785006132e-07	0.000436112540237504	0.543018179291193	9.16229282772259e-07	0.000261366458559244	0.531718475862818	2.21301155568875e-08	1.08672363517226e-05	0.598679381137716
PCSK6	P29122	Pre_only	Depleted	0.000110536383851482	0.00416602364792874	-0.464468350743092	0.249660262369395	0.628235371886941	-0.139428914361436	0.000310649533976613	0.0261802572772015	0.436545316331864	0.0871618945081518	0.512494325579178	0.205961507297524	6.23311289477781e-06	0.00117182522421823	0.531431319765546	0.229924886542507	0.696625828534919	0.145347060738061	0.239301411745299	0.481756713595973	0.149207491660879	0.964388550588427	0.989023828513786	-0.00543416475204472	0.000327271790454507	0.0133308709311802	0.435071062172573	0.882258215782261	0.987960488666151	-0.0180253133584433	0.000417714577882823	0.0145842061192231	0.428079494254435	0.781425080876806	0.968740686072147	0.0337615449176927	0.90168899963996	0.981373983803967	-0.0157504772948687	0.274043472672821	0.904027798876782	-0.132542611303384	0.0341360016796681	0.329246532251624	0.265271701635394	0.997316832923915	0.999714826160742	-0.000409308357227595	0.380191772527252	0.981380535740747	-0.111548513191936	0.422564387025872	0.734528706892768	-0.0973802452057472	0.167012372897435	0.972565265309277	0.174845654123071	0.850863837654675	0.962267119962437	0.0228813075070381	0.018066597734373	0.234999697666739	0.294742570234357	0.0780702374996052	0.502114895918514	0.212014791205674	0.138237830645904	0.726028012193733	0.263625176436902	0.424283541703744	0.73334439598582	0.137383932141135	0.0185721882947691	0.197639335754119	0.293522600591352	0.838959622294176	0.995961209953122	0.0247315624131212	0.000453029219032073	0.016381603200761	0.425720308445589	0.186212346440499	0.595684521859396	0.159853498721276
PCSK7	Q16549	Post_only	Olink	0.0095402321350203	0.132528909819218	-0.299470082020906	0.00124462755725962	0.0298612433617834	-0.370700232349307	0.00495924636689305	0.127995787183621	0.321183724208759	0.00102675750905999	0.0336207109931047	0.376510248113618	0.194331771906044	0.588631240113396	0.151543297641364	0.129496778239355	0.477139726755477	0.179097902486696	0.214481792183307	0.594017022807116	0.145013670601857	0.0205601847415393	0.353765718409979	0.270654200625468	0.0391764024897808	0.34923700903719	0.238692379994295	0.0318304019279324	0.336297813741508	0.25151998631939	0.007290275517555	0.103930756387357	0.307459471302818	0.00650416357063747	0.110164270477672	0.315752410041633	0.827490257021368	0.968891162898211	0.025589085411896	0.64780894134871	0.998823757686294	-0.0543640962128363	0.303386953408718	0.756026339069082	0.120431016655392	0.0395069255775611	0.5065513561782	0.241560324226124	0.628143057688263	0.979979336751991	0.0568363918744094	0.56173950377611	0.877414441056633	-0.0690245297198257	0.0464100918929671	0.541393024950237	0.230737342687258	0.0244378167049861	0.96907969195277	0.263242854327187	0.00125262610920697	0.0471474549437625	0.365723070116982	0.00134856971171028	0.0599118675202436	0.36824664429582	0.105187792505255	0.752267205394002	0.253550741888028	0.0205302213215825	0.574346380332799	0.369716487069229	0.942649816230675	0.989567085752771	0.00844864964041843	0.973287183389213	0.988238391526702	-0.0039880356286334	0.0364803443637615	0.276057720268738	0.241972018635639	0.0357051714238267	0.302909620564944	0.246268790120927
PDZK1	Q5T2W1	Both	Olink	1.05174558833509e-06	0.000116335940587269	-0.532346898437856	1.06370311230914e-06	0.00011765858915746	-0.535304379327631	0.000151907241845835	0.0117102881971139	0.423713768144763	7.75601259458505e-05	0.00538943439264756	0.445722969389784	0.0025728888349947	0.07558611387675	0.343224595622217	0.000961351662822772	0.0274004056181399	0.378473351690396	0.0701361740988438	0.396696497121715	0.210306588564398	0.0215143159434901	0.361014217999122	0.268726763247425	0.000716389796494321	0.023407577344823	0.382140760670839	3.31877844260625e-05	0.00264526164101851	0.465559555574271	0.000333743658021247	0.0103494757154495	0.403291863875096	1.12807994770055e-05	0.000903531580925766	0.489125328494989	0.535357964288826	0.877302659971199	-0.072700124789731	0.266410233123156	0.998823757686294	-0.131781989745809	0.00847204339068135	0.168817923446665	0.301933879283724	0.045316819319187	0.524822992970072	0.235044961576809	0.966410650196038	0.996961051784369	0.00494553238645791	0.94593516229377	0.988045592528856	-0.00807607755499932	0.0581112318332682	0.565462974032879	0.219807128169365	0.0451972043718246	0.972745479191146	0.235171938361193	0.00416193591039039	0.100970254272805	0.327227458920755	0.000522505979899418	0.0329300280355215	0.396103799748388	0.0755984594149441	0.685916393024102	0.277133905055753	0.03053627865019	0.614945902235407	0.346820622587108	0.000628937435647607	0.031858326179533	0.38584669267432	0.000332043618876914	0.0226046079096986	0.408610037356549	0.000164462011085901	0.0108705378059217	0.421711471812086	0.000113450634344462	0.0074141838417687	0.436422852202955
PEAR1	Q5VY43	Post_only	Depleted	0.00563302571488322	0.0782868660259058	0.32093829602998	0.000258838642151755	0.00832370580814327	0.420732393187376	0.0687181701079861	0.495419491869965	-0.212794047898618	0.0397114297291159	0.366792050197244	-0.244708918508228	0.0125084530724997	0.146014180724833	-0.289020246374912	0.00320249931933655	0.0604727504446094	-0.345125193519864	0.520953997709043	0.73005250596382	-0.0757995192581881	0.810839807969333	0.916005908751429	-0.028912013170991	0.0694344751361278	0.434009865045259	-0.212258810135853	0.0046389969630622	0.092932037522328	-0.332282840255088	0.087118194428659	0.451095057592463	-0.200265648534697	0.00318387757470865	0.0627531999402252	-0.345323120073497	0.397180160785963	0.838196832551289	0.0998771141403538	0.353897153506063	0.939449160023193	0.111658752798108	0.146902072099885	0.646898494075889	-0.170289097022586	0.178295143020872	0.706976152543799	-0.161559547850446	0.270976177150493	0.938053508435986	0.12963351771018	0.172559718991183	0.54487849252513	0.163691236432736	0.288594310916446	0.972565265309277	-0.125006720777052	0.399112348600344	0.77537027130077	0.101614606237203	0.145408170588509	0.629646102093987	-0.170911663602659	0.0375204906854454	0.380035126800174	-0.247396848176946	0.0840109431933571	0.690786689285841	-0.273137478163596	0.557917409479524	0.809442519308035	-0.0980989102273373	0.000127113386294426	0.0129443798376491	-0.43085001205601	0.0744876844756955	0.439729229127052	-0.213019428090984	0.00517091142900029	0.0799854907118779	-0.321833208040725	0.00068495448216879	0.0232503993669517	-0.39356674485369
PEPD	P12955	Both	Depleted	9.84633288903455e-06	0.000774083345674314	0.488976398238011	2.91143082599572e-05	0.00169417546160322	0.468513517808272	0.00150619667129419	0.0594170449735561	-0.360113400216331	0.00270064751372949	0.0795346079379648	-0.346162611818905	0.000230485360574077	0.0131001446800708	-0.413058955491392	1.98731039756458e-06	0.000485698661164782	-0.523724940277858	0.677489666260728	0.835411071816963	0.0488142060625851	0.710027354527471	0.876509285113781	0.0442607580179238	0.0090454848093397	0.128530028337362	-0.299492603987824	0.00221898784650276	0.0542320629685275	-0.352569075395953	0.00380307008286168	0.0682486873763996	-0.330290784043871	0.000866897776734726	0.0232823974323041	-0.381533501859691	0.00401722584390949	0.109160337677204	0.328433346751234	0.0332028605517173	0.54826290920971	0.249601669524384	0.00414178743502939	0.119088570484845	-0.327393104693791	0.00612547207789289	0.149004112139234	-0.317926536205186	0.093406261142832	0.817972152890787	0.195134113364025	0.299334195803778	0.668630227696281	0.123134860174291	0.978965012304974	0.998099788084803	0.00309654438343034	0.45108962293227	0.796410330533391	0.0895706373697099	0.0123789536922558	0.203048072643444	-0.287511357648605	0.0125108379157838	0.226492502712412	-0.290966286329814	0.393805369422375	0.856615967353817	-0.135051462182956	0.994423342155004	0.998977076641471	-0.00115683263347773	8.55908830534213e-05	0.0129443798376491	-0.43781974742567	2.77161892812908e-06	0.00112897277672458	-0.517383052267504	5.97639003942562e-05	0.00456645457893489	-0.446345932282257	2.38238521998053e-06	0.000421187052992757	-0.520283993838747
PES1	O00541	Post_only	Neat	0.00533480024957518	0.116681134463554	-0.377432417109806	0.000346175371923793	0.0144912857080321	-0.465137950280791	0.0966880115054265	0.606825377003974	0.228396093916918	0.00250780565751603	0.0688993471220029	0.399592966189171	0.0384062215587371	0.399159833717357	0.282599331011794	0.000304563868175388	0.0139084166466761	0.468958182767269	0.432906138949341	0.736148668220338	0.10895103596255	0.138748011779687	0.773822794691983	0.202202306920294	0.0191156650031735	0.279682593784296	0.317993047452441	0.00644322378786086	0.136114280676861	0.363061134935976	0.0189605631859891	0.240114022867946	0.318383631996629	0.00251799801673502	0.0715966605890504	0.399444355302666	0.11904603922345	0.586941614368559	-0.214666112413599	0.810542963374489	0.998279605744279	-0.0330754645505656	0.0186076315996615	0.259082987354111	0.319282609467614	0.0546462149791195	0.419022554195742	0.260607911280078	0.232597144790852	0.782419413392443	0.165187779721177	0.870420819965622	0.957593880216724	-0.0225098808926342	0.284011826880427	0.923700129470704	0.148456320900382	0.205479169031904	0.988165370089238	0.173406351972784	0.192590656350828	0.776960439565741	0.180069537195139	0.0224211718517995	0.397514188007786	0.30742493543494	0.257112378204837	0.787533542479716	0.213577706632581	0.131202995891298	0.786097036427202	0.28192766104931	0.0883366919573297	0.603554408446271	0.234159923201987	0.00773367750526092	0.164332946951667	0.355494635822139	0.00350833516650897	0.083921604697286	0.390497189860856	0.000475040709244906	0.0265143092160027	0.455502226860536
PI3	P19957	Pre_only	Depleted	0.00136731222184681	0.0278475922516134	-0.534103815580803	0.354344048533756	0.717495322797431	-0.178453878982499	0.149848583218661	0.661064868928534	0.256356623342287	0.824354964813194	0.993921462437829	0.043090921090782	0.268647469860487	0.741132516137313	0.198287506789186	0.89074410152872	0.985973613146773	-0.0266765570346151	0.0254464354155865	0.140383823285187	0.388541685238689	0.223380956458671	0.584267118211116	0.233225071791339	0.00149791361588939	0.0403893313871076	0.530394911265452	0.79851417465764	0.978454020477784	0.0495531624799306	0.00450515000440795	0.0754149767861166	0.482007389831784	0.966497060569114	0.998781740393621	0.008158338609617	0.276728844169953	0.764497919837152	0.195038460779976	0.652239285505491	0.988728435054251	0.0873669574895057	0.0348631820915333	0.33258260248253	0.368467162996845	0.667364637207419	0.951398372680625	-0.0833323587705007	0.614799389282321	0.987594365217276	-0.0909260134039437	0.567890121418109	0.817665635888604	0.110600802913029	0.572029700674333	0.973602195669769	0.102042381377253	0.656917676724105	0.893020538686451	0.0861152713151981	0.0828964708504599	0.514908874585304	0.306377707760548	0.742286901624633	0.933105704772893	0.063805918588839	0.231813404767435	0.764577545548734	0.316848031430621	0.020506174883544	0.341898372083468	0.656097070633497	0.128067642330514	0.552223385151677	0.270368952159997	0.665873078450409	0.984527963606888	-0.0837286818528357	0.025697419535554	0.218737056056023	0.387933060695049	0.494763094132785	0.814425156636037	0.132035044118425
PILRA	Q9UKJ1	Both	Olink	0.00121333029990047	0.0300285398422857	-0.369055840122299	5.73323693788087e-05	0.00260583348864708	-0.452925633721379	0.0374516960910895	0.430090573123947	0.240767827194964	0.0005250312478963	0.0207713092233427	0.395968139682146	0.123925013917826	0.508693068184032	0.179219773604612	0.0272113376567617	0.227601003240199	0.258532749043745	0.189345236815332	0.564440667288051	0.15323347530618	0.0369041838580097	0.457713218559297	0.244740495622014	0.0148741152831032	0.196876482497128	0.280265634698274	0.0231747884236393	0.278107834094625	0.26553961414302	0.0129939320997447	0.155624569380418	0.285615539950124	0.0102363683548681	0.151318534919627	0.298789325992779	0.737518436671664	0.944530981587517	-0.0393446347147679	0.725760494575434	0.998823757686294	0.0417573973763487	0.00148526112769263	0.0694956845805142	0.360542871853347	0.0200163176022803	0.428808068791934	0.271787278182438	0.563622454744452	0.976079072595515	-0.0677415280146403	0.819219247013235	0.952907828774779	-0.027214434413627	0.108016842962428	0.637724103575245	0.187079817992497	0.390647995628505	0.973878359141957	0.101970871670047	0.10217461966741	0.557701442742472	0.190191887604198	0.0125847328979061	0.221733562073212	0.290733533725278	0.836335721335656	0.984336567590976	0.032859474713374	0.34108556241231	0.895205191051587	0.156597253665271	0.00329920881199007	0.0885098065701257	0.335057853125929	0.00549467523643573	0.122048643726361	0.321826231230679	0.329733258081043	0.674450709872781	0.114091280760301	0.0719689505284278	0.394298790086552	0.211852958770101
PLA2G15	Q8NCC3	Both	Olink	8.55163097477127e-08	1.59827034080208e-05	-0.574744835234926	4.15790908792281e-06	0.00036348172994422	-0.509473841743204	0.0019592558826785	0.0680715825904968	0.351932939451058	0.00261524018606119	0.0632794723591591	0.347219687871817	2.25616902406531e-06	0.00053167113523626	0.515149571738042	5.12419896288143e-07	0.000115721493245072	0.548310762224672	0.138259399609033	0.507857607342738	0.172773572015403	0.0579789657785645	0.51965752234187	0.222939721306716	8.73914503562029e-05	0.00438575611972796	0.437318543751497	0.00453209365374818	0.100261010625776	0.328617326028443	6.88880169307814e-06	0.000500357639321397	0.49333902842189	0.000607708755607775	0.0200840332645984	0.391825764093463	0.306255609847054	0.76946161112625	-0.11972391709908	0.566477566619717	0.998823757686294	-0.0681922769132339	0.0375385068251285	0.354424589678622	0.24066147948696	0.198947542807877	0.704740210323936	0.152094602857977	0.877138936986609	0.99282767738839	-0.0181547976957844	0.438421860199141	0.830565006039617	-0.0920870702487688	0.00644204382508069	0.342938281337178	0.311933938178526	0.139332800741029	0.972745479191146	0.174701286552068	1.29884957620236e-05	0.00260732026037659	0.48024619625029	0.000100613211118905	0.0127317203123332	0.439388497944046	0.014755439586314	0.430742517021109	0.373773074583062	0.0316576914321436	0.619033944179421	0.344661871180729	0.000578614495370626	0.0300971822531315	0.388198009106931	0.00427375544437016	0.10697944653131	0.330657289013058	4.12547942445439e-06	0.000771037878639406	0.503544113225444	2.93276779042318e-06	0.000429610849299828	0.5162927799589
PLA2G1B	P04054	Pre_only	Olink	0.000309263746110783	0.0106764936555442	0.40790191093955	0.00254603561352195	0.0522708826715491	0.348099122684444	1.84382843109959e-05	0.00256244874270763	-0.472775570728951	0.000867347992925651	0.0297533298839052	-0.381518212069492	0.000166972276870714	0.0116024325722983	-0.421328089690137	0.000677982221899814	0.0222706887436181	-0.388690589509275	0.813990619369374	0.949392975464172	-0.0276267471671394	0.169994502595791	0.758816612673164	0.162340707231393	0.0286265774457247	0.288931191351634	-0.252841812476798	0.0445834478566636	0.391853212704059	-0.23582786515224	0.0061487609187669	0.0905605548361864	-0.313602357817691	0.0120910885339399	0.167605370470471	-0.292311468418965	0.00375494387083904	0.231137259943135	0.330720972620939	3.04684383770679e-05	0.0268935413998077	0.467491092138981	0.535512641343836	0.875786924041504	-0.0726726469361702	0.53651956971938	0.878582043729851	-0.0735121544587553	0.0933600127828611	0.862775725616708	0.195161127481977	0.256816144913504	0.723839576407275	0.134435448239877	0.818834854787264	0.971540019256883	0.0268946422279724	0.711623293272468	0.989266089312206	-0.044005964620715	0.000378195975886462	0.0215770756768908	-0.399924196324691	0.00488402918507304	0.120874146954776	-0.325998133570319	0.85578735904423	0.988248754581615	-0.0289095836632372	0.48670895895757	0.924272980621483	0.11474205974873	0.00306273322074409	0.0842640307433146	-0.337523342251253	0.00581439072239406	0.124070857147149	-0.31980300837685	0.000951360642490376	0.0368312477306989	-0.373912787185861	0.0198773608481547	0.231688808165589	-0.272080990036284
PLAUR	Q03405	Pre_only	Olink	0.00185516605729162	0.0420711298348142	-0.355950218313215	0.016266007924209	0.18414738359821	-0.280409614198984	0.0247475958155586	0.342173391123284	0.259172967950548	0.0160082453613363	0.189387100633394	0.281063009341182	0.00166451075405777	0.0587751745289108	0.3570296090062	0.00329973339637152	0.0659341760566599	0.339489945879537	0.00021307623293331	0.0412454708035194	0.415093332335658	0.00364378889902404	0.163549299987336	0.336132768385755	0.00156126075819031	0.0416848931497116	0.359009002504997	0.0359723634846684	0.353893651825585	0.245924552952518	0.00141882617074931	0.0337989850529088	0.361942850042067	0.0237609446432548	0.251041559388774	0.264460835000982	0.201227987882453	0.704436844734405	0.149256424946811	0.244758359916355	0.998823757686294	0.137867680120836	0.018687658056967	0.252185403589801	0.271000314602935	0.51733281522967	0.873125891424292	0.0769960438849747	0.997069055822466	0.999773735747076	0.00043141404055362	0.913403650339242	0.979162542800003	-0.0129507993688065	0.00279638987896093	0.270650591856575	0.340512678622268	0.0939068347322712	0.972745479191146	0.197532658357345	0.0406501153091537	0.365379145896539	0.236978338196088	0.0743705145094766	0.518775017556452	0.210128099718325	0.0246088319102565	0.502959391071132	0.346432694443082	0.184713861576819	0.834743257234592	0.216909122679072	0.00122181033355774	0.0483373139261529	0.366473418189089	0.0327012016379085	0.282825580001324	0.250295006586439	0.0117528266453005	0.171698976866654	0.289527402493193	0.0228033379123704	0.246203369492126	0.266235304793857
PLCB3	Q01970	Pre_only	Depleted	0.00189414267906051	0.0361662867783116	0.360027352952315	0.685957743299311	0.89507780278885	0.0491850230328964	0.0114976362393045	0.175626393555377	-0.294284167375438	0.832666269318019	0.993921462437829	-0.0257119665407773	0.00323936311441748	0.062055274090411	-0.34011095729218	0.0868958358159957	0.463297206811494	-0.206131381789829	0.566790486337936	0.761118653082371	-0.0681374273021323	0.469379368099397	0.743209662152299	0.0878884515407305	0.236618733441537	0.699269872468096	-0.140250748081987	0.848618930673672	0.987160717071135	0.023229821938443	0.0589784338266902	0.376353243531151	-0.222079629860044	0.999739372577848	1	-3.97577878113486e-05	0.0852134424999426	0.529779086508205	0.202852878125126	0.451109013572852	0.968289345299143	-0.0915272482447321	0.0260561150417902	0.28990180202497	-0.260442837546572	0.821430285633024	0.983487812556577	-0.0274664635015542	0.24070132122704	0.911814175833382	-0.139048529047628	0.708060914007287	0.884437124062157	0.0455537020641034	0.263425702383522	0.972565265309277	-0.13260040525049	0.846597632421	0.960171068437023	-0.0235437812583335	0.00702335688434711	0.151903400224286	-0.312946036019219	0.347266343930685	0.793937272747048	-0.114026274538376	0.593226361860378	0.922539358405193	-0.0870591340706517	0.455606755670621	0.756970027776341	-0.126506088138938	0.00608072184944763	0.106152030000357	-0.31819122542046	0.0156758974010811	0.19282965276511	-0.287853541574904	0.0100938090059185	0.12522471680439	-0.299328521069947	0.0994708326673862	0.45187121754478	-0.198514235046088
PLD5	Q8N7P1	Pre_only	Depleted	0.0028653728356165	0.0466864747349781	-0.356259349458624	0.00736952445974836	0.0958038179767286	-0.326972062165632	0.0140287678162269	0.198186754582998	0.294520073901208	0.0284581057054154	0.313295542090249	0.269814800243975	0.00236973695371792	0.0512534257954566	0.3601293379644	0.00520674966340315	0.0859817309280899	0.340094423809136	0.933982912122703	0.97111841704859	0.0101574468247183	0.686199000849787	0.861547031067309	0.0506673782492405	0.0432665142262331	0.323374191953865	0.244080809117717	0.0482400969912833	0.385290186427113	0.244108390057502	0.0326770664701799	0.256593195615731	0.257498440271309	0.056753384225893	0.387598151231509	0.235702244883506	0.459095133687641	0.866731358201382	-0.0905977749956737	0.640552438489247	0.988728435054251	-0.0585439226011561	0.499593189922097	0.913242899154529	0.0826467480387916	0.992235917266107	0.99792293540448	-0.00122113362979071	0.00427627553732244	0.290311594811557	-0.339853386079155	0.00166654017841938	0.0925687317285674	-0.379653457987428	0.457879155298276	0.972565265309277	0.0908422385589623	0.152493417003331	0.598156527999713	0.178108188361802	0.0280331189678068	0.305861351595178	0.264567801442389	0.0854728115713254	0.519092739000452	0.213321710992114	0.0809847726380812	0.690786689285841	0.286677411533127	0.0657427942789757	0.406495533333783	0.314521914579183	0.023372563823071	0.22578081416437	0.272735180186352	0.0441637845443907	0.343763766252781	0.248572090931454	0.000739790575424719	0.0226856012567969	0.396672665395339	0.0170490025792956	0.177309626824674	0.292780824870725
PLIN4	Q96Q06	Post_only	PCA	0.0253901014897215	0.28706440315235	-0.259805048314416	0.000653659116928762	0.0280386030873582	-0.389740798316927	0.0200166997212543	0.402153694399745	0.268152060094044	0.13214379999743	0.704918822744912	0.177890502133	0.0112420505519146	0.255132628168138	0.291242341518478	0.017922156768256	0.274510658618733	0.276411800116552	0.148055171498912	0.468387219445432	0.168653635185038	0.396326433133641	0.851362281845474	0.100760447354219	2.99841052331372e-05	0.00463854107956633	0.462110213973052	0.00290811898247726	0.0865165397286985	0.343714205096062	8.59687149228338e-05	0.00727443317001079	0.437713771284585	0.00448899306114659	0.108507379149903	0.328950379995135	0.120069639832536	0.579060799722053	0.18105005398635	0.249575885050412	0.75627861766836	0.136482811959987	0.247035435941628	0.833135904914773	0.135322810695685	0.148174826311398	0.819772104684191	0.170944428979789	0.0432709602194383	0.551439677354636	-0.234053541846486	0.621354120379664	0.908815369979039	-0.0587748052175396	0.122978465845746	0.938327477829421	0.179665052362579	0.330680803532493	0.801462241998808	0.115462519017229	0.01961960255388	0.453266209089851	0.268985688502145	0.152551038308463	0.732501419353749	0.169146853303849	0.170116681143362	0.959598775019077	0.215685782964912	0.531201955648546	0.929539797623814	0.103361597852445	0.0454169652610271	0.505467951502223	0.231765914910646	0.0374150359871642	0.44094869187375	0.244101899690497	0.0200270127001741	0.30374302595264	0.26813059900819	0.0100818361445876	0.18957926689942	0.299374106886996
PLTP	P55058	Pre_only	Olink	0.00210189957327898	0.0458303892619938	0.351989542541788	0.00739733533918374	0.112102798892128	0.311035475078788	0.0308945978295563	0.385975773689526	-0.249468783776632	0.22442019830429	0.686821968358128	-0.143930881278434	0.000923893499032237	0.0385929997987497	-0.374772527190768	0.0123493149737207	0.147755600789329	-0.29147922440324	0.923626124713846	0.978130093151419	-0.0112585288215557	0.0458040657102657	0.479961106594968	0.234530566463002	0.00825364756832213	0.129665999479148	-0.302901822588326	0.00247009216226453	0.0686558949716602	-0.349089162589734	0.00754331582733284	0.105919097886383	-0.306213408784676	0.0032578149242397	0.0684393677882913	-0.339920061722386	0.542046481574156	0.880996234713411	0.0715154762947342	0.233835564866831	0.998823757686294	0.141078568979012	0.00198530930640686	0.0818230194309645	-0.351516306918609	0.00016621527119736	0.0635038998953142	-0.426804996769866	0.0868454180040016	0.862775725616708	0.199076224850842	0.109085740824923	0.583992748499215	0.189104436231361	0.836873505585078	0.975625332701428	0.0241772292588072	0.839326030486902	0.99498445719098	0.0241440180448882	0.012636956297384	0.198528414874844	-0.286706279389488	0.054977809035262	0.444344678389937	-0.225596983199892	0.713553567051031	0.978632047417026	-0.0583556497350436	0.655320640614529	0.963774260686936	0.0737814302404919	0.0245885889992954	0.269757507402875	-0.259449986929662	0.351574233716658	0.687108058000261	-0.110602509460971	4.28188182920873e-05	0.00473628561516557	-0.454063225297438	0.0260828773710304	0.263257347022318	-0.260397784817721
PLXNB2	O15031	Both	Olink	0.000256534367483363	0.00904214967045622	-0.412864786306042	5.18544283653577e-05	0.00246535966438806	-0.455284004881574	7.06519138258844e-05	0.00671812934975953	0.442401177532707	6.14534092123464e-07	0.000222051651953945	0.545125436872806	0.0762906936920345	0.427557934401406	0.20594398557823	0.015792545407308	0.169599819052077	0.28161677489962	0.469998728370547	0.806491142230796	0.0846974295403857	0.0261092916612876	0.389119063173774	0.260353356320348	0.00358635376898379	0.0768301874620244	0.332267705076278	0.000276971379714561	0.013168288403973	0.41347908484016	0.000267907393516301	0.00897796051996023	0.409125230162544	1.04406046628644e-05	0.000870585804195772	0.490750718656554	0.0563227555840326	0.540299708434437	-0.221353706917902	0.100591607434233	0.861750794977888	-0.19369901765884	0.0111446389449418	0.196755514923728	0.291577069805291	0.303787677757769	0.772655660932477	0.122014177894734	0.616871918907153	0.976479892778048	0.0587044812644435	0.563463216451221	0.878840469975717	-0.0687213735974296	0.294683488011901	0.776141966775805	0.122603398443706	0.409655602787179	0.979141458047756	0.0979587578737119	0.000206827286509164	0.0163408436534208	0.415861004794598	7.81443253269695e-06	0.00235529672677885	0.496762484330009	0.452697694197264	0.940445190704933	0.119050023004748	0.0245190522210688	0.595232951823914	0.35966782450394	0.13539030758073	0.541161848884629	0.174021795706317	0.0751883787823866	0.39553830467806	0.209550862892243	0.108312703464658	0.443405083844137	0.186925728014881	0.0936733811081291	0.434311142520154	0.197670355960583
PODXL	O00592	Post_only	PCA	0.00947099982749123	0.172779902577083	0.299746035610297	0.0012962114266125	0.0435921538471637	0.369460364032993	0.344229934759488	0.918207570654446	-0.110739837781744	0.157993990011838	0.742349428238772	-0.166963908662989	0.0438759711123569	0.461742362658613	-0.233399281339681	0.0938772480987453	0.570882234270962	-0.197550094519155	0.157666849362349	0.482558535445522	0.164804881987653	0.99217736404898	0.997983343422478	-0.00116766926407864	0.233949273802367	0.782250986880527	-0.139104916949362	0.10394610310189	0.593374987079795	-0.191849776864504	0.18325417609413	0.748005832236462	-0.155342210393677	0.0802174296362702	0.496065328729437	-0.206107565909221	0.348105456907107	0.798989824681445	0.109858921813196	0.417078104312701	0.85346538012136	0.0964216162430923	0.355145223887228	0.842887098826449	-0.108274237484448	0.488110179285764	0.910966384022811	-0.082431189670957	0.000560495361706215	0.0844889459559181	0.389090475660986	0.00407876437212158	0.198095628680724	0.332270822135363	0.932351069046777	0.993873929710077	-0.00996912936691444	0.617391227197097	0.907031556005612	0.0594422460992743	0.100752250265571	0.774097801640412	-0.190970461423954	0.0797849944908993	0.605036208222653	-0.206396779022348	0.0847161044488808	0.814011264487072	-0.269200519931455	0.0267193131050937	0.523171660067764	-0.354695168567454	0.807579235714318	0.984075139442869	-0.0285973190461739	0.0796755507403589	0.573125330507408	-0.206470172772749	0.0243746285356595	0.336674556648796	-0.259825153666355	0.0189016806978012	0.252076724478434	-0.274194188872428
POMGNT1	Q8WZA1	Both	Depleted	6.68810302265224e-05	0.00305847017967147	0.4464607295204	0.000147944066409092	0.00524022171454813	0.42976815122765	0.00291712035160679	0.0869444163332561	-0.339127460774469	0.00399005222439489	0.104856856305603	-0.333027692987035	0.000458033827726095	0.0180553979832674	-0.394695812476411	1.80660710259918e-06	0.000485698661164782	-0.52551904065428	0.816050704892912	0.915715299705361	0.0273152813312971	0.320601663200279	0.644999943050755	0.117876490353364	0.00306911831217088	0.0681902286813239	-0.337454572928045	0.000190383465043134	0.00974195402530491	-0.423315735390524	0.00106347868577944	0.0282515424787494	-0.370621844834706	8.54319973834944e-05	0.00497132860964905	-0.443384444075876	0.00306361035295952	0.0926511194658099	0.337513887696898	0.015614264042254	0.389400625706824	0.282079411657573	0.00282523424561774	0.100344488287571	-0.340176936795623	0.000905973968014687	0.0492044528406199	-0.38023250885347	0.265952287624705	0.93445646656636	0.130090857488648	0.806735843368292	0.931659396885541	0.0291295436130601	0.0406745554506075	0.972565265309277	-0.236950350445265	0.117900369314526	0.58390785299913	-0.184620544721361	0.000821405219419037	0.0542571447637872	-0.37819972893951	0.00275832162632428	0.116129773348625	-0.345465569084762	0.738536036715003	0.956903635213438	0.0530706025674121	0.212255088946439	0.554247294860489	0.204273968035461	0.00865885617195413	0.125965740977714	-0.301123100184093	2.85247098560436e-05	0.00394134091813197	-0.468972578027294	0.00270791079478026	0.0522897487009841	-0.341562233885164	9.13340355343384e-06	0.000858539934022781	-0.49354037022671
PON3	Q15166	Both	Neat	3.00573018418849e-11	2.26481769378603e-08	0.678783314875734	2.82790453388196e-09	2.13082606628006e-06	0.627529137467178	1.31858872082195e-06	0.00198711320227868	-0.525130126234792	0.00147052564954211	0.0527638608061896	-0.36557670244387	8.25604412876698e-09	7.01612451271363e-06	-0.60617386415355	1.65206223481037e-05	0.00177832699132802	-0.480990491005962	0.0873857696597819	0.376703631312842	-0.198742837754665	0.289849862037817	0.824608401582113	-0.125558382031541	3.09839206585568e-09	4.66927684324452e-06	-0.619564725501922	4.83584265694584e-07	0.000124482685119696	-0.549319126753997	1.59920509893106e-09	2.41000208408911e-06	-0.628257672844605	3.4124314208768e-07	0.000108725580025402	-0.555319849458609	0.105487015137166	0.586941614368559	0.188410951156463	0.282138290773924	0.980443961234186	0.127567699759914	0.00425333589609155	0.131750641693294	-0.326484867223889	0.00214961146248091	0.158815464427607	-0.353592757409391	0.000169627795004787	0.0284032318969126	0.420928259502796	0.00019968250064771	0.0510547518076456	0.422080989912558	0.262838318968318	0.923700129470704	-0.130934339785096	0.774621978196878	0.988165370089238	-0.0340915838706819	6.79589601945831e-06	0.00341380510044123	-0.493613560073404	0.000427903284476272	0.0728815937991738	-0.4016739270682	0.0157061345451245	0.567658372097407	-0.370552419998473	0.0430801985231545	0.648990916385489	-0.325634276804211	1.2542017129263e-05	0.00472520495344983	-0.480982550090583	0.00263267524736392	0.0991860399444359	-0.347001413269291	5.23868984376615e-08	5.26114492192115e-05	-0.579116888045691	1.82536728285766e-07	0.00027508284952665	-0.565801843161433
PPY	P01298	Post_only	Olink	0.00991138973104935	0.135087899893091	-0.298019815557512	0.00112743281526151	0.0279026751539607	-0.373699410464765	0.291052443942546	0.901057637137439	0.123522137317274	0.0299062440186601	0.280077969506946	0.254329829536525	0.187129656093956	0.583153562798834	0.153994755075111	0.0337710562328543	0.256189237191324	0.248826889285223	5.8157024765856e-05	0.0175117263461633	0.446983773848013	3.92528866080581e-07	0.000265938306769594	0.552923955300642	0.00342313071071922	0.0748119695649121	0.333828180106214	0.00202077860892407	0.0584394386867384	0.355575019863474	0.0085130216215203	0.11593109846392	0.301754700639003	0.00205239459702617	0.050108012233702	0.355078283280157	0.29724258361211	0.760649104427591	0.121960343351716	0.706484040663002	0.998823757686294	0.0448271648420819	0.00734242619839269	0.154848054456375	0.307199588085244	0.0421001628561777	0.5065513561782	0.238560409373555	0.0603227073752778	0.80529328565026	0.217947428037133	0.191713153844807	0.677962865928046	0.154548060304787	0.0114200091282327	0.422571811766428	0.290637294558527	0.132502033662745	0.972745479191146	0.177728512466116	0.442649779971577	0.8523811747504	0.0899806684787314	0.108072770567886	0.60511819884085	0.189637456393641	0.0190480355518218	0.478479484207235	0.360402437104559	0.0227854285165321	0.577647010124927	0.363854052433557	0.0661277479875609	0.412917504714954	0.213316256002788	0.0301235774289879	0.273711533571014	0.254004971294885	0.0322528926844338	0.261786858942025	0.247547219582582	0.00921359064480499	0.156055191546385	0.302812920531929
PRAP1	Q96NZ9	Both	Olink	3.48583870496349e-11	3.96257826736384e-08	-0.677167883271752	5.53487478947095e-12	7.49975533973314e-09	-0.699984286518694	2.64321182082023e-06	0.000895388004302853	0.512146032635714	2.0246748154317e-07	9.85642885781208e-05	0.564090423176471	7.80772076801668e-07	0.00030227033259036	0.5345702967738	4.22503135578523e-07	9.95637823841564e-05	0.551657215271706	0.663311443078714	0.89847121921833	0.051094730211839	0.112667191043427	0.66102429852546	0.18725006023042	3.22579770560158e-09	2.9139705940601e-06	0.61902633328495	2.01485864898573e-08	1.76325897249184e-05	0.600059514161812	3.10875745938191e-12	5.61648847661664e-09	0.698899682102635	6.3512058172651e-11	1.03781795632633e-07	0.67397226917087	0.0129533578012043	0.367864418531462	-0.285738197523844	0.132668403397822	0.920730549753288	-0.177653394608936	6.97499342067401e-06	0.00299109435783588	0.493087418955941	0.000873451734362679	0.135260240007021	0.381311630392778	0.457587142464474	0.976079072595515	-0.0870735152604873	0.146161450306287	0.621329459341236	-0.171784791151132	0.0295773632595465	0.488610276316173	0.251401334613771	0.0973168239651729	0.972745479191146	0.19555131230045	3.38763569600693e-10	1.83609854723576e-06	0.647650072516053	4.84164554851015e-09	1.25607834694895e-05	0.620265744475768	0.0975655122530327	0.742703759004827	0.259078237361263	0.0868710390245187	0.749730711594155	0.277774545178981	6.91565502807944e-05	0.00770320338170838	0.442908105050993	0.000255024871138884	0.0201687415599864	0.415671282578435	3.97641888886815e-06	0.000769721084916621	0.504264114789241	4.81924514224493e-06	0.000653007716774188	0.506545533801809
PRCP	P42785	Both	Olink	6.63636867216573e-08	1.2846113643978e-05	-0.578717244898886	6.81276169254636e-07	8.39208372127301e-05	-0.54330344023567	7.87815638184763e-06	0.00186727299599989	0.490612956233264	5.0001692596975e-06	0.00095536863107249	0.505810138787084	4.71390126094723e-05	0.00435059163374201	0.451857356795806	9.22090912599482e-05	0.00565788344723865	0.441525629589254	0.138579418005519	0.507857607342738	0.172635561382257	0.0372261887371474	0.458743592849584	0.244337118881759	1.70527147804908e-06	0.000225428571000634	0.520391093844939	1.60446668477384e-05	0.00152565077745162	0.481621199584504	2.35280514828846e-08	5.7964563198743e-06	0.591145033732641	3.39979718702225e-07	6.26193193055504e-05	0.555383067622539	0.332672665253057	0.785233546662697	-0.113404327780389	0.621326066770762	0.998823757686294	-0.0587795236900066	0.00500171549420427	0.129132293233836	0.320886612796723	0.292695878410978	0.768238092487895	0.124825745039548	0.782967685313984	0.985922537573798	-0.0323415412677072	0.089707138280234	0.563242107359715	-0.200052023043873	0.201751335767311	0.729988113484119	0.14908517957052	0.692903331969789	0.989266089312206	-0.0470074398783483	1.01705397992508e-07	9.18738761865656e-05	0.568767068329528	4.45989307595187e-07	0.000302157755895739	0.550722613905714	0.0389299107640783	0.601947223153365	0.319853761690774	0.0481020751267535	0.683974932598775	0.318553171373863	0.000258099326075132	0.0186519779643629	0.410104898778108	0.00349261110248438	0.0975770730694089	0.337571539448271	0.000823492302197088	0.0330616909474683	0.378126152987565	0.00139003462837461	0.0473835703508829	0.367315265240927
PRG4	Q92954	Both	Neat	8.64101948643964e-05	0.0068536928242445	-0.440323426553239	0.00033907489295249	0.0144912857080321	-0.408042640546748	0.0107162212480038	0.241035006279728	0.293080116670927	0.00569274174651108	0.114594006854168	0.320560974631809	6.91305242925048e-06	0.000947088182807316	0.493267939383427	1.25185063679034e-05	0.00145118377664849	0.48692596440031	0.0869942798340261	0.376703631312842	0.198984216576678	0.264341263363672	0.821047981786711	0.132348678799394	6.83319139801406e-05	0.0050431919697761	0.443192016467626	7.49908496599238e-05	0.00565056052187525	0.446533940246496	8.58070372723236e-05	0.00517244820677567	0.437759066581487	0.00010504574892423	0.00753828302994353	0.438326919798346	0.539540246170703	0.838234176267267	-0.0719585274918327	0.726118840620478	0.998279605744279	-0.0417005938113938	2.99456154886793e-05	0.00902560850828794	0.462138861312693	0.000807186623007632	0.1351589156525	0.383628149220639	0.0660000894357601	0.534742660105863	0.213414496457921	0.155003298030425	0.476029471242749	0.168156306923386	0.0197708059161685	0.813480159071091	0.268666580218304	0.033596003738668	0.984365235375959	0.249064416703011	0.00285039798888644	0.130271473549582	0.339886530397628	0.0062023204357207	0.212429474923434	0.317475942983492	0.110483973196671	0.674169567532506	0.249887765702155	0.139345000890302	0.786097036427202	0.241043336552531	3.90550999115916e-07	0.000294280177833843	0.546624779212718	5.7519915101561e-06	0.0045400351270511	0.502999414453449	6.98227594150119e-08	5.26114492192115e-05	0.574678492431441	6.12823425538153e-06	0.00153920817047666	0.501719796353028
PRKCA	P17252	Pre_only	Depleted	0.00261076882574639	0.0440049586905115	0.347275875835638	0.0507488705115125	0.305493200813144	0.232785415412236	0.0345655631502338	0.344809127914985	-0.246077043308342	0.925779706127851	0.99934379947433	-0.0112550010608367	0.0544668269929075	0.349923688783968	-0.224515710555327	0.0587577686321684	0.374945134561409	-0.225406929454903	0.00261985348452192	0.0529190154116762	-0.344877546909534	0.865620402787824	0.937657790876236	-0.0204439875374002	0.0166811185722655	0.186158236486835	-0.277493331561408	0.0937146042546347	0.540185124524357	-0.200452404447956	0.00904872988055459	0.121915423384902	-0.301468348476268	0.0750212089266211	0.442878827576478	-0.212637694923295	0.559178042867964	0.902348936974027	0.0689894756674705	0.80303005441367	0.988728435054251	0.0301296912251066	0.113091333473193	0.578232675749966	-0.185744051947917	0.495132004162916	0.907496236884089	-0.0822816418366517	0.182840773445637	0.897472591817976	0.156557283275702	0.196467331208912	0.575738797931154	0.155118020345584	0.674406332932395	0.973809132962166	-0.0496517645889674	0.905708882583985	0.979638528002263	0.0143110677842307	0.0104163097446433	0.195826623199294	-0.296121106013649	0.0661805144170403	0.467471610506493	-0.219265851283268	0.0557934975374972	0.640184544514756	-0.297386534656774	0.829944131388196	0.942119580637599	0.0360332180770396	0.00183567665454663	0.0540529366712286	-0.356282915536448	0.0362377392730241	0.310754508011477	-0.24903179095631	0.0442841510311839	0.31190335769514	-0.234540010300891	0.0339291046983396	0.252044777759094	-0.252099979324265
PRKDC	P78527	Post_only	PCA	0.00175181385925554	0.067751401006708	0.364965344096407	7.39265959793123e-05	0.0063535802211109	0.458637075048383	0.00390222993209808	0.188648428279867	-0.336044223839978	0.000442707994557757	0.0560976267002758	-0.411553199161264	0.0574999282717435	0.511220626645903	-0.224916150556487	0.00419653519952659	0.13249061129934	-0.340520596662776	0.00334655276694103	0.0803727886158359	-0.341298209873201	0.328719065386377	0.806178897238614	-0.1193398494474	0.00029194109235044	0.01963621173331	-0.414757600986565	5.17708135156141e-05	0.00500559053179093	-0.467241543710999	0.000268192652129113	0.018038870993206	-0.417031900906893	6.0838067588318e-06	0.00121980907112982	-0.514596767110689	0.733353913909673	0.93361895227896	-0.0408461552472823	0.812471654681599	0.983525267178838	0.029085496702901	0.0455339253862798	0.578892102292168	-0.236450502036975	0.00604774512884442	0.322615921183528	-0.327304597577569	0.0430156670048867	0.551439677354636	0.23919098615499	0.462316849485444	0.86154234018223	0.0899517803625167	0.178666001602989	0.938327477829421	-0.160273164801586	0.748362663481146	0.945738742933264	0.0393231169755306	0.00319661055980344	0.183153945778367	-0.342848937664168	0.000248225273843592	0.0340768920440574	-0.427536603206082	0.0230921847863583	0.682481777609087	-0.358552655868661	0.285600505134812	0.854072647199734	-0.177777881010979	0.00307197188025927	0.151572783092566	-0.344188141739541	0.00173830416244124	0.0871457904531051	-0.370272926191788	0.0849050619277989	0.576538761799947	-0.204474005223198	0.00597677131220301	0.144469769062157	-0.327740461795864
PRSS23	O95084	Post_only	Depleted	0.0478883451276495	0.31293881147587	0.230793591287312	5.24887442292764e-05	0.00251534295875199	0.460841662713747	0.320867753542794	0.850543155811918	-0.11618706308944	0.0662908666229556	0.461580849078358	-0.219178846085406	0.637697086482167	0.940007044247537	-0.0552639057417697	0.143190668015431	0.5735343089705	-0.175509744475543	0.0813758904546748	0.264674958005593	0.202546794279102	0.769124617991472	0.90204207314303	-0.0354527650352017	0.126489067931996	0.573542267209274	-0.178026495032939	0.110998468872741	0.592902084196479	-0.190784545421728	0.101871087043185	0.491070881131251	-0.190357322129476	0.0930860206461201	0.499088908961444	-0.200829435677603	0.00334746834502083	0.0965856103227607	0.334574156786909	0.00153263821946123	0.132515996426359	0.369196941191339	0.132263081099941	0.607614605654616	-0.175405328959171	0.00189039469886977	0.0710788406775032	-0.362529437548409	0.376378336053062	0.981380535740747	0.103608472820278	0.561240245397789	0.816776345166582	-0.0701115935218558	0.838916397516499	0.982590792064193	0.0238703045159817	0.214998553598477	0.647880500211219	-0.148975037173183	0.113493516674356	0.569951339198891	-0.184278830269808	0.231554682013947	0.726123526749251	-0.143795337859339	0.805796931880711	0.966958091061786	0.0391012873278046	0.824345098051052	0.940051969263288	-0.0367249214906772	0.384061668784237	0.813431645945341	-0.101959621693261	0.00596389718135534	0.117546489606713	-0.323262888558712	0.356543373406623	0.782921837022269	-0.107961828496552	0.0121547910189861	0.138814529207486	-0.296147763758623
PRSS8	Q16651	Both	Olink	8.59069174772373e-10	3.88012910605522e-07	-0.639557575503167	1.48326487568737e-06	0.000154601838965875	-0.529198039749822	0.00048545688004884	0.0276965925248917	0.393091387756792	0.000772035586275875	0.0277083106320187	0.384928011357201	8.14844307832368e-05	0.00644926909194885	0.439000328719784	0.000143949946797759	0.00757103203467225	0.430460625098967	0.0265963169747288	0.291641328852671	0.256058168806991	0.0272229412267339	0.393557063229005	0.258513913668346	1.12989184014293e-10	1.53100344339368e-07	0.660581007461134	4.19399976890871e-07	0.00011963936182887	0.551784351060482	5.52067169920864e-11	5.98440812194216e-08	0.668688811942922	1.92733995775721e-07	4.59210162195634e-05	0.564905295720625	0.972234803952758	0.995688391856826	-0.00408763753786141	0.893405956069251	0.998823757686294	-0.0159574405935298	1.94900744327013e-05	0.00660226271407757	0.47157652352206	0.0153009331040881	0.408527376473682	0.282903636419329	0.299964458982391	0.945236841677071	-0.121280349801807	0.319726975382691	0.76373742026187	-0.118088249108092	0.0045940754558447	0.315188467983269	0.323835843402144	0.11084049291685	0.972745479191146	0.188190089459328	4.80951125254211e-06	0.00153338535228107	0.50052483641274	0.000103357139066911	0.0127317203123332	0.438726369322842	6.2626737077164e-06	0.011314563831941	0.635035613887175	0.000795171463356856	0.215491466569708	0.51497058393967	0.00162872489428745	0.0595385314395004	0.357702802826143	0.0128604196879116	0.190446652208964	0.289875501164039	2.79686760208309e-06	0.000585383735088819	0.511067129016709	0.00018588876825822	0.0104312098949251	0.423932562821732
PSAP	P07602	Post_only	Olink	0.00849482116691751	0.124437650607278	-0.303837396419095	0.000399025847324781	0.0122881823437518	-0.403599746415136	0.00838857191123744	0.179707746082636	0.302301220861934	0.000100342168673561	0.00647445897869879	0.439454804583789	0.00878779178654096	0.151205814231911	0.300572395242133	0.000657054621820406	0.021848073928016	0.389592074997269	0.196459252495635	0.575572512716941	0.150831678071505	0.00944089993535392	0.249594959982414	0.30188617072814	0.0134329670788769	0.183392145006329	0.28430910776081	0.0151651337480756	0.223964645543786	0.283265383865118	0.00164079354245705	0.0369008340253826	0.357474294210707	0.00187843208785134	0.0471347310933068	0.357901769375227	0.388298217130028	0.810167964985201	0.101058909910791	0.26096654380822	0.998823757686294	0.13327947119258	0.0381415970908327	0.358279820159988	0.23992826587976	0.154498728482364	0.669668801914222	0.168359161291008	0.777018235839832	0.985922537573798	-0.0332513614948816	0.439187274227612	0.83075531842025	-0.0919338759251096	0.430179988321572	0.841410137621172	0.0924498990940921	0.725598322995215	0.989266089312206	-0.0417831072195706	0.000348274464361705	0.0207447430753433	0.402148033073026	9.67117198001068e-05	0.0127317203123332	0.440359262607126	0.0220053984174268	0.494141980281197	0.352602968878881	0.00484152990605371	0.341993510616987	0.442028858553977	0.0606619461340345	0.399604825425364	0.217667070103353	0.0512627674859577	0.334471600639064	0.229055529875657	0.102372721363206	0.431126767512492	0.190084122595028	0.00624452534909879	0.12262799779752	0.317230567039301
PSAT1	Q9Y617	Both	Depleted	1.40631226552393e-06	0.000202178069231793	-0.527039956073688	6.26753252295955e-06	0.000533746501542647	-0.501264630530242	9.71206867470955e-06	0.00593407396024754	0.486314610936209	0.00158836348098852	0.0616184182148561	0.363180276025934	1.72068416188322e-05	0.00201400866543422	0.47426330038966	1.02203049528886e-06	0.000312230316310747	0.536030363813494	0.0412018168685241	0.184427180268632	0.236349926298817	0.119000670844023	0.469488888498274	0.184079135698896	1.3359188256459e-05	0.00148408436812663	0.479652580869714	1.39180078834778e-05	0.00161979101272475	0.484671433484593	2.86569278492164e-06	0.00043773457289678	0.510601818903256	2.13640563443144e-05	0.00200822129636555	0.475389277273179	0.290850675420147	0.772881690509857	-0.123573410062066	0.0908322634208682	0.74904303017686	-0.199368121583009	0.00424926460085292	0.120449494314508	0.326517642032618	0.0219822729509402	0.282761447853147	0.267807945948181	0.245183012252287	0.912384149604576	0.13584966718781	0.581212415037704	0.822773081499297	0.0656246159851521	0.0435697817034099	0.972565265309277	0.233729456301155	0.0550558867170954	0.559751910669056	0.225526371358598	0.000158651187444045	0.0215250859956887	0.422620037700815	0.00450209178156746	0.146708164188678	0.328848862623256	0.0739901956023898	0.684969841106972	0.278610185979467	0.0171435926950625	0.341898372083468	0.379623884440691	1.01000089813735e-05	0.00274271355005297	0.485503673437616	1.6559533503347e-05	0.00289082142015572	0.480939680220328	8.56049362874007e-07	0.000190198603896734	0.532932724587468	7.37098345948787e-08	8.20096181855811e-05	0.580377914787549
PTGR1	Q14914	Post_only	Depleted	0.016697371304363	0.156955290261012	-0.347500348780116	3.48565898432374e-05	0.00193612512674709	-0.565192034544057	0.133550387740535	0.622895319919595	0.219677757691738	0.00485930688702734	0.121722915731525	0.403995879068119	0.0325037126173906	0.263917188162467	0.309161424654041	0.0188471838367086	0.198121205436422	0.341399603236112	0.266873277638892	0.514789495303436	0.163485120990649	0.0834836217279655	0.418251827499711	0.255139442682784	0.0138209962898575	0.169525711345444	0.353120145120828	0.000332235857763231	0.0133112202684154	0.501230429908999	0.0113864801394368	0.139902944685771	0.362308781352272	7.20227214762018e-05	0.00441804618116302	0.545975750927085	0.553268244658562	0.900985169435004	0.0877204569812766	0.642983257378737	0.988728435054251	-0.069400215389885	0.831482130209925	0.9828049242435	-0.0315389156609752	0.0222149524025008	0.284258343830952	0.332932157178082	0.804785486639915	0.991482901206107	-0.0366278059266704	0.681495027985347	0.871157634005554	0.0614649196426004	0.240991233520654	0.972565265309277	0.172512579883928	0.213720315997746	0.647880500211219	0.184777630153276	0.114820730830773	0.572697686021241	0.230603535746604	0.00465203838450945	0.147656906645988	0.405825727031058	0.981993654500051	0.997358741543252	0.00455923425174475	0.926824483316832	0.976299958664628	0.020792188372308	0.0616914719212025	0.392792407924794	0.271758951392936	0.084677440441526	0.470344691907021	0.254191242461602	0.0236562470014404	0.207225332155987	0.326196428859382	0.0302098693160634	0.237404889416267	0.316483671942245
PTP4A3	O75365	Both	Olink	7.05122602385088e-06	0.00054596635784674	-0.495840671516714	2.97559733417756e-07	4.03193438781059e-05	-0.557645811160363	9.00118974389965e-05	0.00824135786304451	0.436605926065662	0.000270318493416162	0.0130814842349607	0.414126281485784	5.06544943126217e-05	0.00456309389901741	0.450196783973957	0.00026532501571564	0.0116915576030794	0.414621719225101	0.0111261891530019	0.239858996347505	0.291640753886594	0.000906109245428509	0.0909465205596763	0.380228094066287	0.00180901100578634	0.0464684343666445	0.354437515868609	1.46355198747711e-05	0.00144226395856836	0.483596440947655	0.00052266920228206	0.0148317647977422	0.391041737196234	9.04845581590562e-06	0.000778454452733468	0.493734335915543	0.384799296479775	0.809443635163977	-0.101802372492986	0.898580087480567	0.998823757686294	-0.0151786334352061	0.00441364027836322	0.125245708422663	0.325216014003796	0.000783334177466652	0.127602209260802	0.384504435709079	0.159308413335608	0.909785136741578	0.164165126837165	0.520924933696994	0.860534331191012	0.0763389304949108	0.0650487091993488	0.569801053960441	0.214151508637737	0.103985445137703	0.972745479191146	0.191828366055531	0.000412925467575449	0.0228353198543933	0.397536586031869	0.00120836774541913	0.0560291524290669	0.371599874163214	0.00425166299480146	0.257473388499932	0.432272871999951	0.123389892086919	0.786359986592599	0.250907422453147	2.68796928501535e-07	0.000391750444010019	0.552935696212463	2.3907911373287e-05	0.00403475684797235	0.472907204478537	0.000152571383813509	0.0103209447672164	0.423604092474787	1.51443192894673e-05	0.00164164421097825	0.482863549701389
PTPRB	P23467	Pre_only	Olink	0.00180873936374932	0.0413644192047312	-0.356748022204156	0.163238202508935	0.624056371418388	-0.164912787536234	0.00285192511646285	0.086354380621389	0.339868980190454	0.0028009892595203	0.0657201808943725	0.344958228614644	0.000203502571266767	0.0132889630875407	0.416278176284901	0.0326137105284651	0.250732356119548	0.250416838542601	0.983091305972284	0.996729265259861	-0.00248901592007382	0.984179108139131	0.998353002356196	0.0023616674122493	0.000858728848575993	0.026078269456306	0.376908862198502	0.191411648110465	0.671013015342885	0.15465174604751	0.000339880062250588	0.0104113292352334	0.402803362747933	0.0977926121266189	0.510983932960259	0.195279200032373	0.995911530406998	0.998875245416625	-0.000601794764492334	0.673977445523446	0.998823757686294	-0.0500720102074944	0.00315188806683739	0.107217786697479	0.336574489645579	0.128927094245821	0.645827034022506	0.179360202793836	0.263860576649182	0.930203478920753	0.130656699884483	0.147787940307503	0.6249314198719	0.171105245194483	0.018873752347532	0.461938422315246	0.270591258785927	0.214591724385938	0.972745479191146	0.146999109642596	0.00739242924835845	0.147305023993025	0.306951925490013	0.146127429472218	0.67983748303813	0.171799065332931	0.756830132991329	0.98048359232783	0.0492363193024963	0.765356642176877	0.971937394217811	0.0493679609523643	0.000764520882389363	0.0354162665175243	0.38027348227112	0.0712765967104709	0.388559939989305	0.212358779725602	0.0011212626749648	0.0406253390863171	0.369046783396192	0.151528843333614	0.526509961088246	0.1695632531022
PTPRD	P23468	Pre_only	Depleted	0.00179654702875903	0.0348473090340243	0.356960590009381	0.283074331729622	0.660586563790251	0.127321882787481	0.109808726917508	0.578015441273224	-0.186151524743078	0.241049139679694	0.76549262189859	-0.138946757748396	0.0224014750113966	0.20878961942251	-0.263423560965208	0.0585220862279468	0.374418792515974	-0.222470857738088	0.116938130625143	0.32513855659596	0.182570149934339	0.0496384937966504	0.371760386214003	0.230632483878699	0.0724116172870676	0.434920491600221	-0.208659172909944	0.363137986364327	0.835695250830009	-0.107989618708033	0.0559808018215879	0.360044946452528	-0.221653955685059	0.430138437582413	0.843706534070157	-0.0937547087340241	2.30242798773409e-05	0.00351695875126382	0.46794748867004	0.125838282774407	0.802999381463843	0.180797947413444	0.0649740588695253	0.458984672013666	-0.214209705996089	0.835272079191328	0.983487812556577	-0.0247617508525848	0.407773192806953	0.981380535740747	0.0969916744514962	0.151649574570679	0.525423286237416	-0.169513963396674	0.630543616481894	0.973602195669769	0.0564403551064678	0.020172537830491	0.559751910669056	0.271459149040811	0.173590261404303	0.676846956443317	-0.158794874236843	0.961514678392836	0.986085897116539	0.00574671890748672	0.47413507495483	0.886748517172148	0.113513196004873	0.0226307131392404	0.341898372083468	0.364240398420294	0.253248624522379	0.712532942962923	-0.133575206511774	0.16528490843158	0.653183618770452	-0.164125476312508	0.190925043800666	0.618995929760786	-0.152694567726449	0.161706132827393	0.564600700005188	-0.165506912164766
PTPRG	P23470	Both	Depleted	1.35802147581562e-05	0.000948286996255253	0.482224006402017	0.000132017031734708	0.00481566605312877	0.432640348539267	0.000296689009879747	0.0259318279608583	-0.406429453591482	0.000344780796550865	0.0306529470276965	-0.407590058670975	0.000104804959538853	0.00828065811884898	-0.43291056089586	2.27908939112636e-05	0.00253001631850121	-0.473965231095746	0.240859842029035	0.482620411592841	0.137089975939736	0.089304578922292	0.427124052614641	0.200298358199076	0.00398349110358409	0.0811304354763293	-0.328720004760225	0.00246861965626362	0.0591500631363557	-0.349108626878731	0.000638398143297681	0.0205295402923623	-0.385423890757764	0.000294443707038914	0.0107406032836284	-0.411844905050862	2.21678544194243e-08	2.00875982807868e-05	0.592020628062088	0.000174107512242512	0.04255187599207	0.425616938123492	0.000881647490527208	0.0502861711506573	-0.37614122791485	0.0170567033538941	0.252264500395983	-0.278459376628722	0.149864959694608	0.88885013361648	0.16791499868861	0.656245865709375	0.860271443310791	0.052972976604941	0.544889420649471	0.973602195669769	-0.0710141122139527	0.587647654173587	0.860521789574744	0.064512633410749	0.000136243305098524	0.0208111648537996	-0.426437702024117	0.000238729117023547	0.0291726981002774	-0.417414040391501	0.342104704600881	0.830935807510342	-0.150291157691848	0.81508116625167	0.93908538423652	0.0386951032294289	0.000329715645276041	0.0196542691964548	-0.403617015436533	0.00353849651552739	0.0875518345449164	-0.337129077754049	2.18992112838331e-05	0.00243280328989491	-0.469042824991517	1.69497948589074e-06	0.000345210821959747	-0.526713640304107
PTPRN	Q16849	Both	Olink	0.000194716803146678	0.00717935423846935	0.420047397550701	3.69742624770685e-05	0.00190054626210087	0.463101803007187	0.029776476254306	0.380551450388624	-0.251104621532617	0.0120393961539335	0.158192088602047	-0.292479918138219	0.000445832772574613	0.0236903296799451	-0.39543804350919	0.000949335557428852	0.0274004056181399	-0.378847109931173	0.154956265191206	0.524681818729834	-0.165872164694659	0.218132618195635	0.811468959305698	-0.145882554901451	0.000923781764574009	0.0275104239779732	-0.374776071657118	0.0016497418444724	0.0499530770784379	-0.361994846248373	0.000257985170564222	0.00873924765286301	-0.41011650097828	0.000454736102744682	0.0164311311791745	-0.399988088138545	0.000437885263987294	0.0600821408463835	0.395931565711722	0.000551515442905529	0.112729398542379	0.394580137357856	0.0385623693280843	0.359738453972835	-0.239422404152972	0.00956009502596087	0.356784263585025	-0.301407966492627	0.335585103495161	0.949622709222279	0.112727452979512	0.789327351907053	0.946913290689736	0.0318127103758084	0.325707814347762	0.797357546183099	-0.115038378855861	0.104127694420901	0.972745479191146	-0.191751003357797	0.000820289546435728	0.0367511862460524	-0.378239129452195	0.00261265727745282	0.0795539463134511	-0.347252134698928	0.264551836990239	0.869630474671362	0.176120931992752	0.618659780887575	0.959216254049466	0.0822445062493669	0.00687930869023141	0.135198100137536	-0.309566645883002	0.0009003743542434	0.042435034782602	-0.380415779207987	0.00011311121637859	0.00851476101072161	-0.431042122156034	0.000310119297876291	0.0158570433442406	-0.410452731482935
PTPRR	Q15256	Both	Olink	0.000554077925008613	0.0165336722054236	0.391906804801	1.6986376207856e-05	0.00104620635280204	0.480389495211171	0.0118974126423465	0.22008183113146	-0.289053719421061	0.0705011537095276	0.433730139733984	-0.212930005107165	0.00294378007549965	0.0809913096914116	-0.338828497371549	0.000708827847664877	0.0228390605745513	-0.387406975979919	0.574738818646138	0.861116206557842	-0.0658238911581796	0.393636170049102	0.920861577799316	-0.101332617574149	0.00111237732956932	0.0322410969319022	-0.369284125356968	0.000772487426222663	0.0301214521591859	-0.384910964453641	0.000121161872295972	0.00497497990791035	-0.429348403298806	0.000912135725749298	0.0268455470588197	-0.3800320233814	3.726974470106e-06	0.0195947262830809	0.505527661273788	3.96952640587567e-05	0.0268935413998077	0.461476133324243	0.278391339457148	0.738604613199546	-0.126786208551914	0.109731411995905	0.628596435426369	-0.188766683223559	0.0900044870225028	0.862775725616708	0.19714982176251	0.0670192375410026	0.552431412323956	0.215558938663481	0.291011654021621	0.774769633959379	-0.123532500827793	0.259492165563422	0.972745479191146	-0.133688680755636	0.000325809860639452	0.0198414544344475	-0.403935794780815	0.0336886827150162	0.358093540489479	-0.24893853260987	0.199572528699632	0.839296831859207	0.201983888272437	0.850675734621581	0.98489492622283	0.0311513659710429	0.202668160905374	0.610256351170626	-0.148785946826938	0.00211676119268227	0.0712599109586205	-0.354087858516875	0.0107281992605978	0.162708286409625	-0.293037388487856	0.000917034080774862	0.0340433199849298	-0.379873519639516
PTPRS	Q13332	Both	Depleted	0.00294951983671896	0.0477392482181533	0.340982391606022	0.00210313962164805	0.0431938927336793	0.354295180012901	0.00427847553253571	0.103063304539989	-0.326283102638954	0.0091919085915451	0.17832835882269	-0.302902358970276	0.136868684807308	0.568889567464391	-0.173376145517958	0.0305454411418677	0.257424338450775	-0.253379978176041	0.511706886308739	0.723243727264569	0.0769493708654891	0.722225510736928	0.883317735737611	0.0423182503691837	0.00671846811590287	0.110619175367829	-0.310421592301839	0.00427599807862599	0.0878196580181674	-0.33063911469156	0.00231474764965359	0.050064099608437	-0.346632869421969	0.000959959080424239	0.0255015216582265	-0.378516450037974	6.65629059162542e-07	0.000271132903432209	0.537388591795458	4.89356490465822e-06	0.0051369432465026	0.506240369569768	0.0482850813029412	0.398102215199121	-0.228843902920992	0.130632517606472	0.670963089444168	-0.178577578021392	0.735390223935173	0.991405610839929	0.0396757561095095	0.537293802302538	0.81003832579428	-0.0733728816488007	0.418176233295019	0.972565265309277	-0.0948655872959169	0.90668854242856	0.979648246867986	-0.0139594179547245	0.00559453651931085	0.138111588416118	-0.316956652709853	0.0090023917663054	0.1884184803016	-0.30369205998721	0.701736677011281	0.950228349101605	-0.0608769832425017	0.481370580404943	0.771872632054461	0.116142520163359	0.0174528925509189	0.193885769974754	-0.273806532295601	0.000972774553636725	0.0354844926729575	-0.378121950260923	0.127015553490804	0.524956379368316	-0.177783762936101	0.0443900322765533	0.296418685475126	-0.236036114589257
PTS	Q03393	Both	Olink	2.25677483820912e-05	0.00132018783778888	-0.471257572398034	6.47516611444557e-05	0.00283027422099153	-0.450044416937498	0.000283645375242561	0.0187482674855449	0.407620000600683	0.0330272367023781	0.297354855360282	0.249843392672573	2.46361649948672e-05	0.00252515372513631	0.46646209538708	3.69021480535256e-05	0.00298521854403147	0.463146382163806	0.0909874095311178	0.429218130033353	0.1965613201755	0.108238686290746	0.654017480151444	0.189549888122591	2.70783117046521e-05	0.00183455561799018	0.464375674686194	0.000223880245536113	0.0113404759888386	0.419099916768779	9.08555494041905e-06	0.000613233723329604	0.487690539889108	0.000218232138718859	0.00969523108078866	0.419768261457978	0.0361204225282778	0.507183134982553	-0.242425014048454	0.0815519295716243	0.837141487148882	-0.205222795727459	0.00502906644669051	0.129132293233836	0.320696447486839	0.0730456546378367	0.583936897611613	0.211074033272069	0.489788367930072	0.976079072595515	0.0809778538218364	0.631983660210757	0.897854726997753	0.056993395300835	0.135194361582432	0.670405708853416	0.174107770578902	0.395134513162336	0.974725983626214	0.101013662691279	0.00101575075358638	0.0410848439137177	0.371982390406977	0.0512344298531398	0.434448308779939	0.229082688518301	0.000417393046969339	0.12568168414299	0.519908079277519	0.402600661365047	0.90591509964421	0.137868850283978	8.99699765824464e-05	0.00920070326560112	0.436617174368955	0.000336049897528684	0.0226046079096986	0.408285413156979	1.49285720305412e-05	0.00212928580014561	0.477298704323678	1.98685958480222e-05	0.00199421832400519	0.476980233924338
PVR	P15151	Pre_only	Olink	0.000846767571468527	0.0231791931179768	-0.379747053856231	0.0333056690206482	0.283591406954311	-0.249460663649402	0.021422557220878	0.316750457127918	0.265309987197257	0.069181555095326	0.428530318419048	0.213913782882335	0.000608608273366156	0.0289929408469149	0.386775167279212	0.00470370217691941	0.08277294090553	0.327318487637932	0.4196971515675	0.773727401869336	-0.0945573293398786	0.72170039870007	0.97242996857565	-0.0424016417774947	0.000563089835446329	0.0194391522810134	0.388961083951152	0.0185993846712026	0.255798104300861	0.274867863673144	0.000252673168968617	0.00872285717076373	0.410661668438527	0.01095351990639	0.157199402634335	0.296172176810706	0.0851355409532877	0.584834768018782	-0.200142111511096	0.387163736641191	0.998823757686294	-0.102718763525852	0.0976354842548822	0.527601520101158	0.19270699077417	0.0677188625054401	0.574517513730824	0.215022026446877	0.52859202817014	0.976079072595515	-0.0739059416615516	0.891750360371891	0.974545112022018	0.0162067794391968	0.191836436209522	0.725544074136758	0.152385132167279	0.864761540485322	0.996490931968062	0.0202820100354655	0.00604654512159886	0.132681273518485	0.314200355553724	0.0434567041135956	0.407762592000686	0.237051686633903	0.450399602630219	0.938548960498188	-0.11965188613687	0.578017887988705	0.948648723786656	-0.0918769544203864	0.00398413767093652	0.0990551659471372	0.328714490358917	0.0245274398182325	0.25467188470272	0.263083736454402	0.0010064869543488	0.0384671923354556	0.372253162416085	0.016505023663719	0.212487478045978	0.279811648159994
PXN	P49023	Pre_only	Olink	0.000862092241725274	0.023480100252015	-0.379222414852114	0.00662910961176667	0.104751527976021	-0.315059507058052	0.000880511463057029	0.040059834289823	0.376178848785424	0.000208393397177863	0.010860502045231	0.420971388472305	0.000247101160036388	0.0153941182459451	0.411244948092997	0.0042369770813985	0.0768040661577921	0.330956555069406	0.935639666859219	0.981510294590353	0.00948344356639533	0.606899572255219	0.970453357356573	0.0612182387686095	0.0174384240761182	0.21980525230828	0.273840411397281	0.105138789111753	0.557989054574731	0.191203470597161	0.00398198830191526	0.0690798616628724	0.328732824831548	0.0604518411837195	0.428859920439476	0.220833033288278	0.324481855571119	0.778358510452845	-0.115328298149746	0.630910095667373	0.998823757686294	-0.0571727406433166	0.00398745913755401	0.116821775813745	0.328686174987173	0.710643834993398	0.938978446041984	0.0441623127396184	0.641695994213416	0.980755103210386	-0.0546086245239059	0.636285067958513	0.89815715456186	-0.0562760856584263	0.0447021578224766	0.541393024950237	0.232517783571868	0.0810463722182221	0.972745479191146	0.205556615930021	0.000582440369682496	0.0286984254879921	0.388012826855612	0.0289404124086652	0.331683799552841	0.255797989030346	0.0857150411960394	0.716937535929836	0.268372465683933	0.578706483195198	0.948648723786656	0.0917113131271257	0.009308657038543	0.160168003647311	0.298417264308371	0.0127401648144396	0.190026931627885	0.290247797368413	0.00161694507725151	0.0524780977167854	0.357927318907737	0.0276968517454461	0.274436812541714	0.257750374555806
RAB4A	P20338	Post_only	Depleted	0.0131979621354808	0.133311585304264	-0.303629665455202	1.30217936343248e-05	0.000909293246922568	-0.512028274523795	0.0839046947754824	0.542494904844653	0.212744648528337	0.00123381003500762	0.054826031373793	0.39217427671161	0.00808367030860251	0.11225278542173	0.32100172133914	0.000114436801232422	0.00635644414118271	0.460274417990568	0.967363363901702	0.985556536708039	0.00509444977262791	0.730066714706696	0.886820601761017	0.0436225849890961	0.0049071550162532	0.0923829233216139	0.339776504207102	0.000195365686882311	0.00974436201510956	0.446155183603054	0.00244387989399048	0.0523933549202872	0.364245674298332	8.1412067510436e-06	0.000994855464977528	0.522190653732303	0.36626275007864	0.825019503402946	-0.112141264303257	0.0397602297942494	0.578416676292533	-0.255747995253895	0.00484212402722266	0.12352104354137	0.340263096187172	3.19718593387702e-05	0.0044389743315995	0.491640244891589	0.531335769183098	0.986449788797904	-0.0778226193129813	0.102952160774604	0.468554732048478	-0.204089171140232	0.290762335877236	0.972565265309277	0.130973823170775	0.207090684514393	0.637926847146046	0.158567450723178	0.0265479436574057	0.296270202277167	0.270991513790623	5.08791165000152e-06	0.00621742803630186	0.532043926903995	0.621481989810423	0.925399012842397	0.0839087357344179	0.569947808124401	0.815727980393759	-0.0979156624914963	0.0101340678276862	0.138366825535559	0.312108830477934	0.00066656527757082	0.0276116192946285	0.411226930946237	0.0190415336467439	0.181079798570591	0.285827650558659	0.00036808074317516	0.0152286097186199	0.428597559770833
RBKS	Q9H477	Both	Olink	0.00150866090104028	0.0355519221027753	-0.362400004089235	0.000234697365515638	0.00810229121716406	-0.417862049070876	0.0695255723176331	0.567831140414378	0.210755959223915	0.000715435736880087	0.0258510779592672	0.387138614676428	0.0580963942299209	0.378742721009956	0.21981979850149	0.00108701260238094	0.0295787423405657	0.374799520925067	0.0495941971650137	0.351833178840804	0.227557460451041	0.0176007417421075	0.332390314432831	0.277162127801016	0.000852869572641567	0.026078269456306	0.377108096204779	0.000820196842743818	0.031528133955117	0.383160045489987	0.00264192512813825	0.0530342007204048	0.342365132172778	0.000588371984324742	0.019895158811028	0.392746373227713	0.108337466787277	0.615436054537633	-0.186912845589358	0.25438039471608	0.998823757686294	-0.135119775774857	0.00724870993634394	0.153468780683532	0.307667777998754	0.0110668267837562	0.369447087991527	0.29577240117491	0.380671557742997	0.957592639042735	0.102684673152806	0.13219467256586	0.602374241058845	0.177867477802494	0.10129022556458	0.626473456580109	0.190674983655331	0.0780598462602667	0.972745479191146	0.207563124171818	0.264334212735836	0.750987546212869	0.130528309073716	0.0277195030903353	0.324491807234595	0.257714156859385	0.0113807567527666	0.383763880197948	0.386847048137101	0.157323047937255	0.8097659733541	0.230881540239176	0.0058766080324009	0.121569524945087	0.315214575581514	0.000545550414950031	0.031794443537948	0.394887370360999	0.031439251282807	0.260761738072782	0.248689907745086	8.38747890170205e-05	0.00606135141963001	0.443830772943829
RBP4	P02753	Pre_only	Olink	0.00173632595910861	0.0403900716668182	-0.358029945893562	0.0151213116644194	0.175497878417886	-0.283382714572216	0.042761944475363	0.447112336160143	0.234609881867005	0.00586039274075073	0.101620664422302	0.319520022857745	0.0579925733589429	0.378698491090929	0.219908528406947	0.093801283895361	0.413307070322201	0.197594881933049	0.844208044031001	0.958844844645438	0.0230760227871719	0.752855619574588	0.975257518664978	0.037487547301757	0.000316773521343711	0.0125144216777435	0.404686952047375	0.00621683100736667	0.120771412401173	0.317391414207886	0.000106160564075847	0.00449523638508665	0.432596488611063	0.00305477358885447	0.0651845387857923	0.34207597099243	0.924905473115201	0.990911514382565	-0.0110693831942896	0.465723661793384	0.998823757686294	0.0867118237457378	0.00226989529168269	0.0891509600066681	0.347259547273555	0.432837145887926	0.84247123028852	0.0932094184371112	0.316797801756316	0.946415037954022	0.117161587986996	0.538989059032978	0.866105865922761	0.0730682745045986	0.132435888599126	0.666482363060027	0.17532823277174	0.917817804977998	0.996490931968062	0.0122882865184877	0.00412350456204773	0.100871870708169	0.327544033593539	0.0243785608839109	0.306570301602778	0.263348329752102	0.112315167748179	0.760128055678367	0.248652342886186	0.483131948595595	0.921825470041921	0.115679557053736	0.10080184010809	0.487808904808795	0.190943173246574	0.0800704912648517	0.407754481109163	0.206205699080477	0.0962616379467293	0.41818627984622	0.193486235188682	0.178572090032324	0.561404134556379	0.159181103664214
RBP5	P82980	Both	Olink	6.08993530699083e-08	1.22249812458853e-05	-0.580051574513052	1.00280851769292e-06	0.00011564302480629	-0.53637467486913	2.660082219389e-05	0.00343277276883056	0.464769438775643	0.00118705546161987	0.03740605001151	0.372140105245506	5.95980391437091e-06	0.000873030735564603	0.496255715440515	2.71152069545244e-05	0.00229631908896128	0.470106827865956	0.0898647000394326	0.428717464867908	0.197233926706014	0.0105270883787828	0.259349177331831	0.297709719795884	1.00483523800854e-05	0.000825182877273678	0.485609956465685	1.63906091698636e-05	0.00153167416725277	0.48116107737902	2.71363924132639e-06	0.000226275764430601	0.511644402732694	1.37428731517502e-05	0.00103453295114564	0.484941669189159	0.973997709091014	0.996028859820713	0.00382800668001536	0.806200261724693	0.998823757686294	-0.0292118703042594	0.00197976633846059	0.0818230194309645	0.351604533859467	0.000326877940643473	0.0885221797429529	0.409033941191278	0.688231924336679	0.985140774904654	-0.0470983434794893	0.932556846534057	0.98324783355151	-0.0100787088157997	0.267699822047179	0.768219316934767	0.129620416718511	0.0641826760011305	0.972745479191146	0.217783215139747	4.83012803058597e-05	0.00581762087239466	0.451295987044875	0.00205669277506928	0.0723764856553044	0.355011283469696	0.0052746785916249	0.272233477686706	0.4228348229046	0.00919428742266278	0.415275315256935	0.411802424538175	0.00012234088035945	0.0112387723991224	0.429109134833347	0.000230822014935871	0.0195477393898815	0.418299389349154	1.99466434219059e-05	0.00270277018366824	0.471074714251395	6.2205758542467e-07	0.000129675081269297	0.54491096310041
REG1A	P05451	Post_only	Olink	0.0133232909432007	0.162640173225558	-0.286531754241291	0.00196397648871897	0.0422410816224477	-0.356485269876091	0.0127460924447914	0.229053808045451	0.286370010298733	0.00214308341796043	0.0555766130399308	0.353690601426058	0.755803528333403	0.922107423847061	0.0365120227656748	0.241969713184636	0.616295040160115	0.138677886369014	0.0546525280992164	0.363399520920493	0.222834615972691	0.0743958437098812	0.568782163932657	0.21011014676366	0.0327910535391036	0.315119698904152	0.246804641632742	0.0500964226619506	0.405818575754369	0.230183662628019	0.0129346857897572	0.155624569380418	0.285794755541671	0.0152443837661441	0.195465580109923	0.283053937197544	0.101278444741207	0.608795226504667	0.190681441033719	0.0440378416682757	0.71808710824578	0.236417248488059	0.280857021486122	0.740609678953071	0.126142941025064	0.389406852922376	0.819291010616087	0.102236824098921	0.507100700772138	0.976079072595515	-0.077788431052603	0.199484808960301	0.684970740783136	-0.151914962362239	0.430682509193435	0.841410137621172	0.0923496143571939	0.841405605913785	0.99498445719098	0.0238273842858088	0.0864054946300646	0.520353089883278	0.199348862649248	0.0341962793899791	0.359179827054863	0.248254169484218	0.13008022093535	0.796631282586909	0.237392894590988	0.345471290441245	0.897518309642436	0.155197887741288	0.536295656153104	0.833238795060968	0.0725336070471663	0.269787424890068	0.62079263291365	0.130863311048013	0.232125471056548	0.587732424867794	0.139643555337674	0.0691804638012718	0.390533360542258	0.213914602672363
REG1B	P48304	Post_only	Olink	0.041902635024516	0.333498211208335	-0.237156142242855	0.000525236446819922	0.0153052771062579	-0.395957142334863	0.0946593967142882	0.639280834216478	0.194406111940515	0.00182428890180994	0.0494382292390493	0.358828575060313	0.716801734624787	0.912201315253897	-0.0425813913054201	0.386588254170392	0.735184858051577	0.102842675772506	0.106178369223662	0.454570901415676	0.188044738421813	0.0116450680741997	0.277718006323357	0.293785979767876	0.0982545585214103	0.540101122906738	0.192358655075517	0.0428279000558796	0.383681352566723	0.237746113576713	0.068146348321488	0.428691168330993	0.211782798080152	0.0185172285727847	0.220578854647238	0.275052570218272	0.0666651907265878	0.557992645703466	0.212904333931733	0.0615895370957012	0.816174305766993	0.219887226298469	0.248196719439528	0.713269469439151	0.134993905350616	0.579188278666676	0.894832733837535	0.0659755395084176	0.407149877333317	0.962575258765517	-0.0971200587774553	0.262058246065998	0.725225838995505	-0.132977479585458	0.249558442678436	0.759561284092677	0.134609570577139	0.926325154850721	0.996490931968062	0.0110124646304346	0.326342589576345	0.781261853137716	0.114888537894646	0.0523458372015206	0.435813268252292	0.228026621478917	0.0593410079695931	0.664521204948749	0.293378237052101	0.0143318937925222	0.504408210100457	0.389191175147704	0.94355769357386	0.989567085752771	0.00831468316762341	0.244037495613507	0.602615442786451	0.138076507328044	0.544625188424525	0.817205866506678	0.0710606568646884	0.0936165742760423	0.434311142520154	0.197703902992296
REN	P00797	Both	Olink	0.000120499138186801	0.00510238538259734	-0.432178344889954	0.00164874026917067	0.0369263316483678	-0.362013869041901	0.0050007119330918	0.128185355819361	0.320893607836657	0.00489604135259157	0.0908785757912545	0.325911722260276	0.0449141971221397	0.334779946585292	0.232293721044619	0.168671103259628	0.537673116265984	0.162838519500792	0.638112987940946	0.889779365742199	0.0551956755783161	0.808151579683919	0.984085795702245	0.0289119898723541	0.000146114947045367	0.00682709493953352	0.424689493428288	0.00814938553886195	0.148220367854469	0.307437091060347	1.72916957377813e-05	0.000986536746302889	0.474157649574449	0.00123185085701234	0.034239136641061	0.371014499810486	0.246618455294424	0.722615126421236	-0.135441169010987	0.194125211929393	0.976028431036464	-0.153722764606443	0.00673620578065541	0.145908124968254	0.310326429656044	0.15098873999619	0.66914061388336	0.169784114708667	0.577560606741256	0.976079072595515	-0.0653398708315103	0.451055656915562	0.833910088586827	-0.0895773316944736	0.07889568857539	0.609704455729445	0.204181902550428	0.327890194717984	0.972745479191146	0.116126135317502	0.000266520520299058	0.0182853318989986	0.40926173800808	0.000714764045310097	0.0403261680005904	0.387165790460906	0.403030992957809	0.923881806804001	-0.132459057692413	0.104298286298935	0.771209702237692	-0.264057448039383	0.0598942044336803	0.397339765031269	0.218303392007759	0.202295538947402	0.56750457733088	0.150980758917022	0.0459523596438547	0.304476514999624	0.231209133102344	0.210225018762831	0.600165736209681	0.148394119484385
RET	P07949	Pre_only	Depleted	0.000289277032733449	0.00841658414286368	-0.423384969739029	0.00454736660416513	0.0681826011078502	-0.340077998910602	0.0562910817791272	0.446673389182425	0.229221847498513	0.0201804771112926	0.270985712520614	0.281205325435993	0.000876520601347905	0.0264471154283244	0.388924551184306	0.01926942322653	0.198121205436422	0.283213681052704	0.988385799927847	0.994794558458535	0.00177176612889803	0.194802511776466	0.554246028849458	0.159170478758873	0.00026041538391391	0.0113652713979571	0.42337747349305	0.000634058403688506	0.0203899834028251	0.404002654903295	0.000235968595318224	0.00930172978964094	0.426020416130272	0.000591803114626422	0.0185431642582945	0.406024502321333	0.317082821805516	0.791545134993032	-0.121321154289234	0.344833003464913	0.936700578111158	-0.116323836038141	0.0067309841561551	0.143048045892548	0.321049634142626	0.0971758021818612	0.595301845631655	0.202810903651932	0.776060778822655	0.991405610839929	-0.0346120480657443	0.300117577652545	0.668630227696281	-0.127505603937702	0.498896190295406	0.972565265309277	0.0821672970824104	0.875021813872756	0.97009407414162	0.0194318328319791	0.0973654778730091	0.546793907415628	0.199734791965695	0.048852181985621	0.421479182653332	0.239830516678756	0.663720736890727	0.937649410960079	0.0728713097270673	0.653649531566122	0.857498365618681	0.0762758471878441	0.0611773376222542	0.392200587103292	0.224945228889128	0.0690136673305581	0.429066781497651	0.221861326439007	0.0186059977163646	0.179034707024818	0.280651824754531	0.152739073758289	0.554739673371973	0.175307746865644
RIC8A	Q9NPQ8	Post_only	Depleted	0.816364152854513	0.96203232130711	0.0303543363700369	0.00012032383377519	0.00445562802646309	-0.483581971997829	0.587220136284885	0.944147543898018	-0.0702895003365299	0.00619042886933659	0.144941972912598	0.355374793839915	0.779176840643413	0.968315980420911	-0.0363375542380026	0.165766948765848	0.608262095233402	0.184431522617797	0.654900139972474	0.82216910004724	-0.05789521647738	0.590455469770708	0.798033278028547	0.0721442847004281	0.769237883908375	0.946697325858194	0.0380185151842641	0.0246969735152534	0.275613713567485	0.294759106841268	0.839213800596329	0.956783834090619	0.0262989868387013	0.00636656035806325	0.102367588915175	0.3542540864638	0.0442644598456841	0.399912794006284	0.256400567640195	0.116681266067008	0.772204834444839	-0.208268675529049	0.459124132087383	0.908812664525537	-0.0957491740023783	0.0540195046135402	0.448340598882195	0.254344669354448	0.568342978510511	0.986449788797904	0.0738567473859697	0.414588683911794	0.731287393563923	-0.109181676519739	0.0621382671115917	0.972565265309277	-0.238318551441496	0.255165735100999	0.68555588483484	0.151849680761043	0.797191127643036	0.969538329802424	-0.033305753775185	0.00829775841412688	0.183313244994864	0.343473303593398	0.898359803886817	0.979645837821806	-0.0220650822772373	0.888783925240905	0.963518804767669	-0.0271580925827389	0.11193607545986	0.527113233957413	-0.203895601569395	0.084915564016713	0.470597819630037	0.228193493219796	0.184809341151066	0.613687540452724	-0.170648350249097	0.151907701471964	0.5541230185037	0.190558537694183
RIDA	P52758	Both	Olink	2.06850207573337e-07	3.29743566190437e-05	-0.560482748243353	1.11447931570107e-08	2.87641804338086e-06	-0.60862384496269	7.19419715693126e-06	0.00186011048114249	0.492460407922987	6.0374613252282e-06	0.00102259501196053	0.502021644551525	2.02978439155614e-05	0.00224519008208863	0.470695948664714	1.17659958749386e-05	0.00109951202831322	0.488237495776844	0.0117993125468403	0.242272217854306	0.289374559133592	0.00134330892561678	0.107926799148698	0.368366653409847	6.61408985863874e-06	0.000569021698949555	0.494161110656435	1.16048505488e-05	0.00118676018819803	0.488528511457591	1.40704961574764e-06	0.000133793138900916	0.52394027661293	1.7157637840947e-06	0.000221415231185554	0.526485716391374	0.329574633323871	0.784670209754417	-0.114128462254406	0.55711897900531	0.998823757686294	-0.069839341261939	0.000167872185639934	0.0181973449233688	0.42119194226831	0.000342982615240223	0.0885221797429529	0.40773194253917	0.160987953825829	0.909785136741578	0.163515606197375	0.436014422387364	0.828542904978494	0.0925698925295168	0.0448011262359602	0.541393024950237	0.232413094379947	0.0972006521681822	0.972745479191146	0.195617911181118	0.000155729782735189	0.0131943500441606	0.423088465478821	8.03728497174258e-05	0.011463706459696	0.444863172378847	0.00108745307163433	0.173352813184062	0.486506466636987	0.0396788321919993	0.669966574706031	0.330820261505246	5.30607752848212e-07	0.000391750444010019	0.541349642964855	3.75578258565882e-06	0.00145402440101934	0.511476092479782	3.54620876720925e-06	0.000711868574750894	0.506493930972521	1.98941402782506e-07	6.34272001812459e-05	0.564381255835494
RMDN3	Q96TC7	Pre_only	MagNet	0.000367091202602058	0.0476550948646054	0.431799866629991	0.337344576044295	0.837137395306567	0.123898252162567	0.00464499084238547	0.206983607082662	-0.346860828235291	0.244354566655885	0.695801476903928	-0.150064867742884	0.0387856556170836	0.750451402433177	-0.256976551591633	0.594476130641186	0.999700003347887	-0.0689322202104108	0.275637730354415	0.425315091800805	-0.137240969218106	0.113524828222414	0.54465990179791	-0.203015995528197	0.00743243309327496	0.280560698492839	-0.329100463780624	0.501957733492456	0.999949581968127	-0.0868760627998973	0.00363161312724158	0.205395657831106	-0.355774879643787	0.590992252376525	0.981439604744463	-0.069582969329609	0.445004111469501	0.930151153642866	0.0963833324117725	0.976060789968425	0.999576267023585	0.00389015704384902	0.123488962412348	0.954561408857116	-0.192993503327272	0.578088298582346	0.999891586200698	0.0720084847509112	0.113126261452517	0.999744779521394	0.19839843087747	0.170411344319981	0.518056946088568	0.176323187801742	0.089160688705454	0.748292595007154	-0.212547007904073	0.380679978841142	0.719639053262805	0.113280310459833	0.0107895517027929	0.677169876660442	-0.314261377528063	0.95002413431283	0.986482276498542	-0.00812514660560178	0.983850803407776	0.995357830348218	0.00349697564434428	0.10764610031967	0.429723455760646	0.285212269174051	0.134101277673711	0.766572149055126	-0.187805517977341	0.105853270927075	0.999596376499422	-0.207354860086948	0.0482360772853578	0.881132318610169	-0.245997673687742	0.65764058956332	0.999688238641496	-0.0574048240072033
RNASE1	P07998	Post_only	Olink	0.00341240959584605	0.0662912545142853	-0.336123436551693	0.00182512572490622	0.0394110813904052	-0.358814063490741	0.0532385854820592	0.50096030089021	0.224117463421847	0.019332434899257	0.21117894396521	0.273249997895483	0.0158791330538413	0.2008058676854	0.277641571872585	0.000185801237583667	0.00875689311046499	0.423944710672031	0.000718646986768142	0.0721308642274691	0.382050676655361	0.00951835671812373	0.249594959982414	0.301574823292968	0.00357080002753295	0.0768005402747167	0.332413646345899	0.0041344206448515	0.0970067527926197	0.331803406644174	0.00280860988134183	0.0555571735652289	0.340370064291366	0.00301657101416133	0.0649510899404698	0.342495841559243	0.0115232526279493	0.342935768916539	0.290290020328661	0.0338032174325206	0.711054641673657	0.248783362088601	0.00843028071062133	0.168817923446665	0.302117270478017	0.0348808939604095	0.490195904438205	0.247344475620594	0.574472428008048	0.976079072595515	-0.0658696417815005	0.150467354623691	0.626369479309066	-0.169997881712803	0.00414742015442532	0.303770503202503	0.327346724699517	0.0276976818665208	0.969759868974114	0.257749046817142	0.0177082557312153	0.242370570866633	0.273212511783686	0.0112277848689879	0.208406143801078	0.295210574332732	0.000787247543250751	0.160886210185583	0.498158870196813	0.014833698294386	0.518700933906916	0.387373932560127	0.0160653780490933	0.215456176150524	0.27717108801662	0.00190285120309943	0.0661118815435829	0.357491605911045	0.0104575590568901	0.159337092779008	0.294013120498084	4.99106923927036e-05	0.00409063454832335	0.456176687254902
RNASE6	Q93091	Both	Olink	7.35156279247857e-06	0.000561203807538505	-0.494991215367259	2.81553748743806e-05	0.0015732178538056	-0.469264658545867	0.013595547384726	0.239246320861087	0.283834684011403	0.00532726437174296	0.0956810016631404	0.322927472151584	0.0148950162691339	0.195302125562251	0.28020952708427	0.00291975023935945	0.0606323612924453	0.343581613753361	0.00116905719281486	0.0909403642394084	0.367798594926952	0.00250153232990227	0.134240645822478	0.348676030844323	0.000209795459255173	0.00924464544034991	0.415493748810796	0.00290511977523754	0.0759949009538503	0.343748471577846	6.3114573307034e-05	0.0028785979571647	0.445065504959219	0.000832272440665678	0.0252006515553518	0.382731562589077	0.116548334626741	0.624073534381286	0.182761545848043	0.0754547922699914	0.837141487148882	0.209363915674611	0.00392639322801345	0.116289897791437	0.329210144134548	0.0374747399358572	0.504252261067154	0.24402774102338	0.218854379443364	0.923462499428928	-0.14365473834357	0.0176608819957945	0.53475966713523	-0.277020844606856	0.125135879798734	0.659948277983913	0.17865392651364	0.361054373182754	0.972745479191146	0.10845659971714	0.000633932886720884	0.0304063384604176	0.385622728200718	0.00203711092798955	0.0722244504610916	0.355317549231781	0.000234665174203314	0.108931101577166	0.538459593238812	0.0237514588346064	0.585149576743485	0.361489947181614	0.0115866632599822	0.179408767097213	0.290078067627035	0.0222152892774457	0.239854318493538	0.267356622825734	0.0288870605598417	0.252047344894433	0.252443207273394	0.0106235662340013	0.167870929995006	0.297357177432546
RNASET2	O00584	Both	Olink	0.000410218120221305	0.013258882985014	-0.400252837574731	9.81711345669037e-06	0.000673528543484327	-0.49203790774734	0.0441263607665858	0.450342335948662	0.233130690259396	0.00112552546177915	0.0360967337446331	0.373750514159799	0.00250625218944155	0.0742288899823671	0.344073997766451	0.00029586088181558	0.0129319837051649	0.411716285540992	0.5567740699785	0.850614910332841	0.068931787766735	0.0890441034048788	0.604338851139045	0.200458215799068	0.0803979241610775	0.489588092462028	0.203186733720848	0.0559655998242398	0.426264383059307	0.224709607497833	0.015769644120313	0.176593948620034	0.277920380265368	0.0113076211564662	0.160019077462263	0.294934497102698	0.943131712184343	0.990911514382565	0.00837753969480486	0.441155157165195	0.998823757686294	0.091540699859269	0.00755854525308109	0.158174962438994	0.30613959060757	0.175648442679534	0.690866879044323	0.160245339875132	0.0791111281531295	0.862775725616708	-0.204038261111977	0.00350540516184824	0.461850089233618	-0.337447651543019	0.166228081180321	0.711467101977693	0.161520777652956	0.696448612391088	0.989266089312206	0.046436810398933	0.000869255713849915	0.0379948868473108	0.376553995916443	0.000340649985918712	0.0260045482208369	0.407917014565141	0.00788420862385966	0.307619387123073	0.404503400804342	0.00684497474991668	0.385985027211382	0.426042915527934	0.0439179541882108	0.345479407402181	0.233354158140362	0.0579748309587789	0.35242380947443	0.222943304476241	0.00672591236338454	0.123994710916817	0.310381626987137	0.00105094183277297	0.0379740315575301	0.375812973579489
RPA2	P15927	Pre_only	Olink	0.000676456784387581	0.0193989194252947	-0.386243120186111	0.486801126012774	0.885157469269068	0.0826785794230424	0.00118865427656521	0.0491794364807897	0.367300111123882	0.762333485390825	0.955251690639212	-0.0360053077261716	0.00109172166628571	0.0428777639946996	0.369842574057746	0.349555657241215	0.706937187405741	-0.111064037747535	0.827682765905178	0.954433929842438	-0.0255600836903558	0.401711987805623	0.923416547667386	-0.0996218874690806	4.10125481754205e-05	0.00255503461046873	0.45504739001561	0.137016536070876	0.597904295536177	-0.175714977703613	1.50648291776094e-05	0.000887514936333076	0.477105385272197	0.335427825217495	0.77715067177937	-0.11434175567329	0.796499124348888	0.960358741239378	-0.0302792186006283	0.450809291192371	0.998823757686294	0.0896258960040261	0.00377498485802744	0.116074274209166	0.330541238309986	0.820611876838811	0.96497890065188	-0.0270012232924938	0.332814337428132	0.949622709222279	-0.113371315563644	0.963749703606968	0.990317953332228	0.00541274774385159	0.019532379804137	0.461938422315246	0.269170726230887	0.120065058006637	0.972745479191146	-0.18355904038152	5.83362423028915e-05	0.00659114686395776	0.446911830258873	0.641139254222966	0.970044012953133	0.0554689924384767	0.803752879239848	0.983004842753666	0.039521044189095	0.816168657605819	0.98143102239185	0.0384635562002216	0.00224117322601043	0.0690179482100939	0.347666712143911	0.0249408826222409	0.25699540648773	-0.262356026422356	0.000448193432396434	0.0216893607463274	0.395293000436647	0.243591070472865	0.634353211242548	-0.138206044893418
RPL14	P50914	Both	Olink	0.00118893561239198	0.029695995480021	-0.369669255026284	0.00127648802224833	0.0302120745877115	-0.369929081031358	0.0470016241916118	0.466998998488735	0.23013329146845	0.00963023140645653	0.139115649500084	0.301129009158337	0.00592578320918962	0.122586812953465	0.31491845493808	1.58103786215157e-06	0.00028320132419661	0.528011865964538	0.108716355999773	0.460345819936541	0.186716023034131	0.763004426062921	0.97858116168032	0.0359005890775835	0.00485046589612586	0.0922439479193057	0.321955150431615	0.0027096893215617	0.0730672443923603	0.346052459151928	0.00284663583793666	0.0559013269623794	0.339929802050172	0.00430846170174485	0.0827635788126677	0.330376972294898	0.907327703043838	0.989524402657266	-0.0136708453391405	0.750295692383413	0.998823757686294	-0.037888861879152	0.00109346617575588	0.0592658667259687	0.369795041070983	0.265599490097557	0.756153427604478	0.132003696888612	0.89830662822293	0.994207283659295	-0.0150084163980307	0.423822424136376	0.819638219695252	-0.0950385549015634	0.165448521136346	0.711467101977693	0.16181457786648	0.210693086620996	0.972745479191146	0.148243613059098	0.0136485861710666	0.209561861323459	0.283680973725935	0.116844197964116	0.619258807133306	0.185143900942278	0.0826464634206705	0.712152355707526	0.270940599259551	0.664125589611351	0.963774260686936	0.0717770242015963	0.00169531180132749	0.0604512497578618	0.356460548802271	4.0473193546951e-05	0.00592877591958039	0.461030380002654	0.0113221575291216	0.166861737189521	0.29096896039101	0.000107152529082737	0.00716995935343747	0.43783678146918
RPL23A	P62750	Post_only	PCA	0.310065787719694	0.810885727678325	-0.158487885247708	0.00102353522376035	0.035986567980847	-0.545604684351609	0.337338713898238	0.918207570654446	0.149900966728481	0.0211826057910157	0.328367301591826	0.399722839965397	0.872779839930395	0.995592439207418	-0.0251568203380687	0.000265447220954821	0.0273764567211406	0.594317608497886	0.446010030987926	0.758217052679474	0.119316495061544	0.881984157445544	0.975578971173792	-0.0268741905513544	0.782340032324675	0.968672907538392	-0.0433896397153079	0.00127023546197107	0.0477721323810454	0.537067466348222	0.777476240717896	0.976664794876593	0.0443841711890548	0.000981017896207192	0.0410171536603385	0.547255872723281	0.364899727782088	0.811063044366222	-0.141649618992321	0.11459444836945	0.630988378043756	-0.279942508630577	0.796097136315657	0.965096151794668	0.040585553798751	0.344981425058961	0.879909019166145	0.169741193584005	0.373038103681339	0.917989914705615	0.139285750081987	0.88911344680362	0.972055478590248	0.0252403650846101	0.766483101734699	0.971919784765646	0.0466384115919723	0.892767851029945	0.972257722060779	0.0244036473944779	0.0826563988536072	0.761010940462828	0.267691792808427	0.087992749808011	0.628472890322625	0.301658927499014	0.643086148002395	0.994885957656323	-0.0974453763931642	0.346731221541156	0.892257368890448	-0.284168921723486	0.255761202191923	0.820876721557894	0.177154731674691	0.000537292166044903	0.0639377677593434	0.569811186571716	0.939465858875452	0.993927238926932	-0.0119321320997474	0.00610120845636063	0.145208761261383	0.467361845752169
RPL7A	P62424	Post_only	PCA	0.0172447226476742	0.234013911718877	-0.278007083482781	0.00157079617257793	0.0495922791628174	-0.370945486561049	0.00751444864116197	0.261915172637968	0.308383725870532	0.0222967794289023	0.336663656496248	0.272850318564008	0.174775150919246	0.76811692747748	0.159453528129147	0.0059366892006235	0.161123827953764	0.325685146464537	0.102214872949117	0.383460886611754	0.191470591352878	0.0864911952084054	0.581187514989941	0.206390527433607	0.000660629190960366	0.0393074368621418	0.386920344808176	0.00596898921493813	0.12649351117136	0.325486279139477	0.000369130727078857	0.0228418093916397	0.403131928286661	0.00529874720366741	0.122345700359306	0.32982242395006	0.823494762911148	0.95812434555965	-0.0263738081659598	0.839086231430185	0.987826294214702	-0.0247118550357522	0.169090729188927	0.820543941240521	0.161553905609472	0.116219097821977	0.807706599916389	0.189458157265798	0.150458977360055	0.782359535542085	-0.168825638947671	0.664316829191492	0.913372349992053	-0.0527824512569507	0.426172056824678	0.971919784765646	0.0938990808490877	0.972954249584487	0.994600768343319	0.0041265059234348	0.0218318410243369	0.453266209089851	0.266288876659349	0.0764820033102196	0.594122807805994	0.213129101899567	0.835240717357328	0.998438495118368	0.0335089647801354	0.908807882453218	0.984053465198181	0.0194981020255385	0.147470526089171	0.693952436348913	0.170053445399864	0.000617982721878669	0.0639531208693578	0.39923027693305	0.0652794665865089	0.515862232739623	0.21542788615454	0.00511526901018367	0.136436571702658	0.331093776393725
RTN4R	Q9BZR6	Both	Olink	1.00782925890057e-05	0.000718741392531725	-0.488492146876009	4.88981977207989e-05	0.00236632349684581	-0.456654538048147	6.46428519206618e-06	0.00184402240742098	0.494622979397696	0.0001524071530005	0.00840252095602223	0.429014458286778	0.057400099198714	0.376189283744897	0.220417371659051	0.0172867394939559	0.181101904795808	0.277906588155763	9.62276196463573e-05	0.0217641040951154	0.434989459920217	0.00197338481748281	0.125504496463776	0.356332881627483	4.35568099086875e-05	0.00260369944349506	0.453672181484478	5.39569822626838e-05	0.00379801095926943	0.454352662678276	7.62890298922297e-06	0.000536995509111539	0.491268178292294	3.67325649991867e-05	0.00228839657811025	0.463251533492305	0.385177706241721	0.80979952204427	0.101721772266691	0.322509322430672	0.998823757686294	0.117415931000125	0.000851855705675526	0.0536867200553646	0.377142696976053	0.0898699883288982	0.603525527198933	0.199952618842834	0.934584349199352	0.994980149630523	-0.0096392834200182	0.270779400734996	0.730726765722929	-0.130594938499452	0.65205147416459	0.926197527554786	0.052919394896182	0.953579402607435	0.996562040053845	-0.00693283151711333	0.000228895401119037	0.0169946996447285	0.413238783816137	0.00248090658763978	0.0775255351131011	0.348946529828	0.00289823661309478	0.233743053345113	0.448421947572692	0.00520713061367025	0.341993510616987	0.438730059019242	0.0203033782404711	0.241855626512864	0.267558976400137	0.0984637928415503	0.438234466987344	0.194897093869336	0.0135560694233848	0.184938975006754	0.283949431132267	0.00439234718835781	0.0967744787028427	0.329707628275221
S100A14	Q9HCY8	Both	Olink	3.53221581891251e-07	4.90887429192457e-05	0.551505583867121	2.06557240221404e-12	3.73180080666671e-09	0.709760682693284	3.11569474170269e-05	0.00375268122222857	-0.461253293031281	2.18223517147131e-07	9.85642885781208e-05	-0.562846737757329	0.0010538332303976	0.0423094526574444	-0.370892277101806	7.22669203075655e-07	0.000156674683226802	-0.542256255688588	0.534783056479619	0.841371310920039	-0.0728022895795512	0.0795800586846588	0.57818219580543	-0.206534275964092	4.37152489590499e-05	0.00260369944349506	-0.453589031371255	7.05314076355233e-08	3.82280229384537e-05	-0.5810686958444	1.75975694055971e-06	0.000164446252031615	-0.519806556153336	4.59563733923803e-10	4.15139239644502e-07	-0.650758149022129	0.0923218839621155	0.596254317219842	0.195770294576717	0.293447692055052	0.998823757686294	0.124632991839704	0.0142197820790592	0.221647179798375	-0.282057533876929	0.000196661402546051	0.0635038998953142	-0.422476232469911	0.842046579775078	0.989462427434508	0.0234003339021993	0.149638938158887	0.626369479309066	0.170338670498018	0.933499300345289	0.992134774095136	0.00979953104617089	0.722284375458346	0.989266089312206	-0.0423089035145773	8.89050446396463e-06	0.00219029700884947	-0.488137054686574	6.9524631749942e-09	1.25607834694895e-05	-0.615271145091694	0.952403569562063	0.997622080356309	0.00949656160977316	0.647935425806896	0.963774260686936	-0.0754707104284232	0.0682712239561657	0.417156045266154	-0.211689142474722	0.000339393806997129	0.0226046079096986	-0.408017161587164	0.00367597477679903	0.0844228105519099	-0.331437607921377	7.39536551226276e-08	2.86306293403316e-05	-0.580326096258951
SAA1	P0DJI8	Pre_only	PCA	0.000397018942459247	0.0268709549967259	-0.401147809575445	0.00208826740368265	0.0598249939536491	-0.354522917130188	0.0228501865477631	0.425894440836018	0.262582244284856	0.0475430102051058	0.496122678486052	0.232730741405845	0.00133339504419526	0.082510485334803	0.363832813444086	0.00236396346797773	0.0962381969726724	0.35051938672513	0.00163567810202383	0.0562309783073527	0.357570964775324	0.000929311567792506	0.113666302998406	0.379479586071277	0.00194794064171462	0.0763376987466911	0.352115439752791	0.00371137039158804	0.102526607067619	0.335506707298864	0.00534123412182615	0.14514440754213	0.318588491227201	0.00717518904147775	0.140506549964128	0.312159835635426	0.500725311341137	0.862643226303505	0.0789562701253163	0.712792805272047	0.959559777335275	-0.0438193761101441	0.0370689723603493	0.562212747465298	0.241239147775625	0.0814307835855964	0.742583721870203	0.205302638525004	0.123722811386444	0.74954093946137	-0.179314675558454	0.0497514878371712	0.469302144415268	-0.230521422382465	0.243151262995744	0.967858932194094	0.136430680856637	0.0974627669041242	0.695357632092521	0.195467734332908	0.19224187386114	0.848687997660575	0.152247818395422	0.127278302830559	0.680394089749841	0.180124358698927	0.00373100962402215	0.577187188836227	0.437865314132532	0.00214994628244259	0.329228614549189	0.476786518839446	0.0193906881627341	0.352910524561761	0.26947282863433	0.0257206292680497	0.386266936415613	0.261010954782051	0.000394253163735562	0.040660642953261	0.398796390169929	0.000354671345923711	0.0500662223024838	0.406821555520517
SAA2	P0DJI9	Pre_only	Depleted	0.00283096703842052	0.0466864747349781	-0.342336142572772	0.0118079345175472	0.124390482590024	-0.293241963137751	0.0342363783707082	0.34480103287218	0.244859704097086	0.0735581652304564	0.479838149204671	0.210706491370153	0.0582679561543647	0.363282869493029	0.219673456445953	0.109842038711559	0.515982165459184	0.188708968348449	0.0535752359047787	0.213253870604689	0.223809522285708	0.148265838138286	0.500385918599897	0.170906643878243	7.74544007759795e-05	0.00485380911529472	0.440213737315975	0.000312746286041514	0.0129009160025678	0.410225757316225	0.000165091976781477	0.00747194057877648	0.421614755862203	0.000764318309867476	0.0214711948197254	0.385220575010048	0.250755837205335	0.746501411941889	-0.134272800249001	0.246566586250418	0.892056923864685	-0.137345706791162	0.0112655580758083	0.184362384445726	0.291161942251116	0.0889030690553892	0.57786994886003	0.200544924526077	0.379532881743821	0.981380535740747	-0.102929074833765	0.157827325736767	0.532851166849774	-0.167029915580794	0.267704566901527	0.972565265309277	0.129619142210817	0.494304937956538	0.817688611339517	0.0812651937036006	0.0340754499442033	0.341313113375544	0.245072821267779	0.0580376173420673	0.45425949983233	0.222888917156366	0.000437418960680088	0.33023634289395	0.518350429933107	0.00637178024723737	0.323879341237881	0.429412166905499	0.00145163100980315	0.0499688195487168	0.361244330192666	0.0030549393888811	0.0794284241109085	0.342074158981922	0.00327486126537379	0.0596382976234805	0.335304283643795	0.0248184775956744	0.212829330680099	0.262570402085816
SASH3	O75995	Post_only	Olink	0.00562666540099782	0.0930431908385521	-0.318845570759498	5.49289809491641e-05	0.00255494531296159	-0.453933430294554	0.0899571039701733	0.630577830672882	0.197178318947091	0.000145831829504377	0.00823342204076794	0.430132180336885	0.000356322701232807	0.0197068269457328	0.401533172202344	6.65351577163338e-06	0.000771135967465592	0.500051185605229	0.817745174051042	0.951041336719587	0.0270592344451022	0.168526985088865	0.757129611498813	0.162892904190674	0.00263504950941102	0.0615602083664127	0.342449822507306	0.000164480837533544	0.00891486139431808	0.427073037220126	0.0015689845250636	0.0363414364352339	0.358856908537413	9.44741110415506e-05	0.00474120075782596	0.440932474666442	0.870484955840916	0.981899783695684	0.0191463882532811	0.877586369537417	0.998823757686294	0.018342886823104	0.00331212555776009	0.110133254742698	0.334927775755903	0.000735305177593199	0.127602209260802	0.386345033354445	0.58809136353563	0.976079072595515	-0.0635430461143792	0.487535662130092	0.846936951520864	-0.082539720841984	0.0251070821062103	0.480689291267897	0.258552198685299	0.414564662068714	0.979141458047756	0.0969403426655651	0.00689850826696336	0.143433303073916	0.30946576884815	0.0049535184894302	0.122036682785053	0.325500831298772	0.0698210340191463	0.684286552063	0.282558346471233	0.511704283265012	0.930442862251824	0.108287418709585	0.0127074416311953	0.189215030308607	0.286488814362612	0.000100490625294053	0.0104742151748801	0.439418466344058	0.00421117985311757	0.0939283736785894	0.326825590531028	0.000132303671579214	0.00814870340862888	0.432585896632029
SCLY	Q96I15	Both	Olink	0.000436693226327752	0.0140051910455409	-0.398534367393015	0.000243517086441037	0.00827618176635059	-0.416890936362567	0.00338025278340746	0.0974519685429171	0.33424909902743	0.00672776497600252	0.111172213932725	0.31452047444919	2.36855743541218e-05	0.00252515372513631	0.467326720158391	7.91102920340892e-05	0.00504444450382074	0.445245612520282	0.978906176815725	0.995088080420251	0.00310520748462167	0.972629976940269	0.998353002356196	-0.00408618916459364	0.0161166718305908	0.208976940961249	0.277042336782176	0.000879947811360785	0.0326665557368182	0.38109320381202	0.00378820860871298	0.0678844209661089	0.330423107687822	0.000379508549082149	0.0144854671551074	0.404974874362491	0.00777826679327805	0.294740028958622	-0.305088858748982	0.0421663886649198	0.711968307052539	-0.23848582666099	0.000954958211208294	0.055361675842335	0.373801853275348	0.00329570462487479	0.223283988335267	0.339531071953691	0.154180380145532	0.909785136741578	0.16618021920525	0.230076306923705	0.702938885866111	0.142207640712238	0.0753079108579989	0.600152581657764	0.206621254200232	0.0650395962373459	0.972745479191146	0.217103040432415	0.000447002463406547	0.0235218772006163	0.395366088168033	0.00214154186235989	0.073000986754658	0.353713745684037	0.177268753152501	0.817966533757245	0.212212044789759	0.50040378618537	0.927952770624267	0.111185235604778	4.42833622161476e-05	0.00642723111630919	0.453293164183829	5.68069546945417e-06	0.0018111393790848	0.503250699573089	4.38601964906559e-05	0.0047544452995871	0.453513206490572	2.61791050827698e-05	0.00244639223359676	0.470890843809699
SCRIB	Q14160	Post_only	Olink	0.0132108332086879	0.161679309073108	-0.286867222873032	0.000343030103806007	0.0108619773040197	-0.407728186752327	0.0168575165988464	0.271120890106076	0.275221015146287	0.00204499607365154	0.0538052365009289	0.3551939067305	0.0866834665650604	0.451838836365926	0.199176465242226	0.00326282039791696	0.0654980983581849	0.339868443178599	0.433182137901704	0.783002055863756	0.0918517645327733	0.206256522713669	0.795507414764037	0.149679828876823	0.0557600718268562	0.41078411063243	0.221848560510644	0.00114503315695971	0.0395291701319848	0.373231500174656	0.0219065205812606	0.216666681661373	0.264368387916525	0.000710360684467394	0.0225155257883817	0.387344522017339	0.563502137253315	0.885176394523683	-0.0677623800585088	0.668866082212805	0.998823757686294	-0.0509051918799911	0.54528569360532	0.877718791521847	0.0709443290858177	0.0916159922807231	0.607512440344342	0.198895666123437	0.645465389267015	0.980755103210386	-0.0539924778605851	0.743057022875222	0.933910725460262	-0.0390259554534661	0.212646123726203	0.739990636004849	0.145589996253269	0.188867145615049	0.972745479191146	0.155531504466716	0.00804670036500076	0.155761128493943	0.303839958623891	0.0251933816825274	0.308384158213552	0.261916610366176	0.51643552279275	0.95183642869579	0.102960265026428	0.427110043826423	0.909158591268565	0.130874959873021	0.00158028996184856	0.05826647342326	0.358635498119878	9.89737234171744e-05	0.0104742151748801	0.439792122229493	0.228857586800631	0.584861550716085	0.140616093472664	0.0188626099698552	0.22475663454613	0.274280737817367
SEC14L2	O76054	Pre_only	Depleted	1.49466871205616e-05	0.000993649285968038	-0.492371297242747	0.00899126686319997	0.106673088415829	-0.314544999215054	0.000114410879033201	0.014716852018797	0.444792430214698	0.0522480951762466	0.416954935929715	0.236425426115718	0.0148482289665661	0.16495032542858	0.29009722303048	0.0126461443931781	0.149310033318489	0.300925521225596	0.0133464076377949	0.101858240894365	0.294459199086809	0.252295340537452	0.605765934065343	0.140743442045634	0.00524746842145661	0.0964271640754885	0.330173778736905	0.0839356663135231	0.51019909587751	0.211130984128678	0.00385364928721078	0.0682486873763996	0.341125966984452	0.0355390377968432	0.311316875897795	0.255415103470933	0.261509177740683	0.750606105204728	-0.136028359254708	0.94424192859161	0.998323087468733	-0.00864144822547824	0.00628031692013445	0.137045487078648	0.323616576092668	0.0194595623807605	0.268061490307508	0.282787941042123	0.91799739600115	0.99915028120689	-0.0125308169258399	0.11831968100328	0.492598014565857	0.191196813898972	0.0288920254285721	0.972565265309277	0.261301723161767	0.616367366385841	0.876511134716356	0.0618441923788934	0.010608462478159	0.197916658752829	0.303640762787287	0.0238823792097709	0.308102462814911	0.27376512841421	0.00121602238994869	0.371494840129326	0.505204096515219	0.638763378857885	0.85308070925064	-0.0834883416069887	0.00232308011895809	0.0623669494492303	0.358288946428031	0.0156363960005	0.19282965276511	0.292130566800607	0.000999687076537029	0.0295636589779572	0.384959982960165	0.00124266052224108	0.0316360657953874	0.383579565832183
SELE	P16581	Both	Depleted	3.03190302883823e-05	0.00164666022277347	-0.464705710623979	1.74138631934321e-06	0.000209247642053143	-0.526208281830485	0.0011379735260938	0.0552912702429117	0.368604984977636	1.81701135601674e-05	0.00888155150820982	0.478928544404185	0.0001154617940573	0.00844481176468038	0.430536386631944	0.000322041217870499	0.0133401480758559	0.409436448526437	0.024129993808091	0.13811172099994	0.260257546032529	0.0218667166173195	0.28695414592581	0.26803327648749	3.34725283883778e-05	0.00267391815902281	0.45964611639869	1.71549060320263e-06	0.000399067654445669	0.526488695262049	7.50337464005971e-05	0.00456508516524143	0.44097098335616	8.46700814711433e-07	0.000229926310128305	0.539426483148728	0.623386552290499	0.910715614361624	-0.0576229903146268	0.230839722552795	0.885596531455286	-0.141977321224404	0.0863615432521353	0.521826924780135	0.199376161312215	0.00796819355351829	0.16751717250107	0.308276562861806	0.81744600897312	0.991482901206107	-0.0271044313167616	0.150107140753327	0.522400233592299	-0.170145891726761	0.163759110771534	0.972565265309277	0.162454801197377	0.0394184970415542	0.559751910669056	0.241665469679286	0.0152775363054785	0.217180756725743	0.279194481649124	0.000502003356952322	0.0438103934562708	0.397227908374994	0.967950272285002	0.992966242623289	0.00639264721162114	0.375478097170322	0.702114468077156	0.145900391679528	1.32876162682856e-06	0.000620672438685543	0.524989532965136	0.000183793628955505	0.010446316957378	0.424224789346079	0.0015252745682561	0.036191951891436	0.359726700000321	0.00394748757460815	0.0694076232542612	0.333396165973126
SELP	P16109	Pre_only	Depleted	0.00169732443630511	0.0337256985555259	-0.358740456503575	0.0117909652753878	0.124390482590024	-0.293298339831164	0.000739159975434388	0.0409926352593857	0.381243600853398	0.011564022711851	0.200443060338751	0.294059158083004	0.0247419447561803	0.222313650676855	0.259182787219526	0.0571275040474031	0.370343819341786	0.223682010378035	0.325340276735704	0.571038989120075	0.115125222436425	0.752177471276348	0.896721898620491	0.0375938184349849	0.000989827022317526	0.0307971008273908	0.37274585134205	0.0328625812550522	0.319984655726485	0.250070999210547	0.000676012480865112	0.0209031300573662	0.383797446056229	0.0527126286755275	0.375596689454779	0.227682121618403	0.536506308847116	0.900985169435004	0.0724962185483076	0.286495403804236	0.904027798876782	-0.126428017496792	0.0188928213989645	0.238315405675887	0.270549538266526	0.0507690167004421	0.438443380974842	0.229530508957259	0.0940202312584328	0.817972152890787	-0.194776479253741	0.198694141333307	0.576289275997968	-0.152179450704449	0.218213678890639	0.972565265309277	0.143852655083119	0.385873514259551	0.769379062729405	0.102996726266142	0.0153778278091956	0.217180756725743	0.278931979303707	0.304900019263782	0.78130033910488	0.121735937445052	0.104942650443905	0.6950673107992	0.25372366241353	0.664702427068661	0.862278520040237	0.0716460663375567	0.119274135678731	0.532917710418317	0.181433296412608	0.0493566107662702	0.36391548535383	0.230910453171368	0.0232939775093773	0.204785902996108	0.261763865847152	0.269534602375529	0.670817279231968	0.130931816404274
SEMA3F	Q13275	Pre_only	Olink	0.00177058180521312	0.040663361797691	-0.357417641699656	0.0408257576503805	0.316108009235803	-0.240014912389162	0.000741312559767661	0.0367564954922281	0.381160093026375	0.000407708569336444	0.0175850603839721	0.403007658026032	0.000377136129653667	0.0202859831316564	0.400000169210765	0.000859354418886126	0.0258761163909045	0.381790759325769	0.355657900681816	0.727421064790732	0.108159594560353	0.307215790496546	0.871702827248916	0.121158778977947	4.55059205123701e-06	0.000432889588135214	0.501617247787316	0.00572271912650878	0.114033594359109	0.320372875035993	5.46689277328259e-07	6.89082763516084e-05	0.540830861598018	0.001875893436835	0.0471347310933068	0.357944685234359	0.924034583516653	0.990911514382565	0.0111981370288404	0.432736635291112	0.998823757686294	0.0932296925907084	0.00104141177538507	0.0581902249751247	0.371243863402322	0.23638586024708	0.735020294885322	0.140319754169814	0.485502425176104	0.976079072595515	0.0817765292751416	0.816897759595198	0.952907828774779	-0.0275700436308641	0.320743817066008	0.796514215722133	0.116216621635136	0.938784631851099	0.996533343556533	-0.00914614379628362	0.000150322240000908	0.0131943500441606	0.423977310143803	0.00168741027219571	0.067248262318388	0.361286857049902	0.44288466172419	0.935401453327859	0.121631820931236	0.0664007515678182	0.727156581216481	0.296940359821501	0.000266902604725695	0.0187871703586139	0.409224065068082	0.00514173379276858	0.11709326536473	0.32418422493789	0.0054121791397073	0.111536163259367	0.318124664606585	0.011895914804495	0.175633473496635	0.292950789775001
SERPINA3	P01011	Both	PCA	0.00030680777506751	0.0237315814014719	0.408115165527356	0.000213941743697851	0.0122580695370584	0.420286652760242	0.666145509822401	0.959493660708475	-0.0506373912454107	0.31488776606298	0.844699490102833	-0.119266566584427	0.00529113812435551	0.170528972466208	-0.318919303262149	0.0392762712808847	0.418059308787887	-0.241834994219458	0.453151264001691	0.758830700420413	0.0879312765529005	0.581784511987024	0.90481490763085	-0.0655255333781654	0.00166296086803883	0.0733296190537464	-0.357058493661184	0.00117392892202512	0.0465658472403298	-0.372477221461789	0.00472391902783149	0.140536591077987	-0.322872095728702	0.00125402589714789	0.0484994515721945	-0.370470917565759	0.98712286047715	0.996248349007231	-0.0018954993391136	0.276599341789292	0.765472597044784	-0.129033510643811	0.0163872753159778	0.419161293580634	-0.276368882643302	0.0139626186955618	0.415387906192963	-0.286596725049321	0.0351806878605978	0.545925713285249	0.243625778769171	0.0824039685175747	0.51820707031174	0.204663892953011	0.482532726036236	0.971919784765646	-0.0823321185196012	0.827636301313771	0.958363623096683	0.0259270627728077	0.0947571302333479	0.774097801640412	-0.194349652955329	0.0221255127191169	0.368991420761199	-0.267530029318643	0.405632510512512	0.993651446499619	-0.131734240705244	0.481587330557382	0.920353546700489	-0.11608550132256	0.827734442075084	0.984075139442869	-0.0255522988661498	0.354198020938485	0.827701482932527	-0.110005053819373	0.0111879980669136	0.251099396139971	-0.291427765126368	0.0496414251009606	0.41772442207427	-0.230629600088252
SERPINA6	P08185	Post_only	PCA	0.050809927610597	0.42259654846018	0.227923429797287	0.000829603366430118	0.030557057330176	0.382825782208409	0.354422886951617	0.918207570654446	-0.10843593756896	0.0427585465565004	0.465827264245817	-0.23782322032358	0.0116930090685766	0.25582367172177	-0.289724854157265	0.000779873909290848	0.0465864837217113	-0.384633565780581	0.810602802370369	0.953955350908753	0.0281393691501297	0.668910466089111	0.926773319799567	-0.0508979465788517	0.401121178169531	0.895379578577445	-0.0983677714817384	0.085727940199226	0.534762594710495	-0.202526366032191	0.425028092282876	0.883089033758191	-0.093481900647013	0.054717265296966	0.426436693626642	-0.22583320723457	0.0023267311824283	0.135806108546927	-0.346467279403579	0.0397902870603909	0.459369955838991	-0.241224706582044	0.647641812244748	0.937232819029584	-0.0536373836014042	0.114509106478747	0.805333367714541	-0.186314030701213	0.743624894991079	0.979961567177914	-0.0383962419727243	0.243178020542235	0.704948173879493	0.138326043561015	0.777813928548885	0.971919784765646	0.0331295678845899	0.829197442963738	0.958363623096683	0.0256886194988664	0.383513869207621	0.888596220123531	-0.102076520034979	0.0250012112685687	0.382939344875999	-0.262250696879029	0.136616958678667	0.933796137410142	-0.233540145434022	0.0122062080543848	0.459757654084327	-0.397542915154699	0.458260113184725	0.918301029918095	-0.0869437842155684	0.0401232577630492	0.44094869187375	-0.240832858009597	0.0160092184915081	0.26641975700126	-0.277312459143634	0.00124127227623532	0.0738557004360018	-0.37078247864823
SERPIND1	P05546	Both	Olink	0.000397020759418813	0.0131210519271339	-0.401147684514948	0.000230667068077725	0.00806590650955659	-0.418317015198705	0.0163139414601992	0.264740097929925	0.276550438649804	0.00164899811830838	0.0456547844076826	0.362008970751366	0.00149900287263798	0.0545274870449521	0.360260363081918	0.000331599775112729	0.013745193987347	0.408646221878937	0.74110160519924	0.926875220457486	-0.0387878324382417	0.738834751159869	0.97242996857565	0.0396908224006175	0.000155880772164371	0.00718190354543734	0.423064057681063	0.000659169278885748	0.026464425863413	0.389499805889747	8.76560162933051e-05	0.00377060006595011	0.437245705843893	0.000525306678239545	0.0183687883616667	0.39595337928079	0.0133420845284896	0.368949480328642	-0.284576480293434	0.181074307413198	0.962596532847782	-0.158280303222803	3.91038120511867e-05	0.00921489831814922	0.456132145602341	0.018061184714117	0.425615744132671	0.276090815906924	0.633606794071259	0.980755103210386	-0.055935914840124	0.0870856673279376	0.562283072094068	-0.20167209994678	0.171458516807099	0.712252222067518	0.15957530076168	0.590919556358855	0.986791634720565	0.063949380765628	0.00272086022514417	0.0792852818294699	0.341406726164787	0.00684175965648727	0.146015227158255	0.313906221735676	0.000632329924255247	0.158253868140486	0.505834606109425	0.00862177873958237	0.402845179039107	0.414956338403273	0.0139327487261334	0.195850568655154	0.282866141718808	0.00470448657313157	0.111956167109766	0.327312647899327	0.000231296003932389	0.0134798316270274	0.412967708030815	0.000186389620331668	0.0104312098949251	0.423863153623419
SERPINE1	P05121	Both	MagNet	1.18897106689057e-07	8.74190976931291e-05	-0.569502078342575	3.34126074311741e-07	0.000245666196137708	-0.555678893501176	0.000123558072682361	0.0470218544918312	0.428864339784258	0.00370107832461045	0.259163603635222	0.335601392812366	9.21573703445495e-07	0.00107172094039489	0.531614305696074	3.6478522055162e-06	0.0107283333364231	0.51204773117326	0.18990211793669	0.333756352249286	0.153043141811753	0.871711448909159	0.952377573685455	0.0192305577330718	1.64059752067257e-10	2.41249865414901e-07	0.656258647561229	9.74367654081607e-12	2.86561527065401e-08	0.694192096476613	2.61748421559958e-10	3.84901053903918e-07	0.650743873146562	7.17689363006778e-10	2.11072441660293e-06	0.645238820890103	0.207553170345706	0.871425949484401	-0.14720763870674	0.145275389635862	0.999576267023585	-0.172157371881028	0.0123355052565861	0.56685501499406	0.287648364375266	0.0145286951444462	0.999891586200698	0.284998898393139	0.137899087829993	0.999744779521394	-0.172929248297316	0.032157621563363	0.400210775436567	-0.251056418414629	0.00681929782345099	0.555607980834301	0.309883555582216	0.00124470527987324	0.5850803055348	0.370698329549627	2.98198011873624e-05	0.0219250088230082	0.462232742638314	0.00360857369971506	0.505372154802952	0.336463100519321	0.102382451175887	0.380185339530662	0.255548301716328	0.7163483550742	0.881129448880477	0.0600837554604637	4.46445484746203e-07	0.000505064326955028	0.544333483274819	7.14156160174168e-05	0.0420066653414446	0.447706298643288	9.99088849816938e-06	0.00669655775440568	0.485728789857482	7.30761071762306e-05	0.0429833662410589	0.447155207365493
SERPINF1	P36955	Both	Neat	9.54558915268732e-07	0.000143852028530998	-0.534098110817046	2.27978865198417e-07	5.72606916423356e-05	-0.562118601867139	0.000770550315216981	0.082944237502285	0.380047150777277	0.00038784573281541	0.0343813834913425	0.404379730202621	3.50507175558441e-08	1.32053578391643e-05	0.58521636959923	1.38903636705087e-08	1.04663890257283e-05	0.605468268812799	0.63025214376492	0.862338720314005	0.0564884076677899	0.286634528317605	0.824608401582113	0.126391816541156	1.75049650080931e-08	8.69425117298568e-06	0.595467539242141	4.95617857145438e-07	0.000124482685119696	0.548891600164894	1.20683295284498e-08	6.66272415765244e-06	0.600814779503576	1.41360883069609e-06	0.000193664409805364	0.530088846335917	0.574963446630253	0.853089105240389	-0.0657853205959581	0.816948560111664	0.998279605744279	-0.0275622593594684	6.10904961988335e-05	0.0115079222214553	0.445831216735178	0.00463384980914553	0.202468525019516	0.327842022362049	0.347268991696429	0.871166376097314	-0.110048532949916	0.0961989216344308	0.391815607846182	-0.196194782354424	0.257365688722275	0.923700129470704	0.132433246537019	0.250433190753596	0.988165370089238	0.136238289807823	7.45587785374301e-05	0.0224720158511814	0.441122216037298	0.00424957295256295	0.173083957824658	0.330853803609825	0.241058133116938	0.777808200721991	0.18491218476741	0.362563758522029	0.851826864795905	0.149844958215979	0.000142322739828218	0.0142986912614083	0.425347803149491	0.000555588483522595	0.0348863268611896	0.394372087927944	3.3754791945667e-06	0.00053126502996199	0.507449984582932	4.40203163541108e-05	0.00592264728802174	0.459093683034534
SERPINF2	P08697	Post_only	PCA	0.00550346341560074	0.129511117126488	0.319631481310902	0.000260169870152324	0.0138787168664016	0.415142252374049	0.148601113865215	0.77639588942999	-0.168430109723577	0.0152585961098354	0.291420347924882	-0.283016117501919	0.00471214811582461	0.161993180781793	-0.322958489379323	0.0185097337203527	0.280730961425349	-0.275069455347848	0.881557981984457	0.965028879646713	0.0174969662947779	0.42580064767103	0.865564463202852	-0.0946352772235691	0.0649743267491226	0.483864639063139	-0.214209497060753	0.00563325357533531	0.124305193276436	-0.320936849574568	0.0340821381689476	0.365498797838176	-0.245063947305871	0.00195754318016263	0.0612941109286743	-0.356589849195669	0.707831809228544	0.924699835328993	-0.0439926044295372	0.377755493522348	0.84241559584906	-0.10475856645592	0.563753389378362	0.921659010832855	0.0677188383165892	0.469596623997988	0.90925313961336	-0.0859634661338297	0.0140398446510306	0.394902539548078	0.282562770287121	0.0562466492689744	0.479781596596873	0.224459462948229	0.664438151825241	0.971919784765646	-0.0509128202574866	0.960949369627662	0.991171756051224	-0.00583119771452073	0.011937953509787	0.357110275206077	-0.288921799533851	0.00515806133555398	0.16284736502249	-0.324072029711589	0.587275947368555	0.993651446499619	-0.0861991831436394	0.248373246479971	0.823767425368022	-0.189319608488949	0.130130428638641	0.67497881617316	-0.176363141136982	0.00671929947289025	0.223111278956033	-0.314566454515527	0.0805655771775537	0.573824553939614	-0.203076590748124	0.120417922345035	0.633221333794292	-0.183387399123971
SGSH	P51688	Both	Olink	4.73700130998091e-06	0.00042089421475568	-0.503829706195855	0.00018813601778633	0.00688984605676964	-0.423622468506633	0.0414720435808519	0.441190538613491	0.23604466984411	0.00599784476874305	0.102874426096795	0.318685995399792	0.00155514135407356	0.0561924409271912	0.359129986286588	0.000577393173197334	0.0196822075391796	0.393281406244842	0.382992091184067	0.749392467226586	0.102187958614432	0.102925254333626	0.644524568147102	0.192407561893965	6.53979591743695e-05	0.00350947464084241	0.444228550191755	0.000188875125778195	0.0100363057031158	0.423521224394208	8.09946103661569e-05	0.00356379159607307	0.439144805929593	7.86150791266241e-05	0.00426093728866303	0.445397160266135	0.308267223709517	0.77137966413	-0.119230632356483	0.341971771364165	0.998823757686294	-0.112813001886924	0.155333856412412	0.614095836255559	0.165722662131178	0.172347293614379	0.688830976917762	0.161462650841662	0.427858190890224	0.971636166669725	-0.0929141123305402	0.170124810698593	0.655815415353041	-0.162291844284509	0.783250879012625	0.962448633706965	0.0322982816686636	0.37509298602248	0.972745479191146	0.10534136245276	0.0404553512502428	0.364232564412485	0.23720187382894	0.00158829947366891	0.0659546187085096	0.363181533616731	0.948180066945961	0.997622080356309	0.010340341270359	0.449068266908762	0.913644897389449	0.124797396235484	0.0338502047959083	0.309483123174028	0.245372532212746	0.0395747028470257	0.307094899716433	0.241479866317248	0.00164212445834867	0.0528759583514344	0.357449187350026	0.000250298797460147	0.0130444180984038	0.416165938688629
SHBG	P04278	Both	Olink	0.000101162270834417	0.004565681605854	0.436488425627421	0.00124513671582344	0.0298612433617834	0.370687769115996	5.41028840556724e-05	0.00552344643095321	-0.448668723581661	0.000618332464273849	0.0231923153484951	-0.391331272122145	4.0803983047575e-06	0.000692399735102397	-0.503759257047779	0.000305685488265962	0.0131493281460437	-0.410839842750913	0.993323703208021	0.99886026904397	-0.000982712249610485	0.582969259636429	0.965376608955031	0.0653204861401341	1.33874630716903e-07	4.03111388047563e-05	-0.564373314440577	5.54176700794629e-07	0.000136528987195768	-0.546941606468341	3.44087366350141e-07	5.31373594672183e-05	-0.54877892820969	1.54197366744066e-06	0.000211508371295879	-0.528477283252567	0.527018590686253	0.874331423789254	0.0741874559801974	0.446575453161289	0.998823757686294	0.090462794811539	0.0763498535381852	0.466009241190274	-0.205903439431315	0.0947001758549615	0.607512440344342	-0.197066721542865	0.0428678619917075	0.775896165174687	0.234493667067254	0.255875808424032	0.722692486533742	0.134699111839305	0.773507372739402	0.959622625088945	-0.0337891765202311	0.86110533883094	0.996062739774383	0.020835773978104	0.000195493854560444	0.0158145774883225	-0.417309403884551	0.00203798436727505	0.0722244504610916	-0.355303832183536	0.425235446107407	0.931691008219447	-0.126355992264327	0.458259809713961	0.915804627079302	-0.12230170679173	8.94793133698992e-06	0.00242488939232427	-0.488004647302784	0.000606782717486233	0.0339279234807308	-0.391869239695207	4.79520027288762e-05	0.00500376441165944	-0.45146335667371	0.0022090920455173	0.064720426414615	-0.352713322159155
SIAE	Q9HAT2	Pre_only	Olink	0.0019921127223232	0.0444331315020237	-0.353697289965333	0.00760492475986519	0.11295407047266	-0.310011269354025	0.000863988996942352	0.0396849183341318	0.376731049086143	0.0076475766359564	0.121553857380891	0.309803876091954	0.00506105416621955	0.111507778784187	0.320475201844202	0.00528518882066881	0.0876016006361619	0.323209052968865	0.427141186233236	0.779805532151098	-0.0930577580329764	0.895851004516548	0.99177456507651	-0.0155893321116519	0.0016241679094242	0.0428050745962538	0.357789482075556	0.0144071453935905	0.216306725853907	0.285337399768222	0.00036959544787872	0.011128929597237	0.400546418548928	0.00761211780036883	0.124270115897587	0.309976222034468	0.850041711025696	0.975693789444996	-0.0222015786685147	0.97862288119414	0.998823757686294	-0.00319124355857096	0.0628341834327932	0.43062822079675	0.215901395749176	0.0306470281358355	0.470557769111129	0.253230561326427	0.756415672457632	0.985922537573798	0.0364175615771118	0.422038345318801	0.819230461237662	0.0954031796726194	0.10815428232766	0.637724103575245	0.187008196232401	0.762778444023035	0.993315681720022	0.0359358567160619	0.00116505080433554	0.0454119166852395	0.367901433954381	0.0454267731233572	0.415910823151964	0.23492848419062	0.320227574183422	0.896946130059325	-0.15716313521843	0.185966129871205	0.835444177231088	-0.2163068144935	0.0173670522220426	0.226272651546805	0.274007888368236	0.0185180559361749	0.224035408870688	0.27505070661261	0.00354511235438563	0.0831796924708662	0.332655919083844	0.014281676305448	0.194379578203529	0.285689411276623
SIGLEC1	Q9BZZ2	Pre_only	Olink	0.00213190029132855	0.0461634217689102	-0.35153682225798	0.0289829383290241	0.265799535944688	-0.255732483415889	0.00637624785841111	0.150908033370768	0.312302323590326	0.0554434945152453	0.385755764149717	0.22517703149726	0.0192870160104777	0.223418743244683	0.26969506806366	0.0522763288006301	0.320155595592559	0.228092128018624	0.208781317729477	0.587536210848268	0.146814996803076	0.179881773294596	0.771698738701987	0.158708479667044	0.00654515189856015	0.11502268067679	0.311363258905252	0.0922557342516165	0.536738956231551	0.198512361152819	0.00113379791055319	0.0283188233880105	0.368714826005388	0.0480406232593641	0.379010448421767	0.232225688331447	0.720368694916375	0.940356128749212	-0.0420218945759055	0.964891538882825	0.998823757686294	-0.00524214395771825	0.0366354057845554	0.35092796972834	0.241778008006998	0.19697455681819	0.704579341727413	0.15275728471202	0.0478798556269133	0.775896165174687	-0.229247922133001	0.0234723563735969	0.534906456586828	-0.264989101590769	0.0175797468243928	0.460471381960172	0.273510520757591	0.0631127266180027	0.972745479191146	0.218642858612762	0.00105323758346218	0.042285538536037	0.370909050829827	0.0242223414948361	0.306251417858679	0.263627446409088	0.290889435521427	0.881231963311675	0.166860602657429	0.291764759071633	0.881729547960765	0.173171035359225	0.0288283183627939	0.287223318982248	0.252532832284465	0.0384591839405513	0.305195866702472	0.24281891949659	0.0062038920186266	0.118228387843388	0.313283451951657	0.00622466689522593	0.12262799779752	0.317345839880193
SIGLEC10	Q96LC7	Pre_only	Olink	0.00201461939218206	0.0445683147168439	-0.353340423932512	0.0127017034095025	0.153857678700471	-0.290367512169024	0.00442624743908133	0.116457578251557	0.325117968641305	0.00147220463088317	0.0431316167534421	0.365541359951253	0.0804187161609351	0.439097665757787	0.203173064086631	0.105541907035293	0.430426739000217	0.190986312514026	0.0107135715268188	0.236046982420153	0.293089574420399	0.00128314767176504	0.106994775091792	0.369770090709365	0.0637339676635529	0.443978412001868	0.215184475411177	0.041490481697528	0.379862180406422	0.239251629425444	0.0230076035347476	0.224282753881892	0.262290422713336	0.0118493302979254	0.165098638084204	0.29310472889452	0.537386275899506	0.878901769092202	0.0723401123603954	0.455843981060488	0.998823757686294	0.0886363406204534	0.0186320665948135	0.252185403589801	0.271123187601498	0.0433767185152196	0.511206582148956	0.237139556542346	0.116572790253055	0.875242538241356	-0.182749523290205	0.579412556167219	0.888467234176481	-0.0659366289350654	0.0931151960721979	0.618897362986897	0.195304302718856	0.214360579365831	0.972745479191146	0.147072447137584	0.0208080230789799	0.261518874735502	0.266532123476523	0.00714773379291437	0.148431866504199	0.312300911891693	0.0963872035184352	0.739382799475985	0.259962035706965	0.132599930621082	0.794850434434992	0.245105308032642	0.176363777056029	0.586410118996306	0.15778992368243	0.171539315459762	0.538716407550901	0.161763190700329	0.240250251296138	0.594784757782474	0.137266097031079	0.0675034697373045	0.385677522678346	0.215186847190916
SIGLEC7	Q9Y286	Pre_only	Olink	0.00213960195020242	0.0461634217689102	-0.351421524531307	0.0223894129941581	0.228658154069931	-0.267021990062447	1.42930636571142e-05	0.00215190013948775	0.478222688104473	4.00979944801674e-05	0.00350534080778237	0.461244366328581	0.0205093608182369	0.229197393061534	0.26713723860133	0.0112945011613406	0.139444638483978	0.294979750053963	0.134109744010071	0.500842864553752	0.174585379566561	0.0253183801016	0.386454501515214	0.261700458683353	0.00672621479276246	0.116846423643502	0.310380004182689	0.0394368558021509	0.367264189772608	0.241643624191455	0.000600663238911802	0.0164423977520301	0.387145731057937	0.0109633531726529	0.157199402634335	0.296137340398563	0.641421188133701	0.91752516222873	-0.0546536020131059	0.918629201098052	0.998823757686294	-0.0121665465570317	0.045583765663689	0.381924222430093	0.231591873172782	0.103087069954676	0.618092314515872	0.19231886068632	0.523333699288297	0.976079072595515	0.0748483948616335	0.378775908623058	0.790983810469108	0.104535865012089	0.153543030516448	0.69865302469671	0.166434134310897	0.624848554288228	0.986791634720565	0.0581877644990473	0.000301417671219066	0.0190975696337746	0.406009679735901	0.00636140555661772	0.141063202264529	0.316558581092371	0.306120638792662	0.892227678705273	0.161751965521423	0.119456475662253	0.786125772832211	0.253484368853198	0.00203696956582582	0.066278703913804	0.350704513580407	0.0114856936013048	0.182024734851087	0.294324765262696	0.0545637934109241	0.324546283376869	0.222914321000662	0.11501702361478	0.472983511374892	0.186057957969553
SIL1	Q9H173	Both	Olink	0.00164324096830757	0.0383895088285648	-0.359750446707122	0.000359891995182849	0.0112752289820291	-0.406423781785081	0.268124844294996	0.884839894588999	0.129506312433093	0.00753330740872867	0.12080037324056	0.310361812613025	0.287930347292392	0.688543446298534	0.124318154136858	0.0944871845988541	0.413307070322201	0.197191511730456	0.146737824929312	0.518422311177772	0.16919554810974	0.123436306988865	0.684123854699434	0.181934702118997	0.0203062808839047	0.234682168096644	0.267553008064143	0.02139021272582	0.267653670462443	0.268973290161871	0.0098180110183299	0.127610598847357	0.296409352598232	0.0059206924183244	0.101551116795311	0.319152036878254	0.843867896372275	0.973974419394696	-0.0231270478394917	0.48764330650654	0.998823757686294	-0.082519380764779	0.0050595476676232	0.129132293233836	0.320485593849238	0.113017920909573	0.62890875906559	0.187070920737323	0.714850488315183	0.985140774904654	-0.0428878555475203	0.358375236656954	0.786619184446988	-0.109059487970913	0.567502839585646	0.895676345004817	0.0670701447448224	0.817794908750037	0.99498445719098	-0.0274325884920257	0.0455863367176021	0.379536013839329	0.231589194616775	0.00857206574556926	0.168947623058129	0.305540597230065	0.00236871239701709	0.221352089514356	0.456622700161781	0.0374549029297295	0.658898787883268	0.334410030652114	0.704521606792669	0.912863282050266	-0.0445149569938215	0.807144180570475	0.934370238934637	0.0290667854048594	0.289058292279574	0.63999017326605	0.12402991684147	0.149041081564769	0.523574201232021	0.170585489137274
SLAMF6	Q96DU3	Pre_only	Olink	0.000802108569049688	0.0221807573686189	-0.381326664635488	0.126999075775843	0.559167336072356	-0.18025451549468	0.0240414361117887	0.334114317245885	0.260414989636914	0.695433928663911	0.934357225970007	-0.0466000211556821	0.264520530950469	0.666986105333333	0.130477845471251	0.305888718357229	0.673949940445602	0.121489177766205	0.414163205383595	0.770326965808674	0.095682062670245	0.424288741933125	0.929944873905467	0.094943395238577	0.0178946847260089	0.222681846125007	0.272783469718518	0.893281719205602	0.98155544894706	0.0159761487360952	0.00379064510773193	0.0678844209661089	0.330401381958539	0.897836904573986	0.982532929904992	0.015290457046305	0.157163596699317	0.669312302234062	0.16500200018288	0.748546085851816	0.998823757686294	0.0381633866362687	0.0813807427991437	0.480419543539706	0.202543634390667	0.0569871277229597	0.551222154917721	0.223805251263476	0.349701337016979	0.954647414396871	-0.109497950508543	0.691351366708624	0.916131953478939	0.0472575686736058	0.0145025020257913	0.452055121626886	0.281274746792667	0.568778308638463	0.986791634720565	-0.067789326170806	0.00219581780962266	0.0672391668257335	0.348319306727513	0.893202356382142	0.991763099880904	-0.0159880997469714	0.112617755006787	0.760128055678367	0.248449675213619	0.273776651492184	0.871466446633741	-0.1796599361392	0.188244697541059	0.596393385812811	0.153610814549842	0.524810367350262	0.801485542698907	0.0756307259919515	0.322014027391566	0.668089435337694	0.11591402505992	0.378480024547279	0.740460688796041	0.104600403248419
SLC39A5	Q6ZMH5	Both	Olink	5.07102088000244e-05	0.00259291822354842	-0.452962400271682	0.00131550718449635	0.0310002127824792	-0.36900800216851	0.0765008949937614	0.59233550123741	0.20580003443461	0.159126567110791	0.626296309619679	0.166516716052172	0.000548864226450015	0.0272921477739365	0.38967734155999	0.00321884167307254	0.0650974696569148	0.340324406591454	0.00082587704880062	0.0799331000803457	0.378042290548438	0.00765875825786615	0.224736014080588	0.309749673726459	0.00282352468389893	0.0645717459355788	0.340196750065181	0.0121032456201678	0.192939974297969	0.292271942921863	0.00393104596873633	0.0689523273480611	0.329169967719976	0.0140349746865685	0.187363455175373	0.286389405970684	0.169263160206528	0.678239176606979	0.160386486178684	0.140684610503659	0.922132537663621	0.174115535910499	0.000529541642026999	0.0382682093304844	0.390677845281665	0.0151368928475428	0.408214604498298	0.283340963460173	0.746016255826291	0.985922537573798	0.0380255116818619	0.889368159286226	0.973026932444761	0.0165656700855413	0.497934840125356	0.867895787102296	0.079469850395545	0.813127219942515	0.99498445719098	0.0281481359589089	0.0603188017156752	0.434069723900991	0.217950663244582	0.144050544081335	0.677149999064039	0.172675223814584	0.00416167029014585	0.257473388499932	0.433195128985978	0.0248349907895178	0.595232951823914	0.358931589097418	7.04538814389274e-05	0.00770320338170838	0.442467736310654	0.003810004333431	0.100732797498517	0.334610945143666	0.000405739736937029	0.0201144529115348	0.398015111606906	0.00155912276029048	0.0515271058583806	0.363759596330798
SLC3A2	P08195	Both	Depleted	2.61953559813242e-05	0.0015243202385323	0.467966564396516	7.12888322015435e-05	0.0031678164709195	0.447748862079185	0.00205920365112141	0.0698985239352878	-0.350360806823029	0.0239801373304871	0.291579381272192	-0.26406322618625	0.000949035350371615	0.0279450891121473	-0.373984692030468	7.72305436800349e-06	0.00122634650487132	-0.497004166990946	0.0883718212765393	0.278563948281597	-0.198138636781955	0.0308665439442408	0.316543384517224	-0.252909107751663	0.00284217278501823	0.0649184138933135	-0.339981201713803	4.5861869954566e-05	0.00361569065061159	-0.458144663662271	0.000503657813516159	0.0170963846699096	-0.392071612280172	9.42619142442169e-05	0.00517927902993976	-0.440987482865768	0.130067951018976	0.613679676236251	0.176391380151524	0.676071625388659	0.988728435054251	0.0497313422580098	0.00743515934307811	0.150029606718243	-0.306741448701375	0.000896409182208907	0.0492044528406199	-0.380546181952523	0.158876478436925	0.897472591817976	0.164332986246485	0.785840902826719	0.919009385018597	0.0323519394827716	0.143158335272437	0.972565265309277	-0.170686678458713	0.286623537469308	0.70437290163131	-0.126394675997168	4.04459260181162e-05	0.0109833159098084	-0.455364426165611	0.00695099482481916	0.164580434967782	-0.313326001217624	0.0107325837141297	0.535927547760971	-0.389730411326762	0.02900617156734	0.341898372083468	-0.349873972607049	0.00673534029908757	0.111224133047095	-0.310331067847382	2.67217251177373e-05	0.00394134091813197	-0.47043326529002	0.000351634573162966	0.0145660152001744	-0.401889764972136	1.04708882973817e-05	0.000947809296251884	-0.490690044038727
SLC51B	Q86UW2	Both	Olink	6.9202197089889e-05	0.00334889203774284	0.445650145878815	6.14707826874044e-05	0.00275348464599778	0.451278661235842	9.82570604181697e-06	0.00199501075407785	-0.486073975412498	3.01139278447245e-05	0.00307957526261145	-0.467754615171655	0.00127706816412392	0.0479455563443466	-0.365139694974508	0.000383662929418178	0.015290096157695	-0.404676838402484	0.0907237438515623	0.429218130033353	-0.196718690301368	0.232055974291001	0.818843346782046	-0.141611474558864	3.81647302728952e-06	0.000387873708637719	-0.505065424372542	2.42139170801236e-06	0.000388633293979298	-0.519973951141311	9.65959920262667e-07	0.000106846995261707	-0.530770515721999	5.53879355630595e-07	9.13206152672423e-05	-0.546951007190733	0.407473488612794	0.81464636970909	0.0970533902313556	0.178676286017914	0.962596532847782	0.15914341037092	0.0755904361082834	0.465399118106271	-0.20642583671978	0.0519958316603793	0.539967641394562	-0.228357202324488	0.797859880802381	0.985922537573798	0.0300723419807169	0.483865369130513	0.84589081671478	0.0832346728760742	0.836196263922129	0.975625332701428	0.0242790138844686	0.771145934688122	0.99498445719098	0.0346320233055363	3.55515864740097e-05	0.00504734999761091	-0.458288891678124	2.97197400429122e-05	0.00555451693215808	-0.468051040769579	0.0181063088557428	0.472309432281741	-0.363100027186514	0.0223445322799797	0.577647010124927	-0.364960868800042	0.000713200123501182	0.0345137916908608	-0.382268501121116	0.00159319070942373	0.0591862688742341	-0.363085563827633	0.000774152344950638	0.032029814577347	-0.379912705558534	0.000679917160231483	0.0265118777586665	-0.388608522769324
SLIT2	O94813	Pre_only	Olink	0.000807035709716199	0.0222037235871157	-0.38114852308491	0.118694390462183	0.542062023943784	-0.184229455368762	0.0350061764029538	0.41540576600733	0.243851708533319	0.353962839295947	0.794243538951023	0.11005849442576	0.010956832173429	0.168232380679845	0.292229663555001	0.00383793473489072	0.0719778763429333	0.334361037620524	0.169493914346059	0.541022977476819	0.160300860496022	0.581212048600265	0.965376608955031	-0.0656246794634823	0.00034274634739424	0.013364641747315	0.402577948611461	0.251504277461806	0.728245563989141	0.135933595080357	0.00018464066151284	0.00714670360300716	0.418770745724144	0.223308950731241	0.701174515974611	0.144273000383661	0.839958103772986	0.971604449974587	0.0237138598362157	0.969640284167462	0.998823757686294	0.00453273391844705	0.0542806914831508	0.402464224129518	0.223169324204764	0.201436636581256	0.705503401733249	0.151265243988738	0.782742817964939	0.985922537573798	-0.0323758942179824	0.525101192549228	0.862262475655124	0.0755778228461233	0.267984588096197	0.768219316934767	0.129543953076288	0.974342319700054	0.997774288982206	-0.00383045693460361	0.00411484604185527	0.100871870708169	0.327615719042554	0.305941665151764	0.836037429777267	0.121475977909868	0.563794352657515	0.953852297060656	-0.0916441019302817	0.166825316650358	0.816803540545979	-0.225849207361809	0.235940162357295	0.64100034084037	0.138520248110274	0.517187680925786	0.797257460357725	0.077022642022857	0.107940288066377	0.443232465471308	0.18711974255934	0.0943338810343246	0.435882041948883	0.197281467919749
SOD2	P04179	Both	Depleted	0.000363442190616435	0.00979979200589397	0.40355342489826	0.000457840095211977	0.0124329021410897	0.399798973310832	3.3744149439589e-05	0.00824707012303556	-0.459464419215547	0.00917615921639151	0.17832835882269	-0.302967440726189	0.0147579585351515	0.164696121734751	-0.280578696762055	0.0109390587425728	0.135710962268263	-0.296223457961559	0.623185475365543	0.800839782654637	-0.0576562988191184	0.66723897144612	0.850225258714451	-0.0511709321810508	0.00670444695152988	0.110619175367829	-0.310496972521744	0.00661418585565655	0.121897883606574	-0.315141661123338	0.000254824377903441	0.00988556793009539	-0.410439634908776	0.00169028885424266	0.0376431414779791	-0.361233340214791	0.123609237545563	0.602639235892604	0.179368032429361	0.33120840035492	0.928337425830345	0.115337454041997	0.000884740327118765	0.0502861711506573	-0.376039027554193	0.00106803082894275	0.0532707621619609	-0.375328976081649	0.0830483571842516	0.811588645416274	0.20146642578254	0.942873598393861	0.979360996672282	0.00853415299435623	0.441813209725077	0.972565265309277	-0.0901450882656274	0.377673386864728	0.764100792630295	-0.104776501655759	1.46303798837512e-06	0.00146718714899588	-0.523223082266245	0.000923342059202771	0.0613466276695904	-0.37967052955768	0.00567614500388648	0.50715228850969	-0.419562686105545	0.101136298963504	0.456889306223297	-0.266408404693118	0.122506651254837	0.539470730931209	-0.179887984645426	0.0556679737829054	0.384663122052642	-0.22497562457052	0.0142618243954326	0.152796961904536	-0.281940282127212	0.000878587491889466	0.0265094793849118	-0.381138822341182
SORD	Q00796	Both	Olink	5.30740938990532e-05	0.00266353323085989	-0.451901170899703	2.26128587936045e-06	0.000218860169038101	-0.521277877241579	0.00217745000419548	0.0715259334711486	0.348587037787653	0.000563725630016829	0.0219812439905843	0.393960575105615	0.000200775556874882	0.0132707746129495	0.416625056762743	6.686972411602e-06	0.000771135967465592	0.49994913127174	0.0768017884501595	0.409710328149473	0.205594523636776	0.0754702881073803	0.572636587051857	0.209353058199357	0.0150632832584086	0.198644757325	0.279760280936509	0.00121638616328118	0.0409491490992795	0.371398848250191	0.00604385621961866	0.0897471252337893	0.314216206575424	0.000535344913394317	0.0184813339528484	0.395420185056889	0.0187791905604962	0.41564330586253	-0.270798682178268	0.020919420643147	0.618750008220434	-0.269919728349913	0.0185733797316813	0.252185403589801	0.271253243599701	0.0344255708577142	0.490195904438205	0.247947811931131	0.302339845016858	0.946415037954022	0.120690203213735	0.870682421472769	0.969193860974427	-0.0193861449286994	0.0101940498191775	0.395111656461981	0.294984514462984	0.0825521749030872	0.972745479191146	0.20456714433946	0.0109207312208567	0.185549727953115	0.292356221552003	0.0140736371721283	0.232558272783339	0.286279005873218	0.0143890816959365	0.423852297782477	0.375061260704599	0.0882639544611158	0.749730711594155	0.276603917842677	6.73632542443686e-05	0.00770320338170838	0.443529595614722	3.60240174404044e-05	0.00542361595908311	0.463695809780492	0.00107878621700203	0.039713859781982	0.370197190289363	3.70371590191576e-05	0.00318637145847356	0.463062987982979
SOWAHC	Q53LP3	Both	Olink	2.69544936012973e-05	0.00152180578457324	-0.467331956625194	1.50906973095183e-05	0.000962253875501051	-0.482939696616198	0.000421838035467785	0.0250776816771079	0.396953532936686	5.11175097806314e-06	0.00095536863107249	0.505368929739257	0.00014457273428488	0.0103103186818954	0.424955291960685	1.2698446304345e-06	0.000245805639176964	0.532066033237887	0.00527307252132701	0.186445721160847	0.319039280433915	0.0214506852924068	0.361014217999122	0.268853011602938	0.000391331720811804	0.0149367459633801	0.398998416889414	0.000138706955976538	0.00808378173540682	0.431397001005942	0.000137191345536084	0.00550797846522647	0.426264825087678	4.77623070317916e-05	0.00287635226791456	0.45720167445124	0.180460604957311	0.687318360848224	0.156326375831959	0.303258283358377	0.998823757686294	0.122146832938307	0.00864417625517419	0.169948906480302	0.301186254740176	0.0145615163131375	0.398603123319218	0.284907914504672	0.713580988026397	0.985140774904654	0.043087398064803	0.742386011394917	0.933910725460262	-0.0391315372094284	0.00236965446941149	0.262112800494087	0.345880368445497	0.127120328289158	0.972745479191146	0.180197969018031	0.00129326265015534	0.0479709495472658	0.364758703781306	0.000709046909649997	0.0403261680005904	0.387398042993717	0.000139834180584822	0.108271608395676	0.554265199180511	0.00354565778631217	0.320931054245089	0.455792820425183	0.000194310905385163	0.0146272931553831	0.417465007139738	9.68087239262919e-05	0.0104742151748801	0.440334690985471	0.000246929539901898	0.0142378521943435	0.411263104394559	8.59781187377773e-07	0.000150323033406049	0.539151224241042
SPATA2L	Q8IUW3	Both	Olink	0.000168212283980247	0.00656251967288326	-0.423794824114977	0.000296283105027694	0.00950209721449766	-0.411678074705744	0.00351850923247828	0.100901164232975	0.3329084799138	0.0105073638919789	0.145280388506442	0.297782141652709	0.0742219224372539	0.427505653145501	0.207377913453717	0.00987678083079674	0.127956055008788	0.30016225720673	0.343634353999233	0.718412486311433	0.110875762792405	0.0900841719209926	0.609558316868639	0.19982209629953	0.000676676828953719	0.022544537433457	0.383769467285164	0.00734905408410699	0.137351286675379	0.311277297156601	0.000387154204886301	0.0114665343742282	0.399289715421195	0.00517145489065358	0.0940580050581961	0.323980229712512	0.508186681874818	0.862352877363218	-0.0775902582099147	0.812479540860435	0.998823757686294	-0.0282475019813927	0.0139900417018696	0.221647179798375	0.282703597763431	0.0146977312500911	0.400310067213537	0.284532192485447	0.11188205676299	0.869334799044396	0.185091943186795	0.161655452690957	0.635829139031195	0.165526636432169	0.246550832891298	0.759561284092677	0.13546037629917	0.406715837601855	0.978733040342204	0.0985720317650834	0.0117344298303224	0.192762855089401	0.289588035360112	0.0260895187060505	0.312843343776092	0.260386610596867	0.33429363959371	0.897410364833041	0.15271251903083	0.189029060932187	0.835444177231088	0.214845637053874	0.0394358768865287	0.33096659636711	0.238386748357406	0.00534701580418556	0.119755477928453	0.322795967619162	0.00686901198172788	0.124515200471455	0.309620848180896	0.000319061755539676	0.0161438851974306	0.409687161076499
SPINK1	P00995	Post_only	Olink	0.0264116728186083	0.254429611756165	-0.258086509609579	0.00119457647768695	0.0292492543094855	-0.371948466035555	0.0607102194891515	0.532442378044015	0.217627278909834	0.000594051625348319	0.0225158028628524	0.392473145570863	0.852577762580446	0.959105743708181	-0.0218218128933541	0.504281002675658	0.797648788980607	0.0794034053155708	0.720426449140905	0.919292533796332	0.0420128432443914	0.0236262086809405	0.377740563571379	0.264706789859052	0.076509812581525	0.481770668791798	0.205793934433397	0.021148512801929	0.267191000900828	0.269456938593637	0.0188072010201941	0.196785771292378	0.27073714754152	0.0030023745978063	0.0649510899404698	0.342653079554265	0.122976949326055	0.636028664835427	0.179665767868871	0.0378402730691243	0.711054641673657	0.243575843010591	0.359070432612104	0.787878229469578	0.107399082547752	0.883760027047389	0.981657633495471	0.0174111511705347	0.536698873120357	0.976079072595515	0.0724620468692392	0.638943962085681	0.899266755259515	-0.0558336861693858	0.251303742307328	0.760506020829547	0.134119067106069	0.481858113461584	0.986611906877255	0.0836159201785837	0.0116801545516128	0.192762855089401	0.289767400094478	0.00043723984071406	0.029257283168768	0.401076649056046	0.277944534437886	0.873456349158054	0.171340159099661	0.0191746075845267	0.567903678186528	0.373504745014613	0.853737820047271	0.968474195239667	0.0216481726474754	0.193604399702039	0.563500995997753	0.15390033596707	0.768819664324491	0.923742536164652	0.0345083544419435	0.219341692776568	0.61311602622434	0.145504218693143
SPINK4	O60575	Both	Olink	1.55571991459767e-05	0.00101590384784571	-0.479326168014792	6.94189104673552e-06	0.000522116418804893	-0.499186871015594	2.50547968904444e-06	0.000895388004302853	0.513164439161577	4.83599136945161e-08	6.55276830560693e-05	0.586918326868965	0.126709031314897	0.51364760419321	0.177924989124506	0.0559487113611623	0.33336108676481	0.224724671445018	0.0118642762428953	0.242272217854306	0.289161835379693	0.00113795122351725	0.104537214092602	0.373418987937983	2.23090891861033e-05	0.00159099030774578	0.468637832841822	4.20324619552981e-06	0.000555648643409062	0.509259613873243	1.3126927816817e-06	0.000129516031443333	0.525212078462145	1.15844901496227e-07	3.48821870060863e-05	0.573198878296949	0.657092137993801	0.922174880353807	0.0521010359823949	0.615554321396686	0.998823757686294	0.0597522443845794	0.0446320175256862	0.380103753528848	0.232592094244969	0.0793908940972073	0.583936897611613	0.206661441822724	0.414258764283568	0.966271528879712	-0.0956625675624003	0.45642534160415	0.836439508308901	-0.0885224647663525	0.85817293233217	0.97963295982316	0.0209847380925851	0.780783186320124	0.99498445719098	-0.0331353472431652	2.68128625792588e-05	0.00427428574057596	0.464593773079837	2.29255362297618e-06	0.00103547005304424	0.521016555187185	0.0156460685909217	0.441680270209575	0.370750950322015	0.0917785590435473	0.749730711594155	0.27371236015652	0.067070107087905	0.414226680814203	0.212595751794039	0.00937995044834274	0.17036811530993	0.302132736393485	0.0353231365638356	0.271953541810844	0.243442052098	0.0301920106680609	0.285088323729774	0.253903089070106
SPON2	Q9BUD6	Pre_only	Olink	4.77135756343112e-05	0.00248661134555737	-0.4543757025928	0.111256701257999	0.532388234819642	-0.187974859773177	0.00113059252642001	0.0472975702821848	0.368799393455529	0.163132418020586	0.633365118675916	0.164953677317097	2.44727322640109e-06	0.000552675870295579	0.513610726646946	0.000141436451347671	0.00757103203467225	0.43090553166145	0.394334028948076	0.755182409887828	0.0997857267618399	0.646032647032106	0.971219213331725	0.0546579037326292	0.000123845133500394	0.00604721282497417	0.42880693213667	0.0874335603970709	0.527130030425055	0.201454904697856	2.93464013127051e-05	0.00150054240674398	0.462589322855237	0.0803140800862831	0.471173403085657	0.206043095554099	0.240373777169128	0.719876611373108	0.137230383426595	0.262661827764201	0.998823757686294	0.1328108791801	0.0135642016931397	0.218551295524374	0.283925770158836	0.972763861734679	0.992728324346066	0.00406619330270835	0.483975815597468	0.976079072595515	-0.0820619104631389	0.705470429310646	0.921121752622503	-0.0449893754505822	0.0896388224772905	0.618897362986897	0.197370047565789	0.860880875141449	0.996062739774383	-0.0208697852355245	0.000303024167620778	0.0190975696337746	0.405868440915884	0.187160937700243	0.730078517715532	0.156126224251989	0.0207569358097654	0.494141980281197	0.355781289509781	0.149505904441981	0.807462438554825	0.235189689895092	0.000550668457920336	0.0292610102149825	0.389585567558197	0.0696939468992478	0.384341773024257	0.213530012492593	2.41459502600145e-05	0.00319197683925069	0.466904019302582	0.00520587365887167	0.108522443196479	0.323745282763903
SPP1	P10451	Pre_only	Depleted	0.00204594129295169	0.0373155262684622	0.355179114024194	0.0169410076965862	0.158860286855598	0.280657141883025	0.00327796510382726	0.0920844449856761	-0.337470873296199	0.016418627400235	0.234661551848973	-0.281952330279598	0.105042041725116	0.504366895827473	-0.189938238502523	0.0671081399754919	0.400467088266947	-0.216998231504196	0.581031603273133	0.771761542608444	0.0651962003825055	0.978690769084099	0.992803452770014	0.00320390931755264	0.147886017395955	0.600387751687231	-0.169881633839107	0.566683890558611	0.920103782470189	-0.0686435142204854	0.0691452309229658	0.404046192809769	-0.212474402376595	0.235776841324351	0.729225212802538	-0.141497439407617	0.0014623512468834	0.0561825850578404	0.363361191793673	0.0365391025458981	0.56518493547035	0.246904418637952	0.663662017949653	0.962723724731715	-0.0513932999894105	0.148085251132356	0.690832011266215	-0.172188933232422	0.539011002275295	0.986449788797904	0.0725529813880478	0.546149161195453	0.812617899013654	-0.0723001085686713	0.23639452775474	0.972565265309277	-0.139342217576048	0.884195266254663	0.972765973225577	0.0174698211669873	0.0502925009681721	0.407002888629843	-0.228421698209244	0.0282293683447766	0.341547407102149	-0.258684045150663	0.433799196111951	0.880804091581601	0.124050387806972	0.977641134279094	0.995415391171011	0.00463871210576036	0.0920175298060382	0.474453254949277	-0.19728847048686	0.19939947323088	0.718516972978306	-0.153019794414128	0.284973851113245	0.726172260569936	-0.125941867261346	0.0187692005998368	0.186440779508628	-0.276378825545352
SPTBN5	Q9NRC6	Both	Neat	1.48461578479589e-05	0.00139832249230463	-0.48032662116887	0.000755966527063372	0.0242391820486064	-0.38554023237711	0.00392598094955029	0.151703930537751	0.329213706200569	0.00133490232917222	0.0511370148048742	0.368559308379637	2.71510960628782e-06	0.000409167017667574	0.511634060741884	9.87873948331995e-05	0.00531687871477256	0.439838384468827	0.342030607841546	0.673305265348142	0.111242508298264	0.190187618255167	0.817101527119639	0.155073893638234	1.32925674314051e-05	0.00125199369494546	0.47975812206068	0.000994343625928818	0.0404993471425602	0.377468498482169	5.84300570004313e-05	0.00419305218569762	0.446874251747248	0.000941201905025791	0.0354597817718467	0.379102546661766	0.877840114810199	0.963056917934958	-0.0180503816738937	0.59074355926263	0.998279605744279	-0.0639796425236876	0.00636669791061288	0.171332388415957	0.312356070917356	0.0248521168322952	0.323499879408332	0.262511398431954	0.873179551704227	0.978713847254209	0.0187446765889808	0.154566465538053	0.476029471242749	0.168331900064533	0.0277778926683846	0.813480159071091	0.254162096061295	0.0923456609280748	0.984365235375959	0.198458648734402	0.0480482073704982	0.545840663465032	0.229079731293666	0.0436247849516865	0.506360449749851	0.236867472616989	0.0478583682261125	0.633250230696462	0.307152761613843	0.190778732311661	0.802086858237673	0.214018452813652	0.000427614991517059	0.0306864662960099	0.396581596280422	0.0182544455855131	0.241310960503231	0.275648119940003	3.87784693402913e-06	0.00053126502996199	0.50475428746616	0.000266832152227868	0.0171018576240693	0.414471290860624
SSC4D	Q8WTU2	Pre_only	Olink	0.000555189730883229	0.0165336722054236	-0.391850412075177	0.00540646979531849	0.0893386167397141	-0.322402699030313	0.00262409356763148	0.0826894600962943	0.342585181729583	0.00369249645998296	0.0766794284027113	0.335680523976729	0.00126454103541087	0.0479287581253631	0.365437415234258	0.00130590146839879	0.0329208649242857	0.369232440140419	0.860694142501235	0.962491566392543	-0.0206078917666989	0.572890207194718	0.962257361485905	-0.0670710623259082	1.41970303537642e-07	4.04988971144221e-05	0.56342630065825	4.14956569941019e-05	0.0031676966325075	0.460456455520494	3.79579876853428e-07	5.41400771722521e-05	0.547110682072399	5.81235434003893e-05	0.00335137877904372	0.45260243162363	0.714097096299808	0.937133238702528	-0.0430062604755235	0.437438194172559	0.998823757686294	-0.0922841678987446	0.00426376055876032	0.122272921843814	0.326401073250102	0.0487638846832849	0.536165536451397	0.23149922870902	0.680077300940308	0.985140774904654	0.0483999603293255	0.254842669439977	0.72108944105041	0.134989557350688	0.731183581361845	0.950439187176159	0.0403311672738344	0.638155099121907	0.986791634720565	-0.0559648617859908	0.00457937310383692	0.106524473059211	0.323946487103167	0.0193322500222288	0.269034595921922	0.273250399259658	0.277526689390344	0.873456349158054	0.171486999652078	0.744597373640919	0.967531417940324	0.0538802696148761	0.0003278527737898	0.0222389508745372	0.403768623767247	0.000736729295881374	0.0378958400074803	0.386288905766289	0.0043269425694795	0.0957222369038903	0.325897071184421	0.0160692121923804	0.209867783331811	0.280907653499131
SSC5D	A1L4H1	Both	Olink	0.000402479302164096	0.0131867297588062	-0.400774317631719	0.000508871655998685	0.0149085641919615	-0.396846745553111	0.000384327175506008	0.0239431412786501	0.399488480511746	0.00114516755168525	0.0365106360596121	0.37322795234792	0.133861236394133	0.522420329033894	0.174695220927712	0.0184832558340822	0.187953558387852	0.275129154215027	0.0700403524719172	0.396696497121715	0.210376899676293	0.369963853597259	0.904875490296544	0.106471176483653	0.00039598206887309	0.0149796128897441	0.398677475227518	0.00437450527814118	0.0990433326693542	0.329849038192002	0.000216752574128988	0.00810206173640768	0.414651316951306	0.00359215350997603	0.0731935038498875	0.336618110045266	0.226320998659971	0.70946200852345	-0.141377688221707	0.205290452418889	0.992572927841549	-0.149995470318664	0.0140586275550703	0.221647179798375	0.282509770093964	0.104985871139421	0.619176737296692	0.191286016118457	0.179012851455087	0.909785136741578	0.156840778240806	0.423352642351154	0.819638219695252	0.0951344820783514	0.189154650686612	0.721476570528808	0.153298707531425	0.227159831499852	0.972745479191146	0.143092462069081	0.00898366656186675	0.165055839882433	0.299749159611699	0.0430474164286474	0.406475604604998	0.237502735797629	0.166934620962977	0.816010006341279	0.21726516759735	0.792732029997948	0.97627984607791	-0.0434704606527672	0.000416340151600079	0.0250729291296936	0.39731185265623	8.41517961503294e-05	0.0100278190134521	0.443750819616731	0.0878244502103143	0.402354821126734	0.198473375803071	0.0329843034143337	0.29516439579544	0.249902648438307
STAB2	Q8WWQ8	Both	Olink	0.00096779698254999	0.0260968141563231	-0.375818268098888	0.000627858959919661	0.0173622222590029	-0.390894385971295	0.00815540484790947	0.177571087729664	0.303344575911426	0.000715313419424734	0.0258510779592672	0.387143561756796	0.0140305639453631	0.190310853033121	0.282588980510987	0.00233330553495581	0.0526938166644187	0.350943251686241	0.595442922819264	0.87130146913618	0.0622973137594117	0.310559164637762	0.872140244734026	0.120330462391532	1.38178196982628e-05	0.00106989403949406	0.478939076240185	0.000118527772988085	0.00732766396430931	0.435334822777758	6.92376807179054e-06	0.000500357639321397	0.493236601719175	5.76554734600191e-05	0.00335137877904372	0.452793146357075	0.244993167983434	0.722615126421236	-0.135903815915503	0.315613162486719	0.998823757686294	-0.119089199738935	6.92681220620487e-05	0.0117322881742595	0.44286993347096	0.0166596443069979	0.421884057138972	0.279428773700844	0.755057885291172	0.985922537573798	0.0366271157449586	0.585837989002725	0.890603078477542	-0.0648247736914774	0.00303314708236963	0.283442365283507	0.337843674337301	0.0683900396760912	0.972745479191146	0.214511126632243	0.000822044878414876	0.0367511862460524	0.378177161003643	0.000694747814186849	0.040058863328646	0.387986469649391	0.15350882147228	0.801335512513345	0.224180016759469	0.166766205966635	0.816803540545979	0.225879863598579	0.00182279041665531	0.0634894814179271	0.354200170915654	0.0192549111015455	0.225960766086718	0.273418589061847	0.0518814521718682	0.316752116861679	0.225375254681984	0.0109690924073266	0.168888958108387	0.296117020508777
STC1	P52823	Pre_only	Olink	5.98311738367367e-05	0.00297509139628544	-0.449093045424875	0.0163178334593576	0.18414738359821	-0.28027931944474	0.111607136447902	0.68680441767177	0.185231564553318	0.376897368267123	0.812962295995897	0.104946129763088	0.0324871582485692	0.285863072953999	0.247222702051982	0.155822986932814	0.518135330782732	0.167827807309564	0.059068813059366	0.376387048836604	0.218994927584834	0.103231639045726	0.644524568147102	0.192239704972225	0.0122697879454509	0.172918033617115	0.287856389432276	0.190345829671794	0.671013015342885	0.155019219188101	0.00535421456870809	0.0819769575208979	0.318503221713321	0.187385484516424	0.654822260528059	0.156047732504684	0.541404104705608	0.880996234713411	-0.0716289396991563	0.679040661640498	0.998823757686294	-0.0492490407526356	0.000815374362635708	0.052611060065304	0.3784132931963	0.07887127748938	0.583936897611613	0.207011999214036	0.682886517373144	0.985140774904654	0.047950910305928	0.373230894746876	0.788967023996906	-0.10575044321297	0.0284072052881592	0.487077414675585	0.25317988723263	0.388025041159112	0.973082890301922	0.102533513598342	0.0443865540240698	0.375890953056853	0.232852914346205	0.472828886658215	0.914608338932021	0.085341461491034	0.153270733573819	0.801335512513345	0.224306551302091	0.600635295144518	0.958266053896802	0.0864814167827369	0.0668762072874112	0.414226680814203	0.212743332651215	0.748855552664514	0.913662580066302	0.0381148148316104	0.0326747620952253	0.263345476386959	0.24696423527253	0.121192858472237	0.485129463012941	0.183011800402871
SULT2A1	Q06520	Both	Olink	2.60590868425906e-06	0.000256800455794256	-0.515465294784657	1.09845861293571e-07	1.75107225944457e-05	-0.574052183417198	0.00366117285615526	0.103892967960008	0.331573456625727	0.000153477781300037	0.00840252095602223	0.42883668445137	0.00242376132742665	0.0740259230496921	0.345153969286752	0.000158853154027802	0.00789893664982282	0.427961029678038	0.078856645397028	0.412022842499593	0.204207967498154	0.0168180116279128	0.323147891315196	0.279039774092393	0.000574343106994158	0.0195782367289832	0.388406078819273	4.29287145263741e-05	0.00323157823240205	0.459673769840402	0.000119016754673053	0.00492420465899196	0.429789300600924	5.24742319749096e-06	0.000517109704189109	0.504844460708378	0.277485245691863	0.739709509146125	-0.127023551197831	0.382074390630206	0.998823757686294	-0.103818445025754	2.43595820240664e-05	0.00677141479579827	0.466710414420327	0.000800456663259645	0.127602209260802	0.38387298595583	0.629381219935697	0.979979336751991	0.0566320446836021	0.778127941373642	0.945315239120499	-0.0335471885022396	0.0084098693802505	0.383124103691722	0.302207191749525	0.0335368988271585	0.969759868974114	0.249144849662205	0.00164635889710802	0.0557704076395342	0.357369429203664	0.000139418655378379	0.0142575304179399	0.431268000118746	0.142454374990995	0.797451733975913	0.230213614488596	0.123811668104668	0.786359986592599	0.250634770467458	0.00256332556000152	0.0767522914528809	0.343345277034197	0.00110328414262365	0.0474587305795252	0.374352281001385	2.72435190256666e-05	0.00343395053765379	0.464240939668624	3.75121781110964e-07	9.24163660737011e-05	0.553702184450809
SUMF2	Q8NBJ7	Both	Olink	0.00146744064459669	0.0348838960250617	-0.363254225740812	4.74489159943378e-06	0.000401833007327048	-0.50685528191565	0.030586507543074	0.385532257868514	0.249914490003415	0.00317636260327381	0.0691823934260133	0.340770126968914	0.00181241889295899	0.0612197474509007	0.354378665325283	3.27760920357168e-06	0.000480125456306987	0.514137090720206	0.541475598035391	0.843999077285612	-0.0716163085370878	0.35485536997881	0.89650338277219	0.10985579984892	4.0601216836666e-05	0.00255503461046873	0.45527712948615	3.88448586966039e-07	0.00011963936182887	0.553103407992909	2.01870035570655e-05	0.00111646489060505	0.470814824481922	2.87650876511541e-07	5.99641442574058e-05	0.558218171432562	0.0518555572176403	0.532526990045238	-0.225399514802945	0.145920041910736	0.922132537663621	-0.17188613317678	0.0010040675793225	0.0566879820825827	0.372324250378425	3.95841277294909e-05	0.0429091944587682	0.461540475477277	0.192605717032622	0.91381606636525	-0.152124769253213	0.229135119562299	0.70283664291322	-0.142492326511858	0.044461541261937	0.541393024950237	0.232773109629974	0.220485585762162	0.972745479191146	0.145147625314397	0.00122196361753617	0.0463149846646575	0.36646964365073	0.00125518174192576	0.0562435764685007	0.370442822845488	0.235091800150659	0.867894243920956	0.187236062726353	0.0881271262032197	0.749730711594155	0.276718275061732	0.00444349162327927	0.104875482617071	0.324984261863763	0.00113570216668134	0.0484685491607312	0.373478750513746	0.000807829519383284	0.032674895485503	0.378682500483573	3.74804751166119e-06	0.00053458993455799	0.511516544394144
SUOX	P51687	Both	Olink	1.19286747467576e-05	0.000823571777276558	-0.484964495402935	5.50045316149913e-06	0.000434401097037532	-0.503899387282555	0.0149159727176555	0.251852249625211	0.280153338739086	0.00976546080117633	0.139289765667546	0.300596120175078	0.000679992484421733	0.0320483414397026	0.383630202376065	7.57641819736727e-05	0.0048885936463965	0.446287173920153	0.161350583473855	0.529128923167395	0.163376027025039	0.254180038458685	0.836971937087529	0.135176264291375	0.00503293831785195	0.0944568413084959	0.320669601218629	0.000452872956347715	0.0196365713872369	0.400102169666357	0.00225989830697719	0.0468730259348594	0.347400737747246	0.000197489358724542	0.00899489348140353	0.422367360813605	0.166386452869377	0.678239176606979	-0.161461214688969	0.217716272950129	0.998823757686294	-0.146013176398078	0.0183504469894786	0.251160158290338	0.271750516623305	0.0274335785234127	0.45057574423302	0.25817317191219	0.354361165864556	0.954647414396871	0.108449763704769	0.685297328602956	0.915110103539155	-0.048235261633214	0.0384389211824302	0.538343547309487	0.239570338054184	0.0750465953327595	0.972745479191146	0.209650570811809	0.00824268031327079	0.157863347342501	0.302951019346266	0.00380010967166824	0.103500474474582	0.334699868593955	0.149540627111895	0.798929965822061	0.226308012927925	0.529723358925444	0.936541476565037	0.103731998149746	0.000184299147783631	0.0144768316085113	0.418818000411045	0.000770769894450664	0.0384482030875232	0.384975811356605	5.46069702573935e-05	0.00531942907900108	0.448452963948218	2.30826460464317e-07	6.61565867546973e-05	0.561911609013339
TCP1	P17987	Pre_only	Neat	0.000295918130520343	0.0165166156553391	-0.444442857507691	0.0880803059257064	0.520537337372704	-0.216664900468338	0.0295883184447651	0.350467221457934	0.274306462356643	0.176528303187371	0.580489935538656	0.172450261708121	1.09011821640432e-05	0.00136900679343443	0.523097892694377	0.562193096195498	0.859385748711952	0.0744098163211385	0.664602864922913	0.878823572930218	-0.0556972117050184	0.803522914415453	0.947503154948425	-0.0319769695598795	0.00126112927787192	0.0464597649958255	0.3973604909313	0.0717187418826	0.590601879874744	0.228455915418988	0.00109816486422787	0.0384868476835209	0.401803590872492	0.0579254529130439	0.479635480988776	0.240205894826713	0.0261103320389965	0.529027842837245	-0.280238946876486	0.130458201268529	0.947501185809427	-0.192599568406054	0.0072054452247764	0.188382054180651	0.335403830139948	0.0184675353001931	0.299403083713265	0.296081485045373	0.542034860949184	0.930806213775193	-0.0782692123675791	0.367084808047549	0.699477346837208	0.115567540827597	0.0040627400978881	0.470965332885951	0.357126904259976	0.773228273078314	0.988165370089238	0.037033222901155	0.00979053496204443	0.278664214026952	0.323134348261071	0.13326611974838	0.680850659677323	0.191230771556781	0.118307982522926	0.674169567532506	0.272960660758605	0.596267760874598	0.917310868796546	-0.09898390305165	0.00334536008808135	0.114578583016786	0.364167805020089	0.222214546722289	0.661787682443452	0.155968820239553	0.000210430698766365	0.0113256808228897	0.450635230166517	0.264964252422973	0.764271961128986	0.142579511338357
TF	P02787	Post_only	Olink	0.0103234133679445	0.138155309763604	-0.296464323984549	0.00160904175244691	0.0363375262427594	-0.36277636754627	0.0107367054833946	0.207831941857138	0.293007070149223	4.47656506232042e-05	0.0037910910371526	0.458705226904661	0.162665651906753	0.551530822631612	0.162871783640338	0.00928033465061308	0.123585783307919	0.302538750740483	0.483205987972068	0.810951832187523	-0.0822060017154821	0.868106813691548	0.990736867652976	0.0197757150761836	0.0647781556253614	0.447931387960576	0.214362689349144	0.0190040016458772	0.256385445923498	0.273968252252455	0.0326271421131582	0.280697000402091	0.247029724479134	0.00519943605495169	0.0942506468824019	0.323789122045033	0.00953070356354702	0.32281897498778	-0.297530433765762	0.30369320105955	0.998823757686294	-0.122037840730996	0.158824371753659	0.61740454693569	0.164353258901185	0.394936521197135	0.821424579316841	0.101055768478247	0.757684730512201	0.985922537573798	0.0362218041743459	0.787753825650539	0.946701936812842	-0.0320559989147899	0.643310011999198	0.923027253168812	0.0543446168205249	0.644052165054646	0.987237121388611	-0.0549858703973668	0.116245267293808	0.585547721870298	0.182910697168228	0.00429406886233435	0.111358149444269	0.330492976838482	0.448288350491532	0.937629074083262	0.12020629295842	0.354358005365065	0.897518309642436	0.152395262761244	0.315063822817549	0.710377844988574	0.117579220236569	0.0671702756603049	0.375191418967378	0.215442646919194	0.566204831012713	0.828777720568653	0.067294484893746	0.126496649427533	0.493601036643072	0.180489262725925
TGFB1	P01137	Post_only	Olink	0.00909829115819759	0.128753885319663	-0.301262609089606	0.000551613056476961	0.0159028870537507	-0.394575134936798	0.173943836943557	0.797051285116908	0.158666110447691	0.0492566878891262	0.361774701794514	0.231009301629648	0.00330873785112041	0.0858055461869505	0.334961847639005	0.000326361549469037	0.0137127167661119	0.409076653722251	0.344308209082677	0.718412486311433	0.110721984742811	0.142715183494988	0.714234805672055	0.173243578696878	0.066703652701631	0.452980186937799	0.212874957644716	0.00611217570315532	0.119165439967992	0.318005003317107	0.0340445239658413	0.288765758833896	0.245113872939017	0.00367120989197697	0.0742461105019223	0.335877510483488	0.387969248549492	0.810167964985201	-0.101128639404032	0.710646670185532	0.998823757686294	-0.0441618600584254	0.046819993622636	0.38275168240526	0.230318096305843	0.250055367825617	0.74298574145934	0.13634598245244	0.532118266943128	0.976079072595515	0.0732765505761661	0.695854240856073	0.917236246156458	-0.0465324040068357	0.00520105370501668	0.322608394648677	0.319521214161127	0.0271438771194154	0.96907969195277	0.258642388217757	0.0235959975897528	0.277721382688525	0.261214469383136	0.0352357022498601	0.361462157013197	0.246878874625776	0.0155158447295695	0.441680270209575	0.37118359124409	0.181727651801527	0.829859760673575	0.218357200112584	0.000243253346140082	0.0178166640010709	0.411654831320826	0.0015096698060308	0.0574993952763565	0.364762024825062	0.0195130620655869	0.214524941978663	0.269211803210027	0.00645006764224438	0.123969385180725	0.316056045625879
TGFBR2	P37173	Pre_only	Olink	0.00217659369673919	0.0466290033056381	-0.350872877504641	0.00333021753070102	0.0642340890263329	-0.339180203429298	0.0145852261212295	0.249872644535636	0.281048195121712	0.0302271507138381	0.280077969506946	0.253850848618685	0.00159166211792371	0.0571311833056062	0.358414216944886	5.15474731695337e-05	0.00372516406105164	0.45542289223887	0.013014991991925	0.244260787323001	0.285552005861441	0.022176115881775	0.367567425318717	0.267432214096737	6.17370092110589e-05	0.00337220905940221	0.445584115835247	0.000933779486683149	0.0344291484205624	0.379337399384239	5.72955633858854e-05	0.00265420473120939	0.447332486652846	0.00251394175782967	0.0577354420654103	0.348514246242547	0.0106424447733672	0.329611718123716	0.293344214030136	0.0173410956455702	0.58378098384466	0.277776890424588	0.0106471682334679	0.190454296453452	0.293327257789885	0.132222208305715	0.648390013262748	0.177855018250104	0.840029270536499	0.989462427434508	0.0237031734349183	0.376626996949242	0.790983810469108	-0.105005279108161	0.0691231814622759	0.579053544861724	0.21105383520708	0.251393323324706	0.972745479191146	0.135965117288174	0.0108447758136563	0.185549727953115	0.292623689345671	0.0693661058658377	0.500618234078349	0.213775295939391	0.00437039700036786	0.257473388499932	0.431081772806376	0.00426770950723734	0.341993510616987	0.447670529265535	0.00257729096760596	0.0767522914528809	0.343169178923434	0.00198549140917099	0.0676815310547597	0.356137746477159	0.012455814080657	0.178128000836837	0.287270010610371	0.00458740781707448	0.0994550014741746	0.328193983173787
TGFBR3	Q03167	Post_only	Depleted	0.00594875286639853	0.0806935284398539	0.316860544891796	0.000346065133560104	0.00995039042848111	0.40748913328801	0.0228103562435504	0.274623205217918	-0.262656353226956	0.00577700628923694	0.138421601675442	-0.320034440673351	0.0693366540618225	0.402714635370583	-0.210895635703164	0.00221227535621756	0.0509700452644591	-0.352666857318416	0.577011728837824	0.768754255994339	0.0654339339449259	0.907731831838487	0.95686992989207	-0.0138026518998598	0.0135900853008439	0.168636049945669	-0.283850542975675	0.00015950963607437	0.00847481631664699	-0.427855964249796	0.00906096835492818	0.121915423384902	-0.299428584914703	9.53631572615749e-05	0.00517927902993976	-0.440703239607709	1.29361167407476e-06	0.000395198366429838	0.525479698075413	0.00032965036586834	0.0640001660837555	0.408805675149102	0.0065804026416708	0.141074596984591	-0.31116996962998	0.0324355455711256	0.362367513321891	-0.25066578377899	0.347276463295321	0.974298807334361	0.110046838018627	0.741451985187833	0.899833895132467	-0.0392785538085584	0.595821673940387	0.973602195669769	-0.0622333212891055	0.414986753306762	0.781796375965801	-0.0968531043364966	0.0141079363035485	0.214160225626537	-0.28237092498488	0.00557593931542865	0.156639030883996	-0.321302317844768	0.835493850445697	0.967566716874886	0.0330308509195135	0.373403245897462	0.701377318684211	0.146528628564223	0.00237321043321539	0.0623669494492303	-0.3458321745667	6.67784210131454e-05	0.00627717157523566	-0.44931059646776	0.0425807368879688	0.303403268088034	-0.234809260245238	0.00209704315031051	0.0445667257335555	-0.354388359449648
THBS2	P35442	Post_only	Olink	0.00267846531258483	0.0547821962045652	-0.344154117279897	1.65819106044516e-05	0.00103303397098998	-0.480910510256798	0.121069697944094	0.71674296885434	0.180571018044778	0.00308298089090131	0.068508684928721	0.341768951808591	0.0492687837895112	0.353113978619326	0.227874607160708	0.00276080399854718	0.0598542306885029	0.345435860856371	0.269275945159765	0.645214687341258	0.12919789000342	0.00187688406836301	0.124057459152774	0.357927932415195	0.00267354653069208	0.0621915115723223	0.341978157904237	0.000155111789312297	0.0086083497570921	0.428567553209162	0.00216929352467467	0.0455719802470415	0.348706577950545	0.0001146997227949	0.00565156815953053	0.436151067117774	0.314709897540732	0.776743007591425	-0.117664645400909	0.46149343531606	0.998823757686294	-0.0875330915105442	0.0450116323674259	0.380360753781516	0.232191053767389	0.0404074289454482	0.5065513561782	0.240500567169261	0.683923691127896	0.985140774904654	0.0477852933803002	0.640196359755882	0.900154845856388	-0.0556255683846696	0.0670527934413725	0.573080231701428	0.212608915547845	0.0741677062893004	0.972745479191146	0.210272023722223	0.0429922980667398	0.371832075835494	0.234357436618534	0.00700004776825753	0.147055267069596	0.313068052463377	0.208771738921848	0.852939257420752	0.197999994696823	0.060657923112365	0.713110166977514	0.303148426216677	0.503126550924906	0.82047607988648	0.0785155154255465	0.0370065058995874	0.299007805852834	0.244611999571443	0.0477837871962211	0.306361931525085	0.229344116952928	0.00108019692739955	0.0385175483322735	0.374988659428922
TINF2	Q9BSI4	Pre_only	Depleted	0.00228717497971962	0.0399275403602483	-0.349281264632263	0.0396468297114119	0.260714070903162	-0.241394370650859	0.00217229306773515	0.0719942717307958	0.348662570261118	0.00699835927517418	0.151362743969254	0.313076905096738	0.00449903829308191	0.0758320661261531	0.324556675773639	0.112001090164046	0.51656599922745	0.187591467138128	0.163382277419474	0.395555165656001	0.162598271022974	0.132296441624365	0.481866621952233	0.177821438467915	0.000494841344998614	0.0183241249572214	0.39256131043329	0.0226230710789386	0.255975859800583	0.266576405542774	0.000516150683498318	0.0172804420612314	0.391390946470435	0.0223320910223457	0.246728195419995	0.267131906759357	0.597791149614355	0.908696764917538	-0.0619008576037369	0.265338428832076	0.900803198734945	-0.132075184191566	0.48310236128029	0.909050279713787	0.0822254071910575	0.602445092556034	0.949441935814049	0.0619763187677869	0.0650581960555057	0.779422701763019	-0.214144116553812	0.00716546431216272	0.184467934989901	-0.312209750939939	0.112768836307237	0.972565265309277	0.184643380510576	0.0378020799787029	0.559751910669056	0.243622889555672	0.011849957674559	0.203048072643444	0.289208634507088	0.0804062517151597	0.51175228956211	0.205981670216812	0.0122418683508098	0.535927547760971	0.383225895138028	0.00537987506373063	0.323879341237881	0.437240701705736	0.0100595882426211	0.138121537443629	0.29548865292669	0.0260255719334282	0.255447782350597	0.260494302841913	0.00113831489634117	0.030404931811536	0.368596021252401	0.0407624639882498	0.279057316490987	0.240088126748867
TMEM132C	Q8N3T6	Both	Depleted	0.000838832845238875	0.0189824766089242	0.380022094626424	0.000774105154469956	0.0199148736581534	0.384850005388641	0.00169233597496332	0.0618385722826396	-0.356515120029212	0.000645683975193348	0.0404628624454498	-0.390092893782821	0.184023429415615	0.641729921510735	-0.155073119413906	0.287868596247433	0.755027664231934	-0.126071212374384	0.285354602572723	0.532778188455108	0.124979173883077	0.897366462248963	0.951448790759276	0.0153612493422881	0.0207450080374825	0.212746535838187	-0.266659177256451	0.00390798505028215	0.0823372022662895	-0.333741303367706	0.00696270968104333	0.101342819031988	-0.309130230536657	0.00198089378853281	0.0432259323140552	-0.35621172515481	0.0237763083985211	0.297996398594797	0.26088931321065	0.0911724662560753	0.74904303017686	0.199162644622845	0.0045072608615338	0.12352104354137	-0.324493778668847	0.0695811003874261	0.50461783188982	-0.213614336925276	0.0415688165253171	0.710146156076433	0.235935753186423	0.742614087118387	0.900204642248227	0.0390956467624801	0.210691428145977	0.972565265309277	-0.146207572948901	0.993667316187575	0.996521510366202	0.000945261972098255	0.00526299912745559	0.136594216682757	-0.319106337762761	0.0225729131872924	0.306469143966076	-0.266671725248044	0.702940075648554	0.950228349101605	-0.0606195520471388	0.924687879854706	0.976236886642853	0.015645080415206	0.0786460126397459	0.436842852026225	-0.204348762044832	0.162554069956151	0.647039327317319	-0.165177577765639	0.165782617336389	0.591493017182679	-0.161688539247239	0.256634517640792	0.656082386102611	-0.134486324034335
TMPRSS15	P98073	Both	Olink	0.000974570032928696	0.0261493543488789	-0.375611830931749	0.000308609781916257	0.00983920598815359	-0.410583953171969	0.000390475366760861	0.0240497328164076	0.399057897919414	0.000290269164552646	0.0136805119293508	0.412227101492627	0.0473237562856401	0.345706108675812	0.229806971603719	0.018797207052402	0.189722276022382	0.274425961469633	0.0679725700882702	0.393225602936794	0.211913360424645	0.0495203868560452	0.494947690653845	0.230748792858038	9.01238291083127e-05	0.00448138673180784	0.436575916016757	5.54213143689316e-05	0.00385107081896935	0.453723699173103	2.33860882696879e-05	0.00124267253354616	0.467605825929914	1.31361739032438e-05	0.00101711517936545	0.485903340137687	0.803712491749783	0.961931334518678	0.0291835993295869	0.963340293278856	0.998823757686294	0.00547392115164584	0.0115699256975647	0.201636647205147	0.290133915534411	0.00250002391851755	0.196109064546262	0.348695745301298	0.0564700081933742	0.790825137234241	0.221224870991763	0.13473195637323	0.605606264955549	0.176727555496216	0.234642405211583	0.756342355275785	0.138900973330189	0.214164599763094	0.972745479191146	0.147134671109121	0.000738008103607114	0.034627159543697	0.381288377697525	0.000401390267549811	0.0286254638173681	0.403437354948471	0.0219330306977207	0.494141980281197	0.352783024791326	0.0651823961119064	0.723589921663043	0.298220846095263	0.0365013628208537	0.316845061954254	0.24194568037983	0.0313409817935973	0.277562289740682	0.252220861074928	0.0751802136715684	0.377022733440134	0.206709772335431	0.00916390004949832	0.156055191546385	0.303018167323135
TNFRSF10B	O14763	Post_only	Olink	0.0231806681162788	0.234401532071327	-0.263732135139514	0.00125919507300553	0.0299334969109209	-0.370345453337692	0.076094976156849	0.590880760415647	0.206078302931061	0.00315212912377775	0.0691823934260133	0.341026788872117	0.454342607209375	0.791812518030487	0.0877004545831338	0.0427885407495139	0.289797124978792	0.237789860295232	0.00156199288021355	0.106947003902419	0.358994556721796	0.00122927058852785	0.105668561095729	0.371078323762257	0.0483619703574414	0.38490731180225	0.228767557851491	0.0109126207863835	0.183115803907736	0.29631736296908	0.0260101075732538	0.241395176450403	0.257025431566989	0.0040926412508558	0.0800798396376838	0.332153752989544	0.000551484895637655	0.0711678127227641	0.389544128750989	0.0405607847954707	0.711054641673657	0.24032204795249	0.0134345892276641	0.218551295524374	0.284304349706549	0.0457837804535318	0.525737478936742	0.234551891758394	0.576717153081811	0.976079072595515	-0.0654844334402686	0.124109014567302	0.60015171261499	-0.181614647574733	0.0060593067976477	0.342938281337178	0.314125210413514	0.10554994237665	0.972745479191146	0.190981990458485	0.0328272942927213	0.32467871362509	0.246755003292634	0.00325477451327536	0.0928467255892234	0.339951450243717	0.000241175870650553	0.108931101577166	0.537601810192303	0.00249651183083175	0.287737039920021	0.470651056343366	0.180923453675446	0.591211268063947	0.156162554253516	0.050796253011513	0.33356115557991	0.229504209689669	0.310045989027424	0.659644686158923	0.11879618064809	0.0211826385885634	0.240691616666696	0.26938836716852
TNFRSF11A	Q9Y6Q6	Both	Olink	0.00141388892468456	0.0343644752098221	-0.364396922201243	6.28084365135417e-05	0.00279034201560161	-0.450768246283762	0.0324056148336295	0.396663383475677	0.247335437073143	0.00298592673717669	0.0676916585761716	0.342836086402677	0.00985263317268475	0.16380758219617	0.296276195565051	0.00030223046908145	0.0131047131393717	0.411145079805004	0.0759416591536789	0.406916008643461	0.206183714467932	0.00938938605586852	0.249463100111801	0.302094474163202	0.012110853907667	0.172221652826549	0.28836351189916	0.00133708667088641	0.0436159382508528	0.368509144464772	0.00977059354035733	0.127299560069079	0.296592386931889	0.00139928173148352	0.0375450840823795	0.367110981867701	0.504706121304277	0.861404313832269	0.0782261739754606	0.825986487368289	0.998823757686294	0.0261791602254594	0.0186012675468871	0.252185403589801	0.271191397557533	0.0194336407199064	0.427497863452396	0.273030773263921	0.0790133607915483	0.862775725616708	-0.204103407519486	0.00776218282678567	0.461850089233618	-0.309251591399367	0.0420374294294966	0.541393024950237	0.235411290068075	0.0743553183614415	0.972745479191146	0.210138872865375	0.0972423946152023	0.550768518944008	0.192929069405221	0.0219157659925456	0.287745442983169	0.267937508487557	0.10305562533002	0.752267205394002	0.25506518418738	0.0703986638047798	0.737457752521184	0.292864749085284	0.188000850387045	0.596393385812811	0.153694637363863	0.0193442427055788	0.225960766086718	0.27322437019093	0.0486674581260329	0.306361931525085	0.228465214125538	0.000995840492235204	0.0367173841354749	0.377423627746804
TNFRSF11B	O00300	Pre_only	Olink	0.000168300781278741	0.00656251967288326	-0.423781431459798	0.00447830947116997	0.0773007558399403	-0.32903337433464	0.00239578938467883	0.0775600386826103	0.345527664478779	0.0232946876924011	0.240489918652979	0.265317077415125	0.036847470776369	0.307251217858339	0.241513781385261	0.018269519364319	0.186778517479867	0.275613760051517	7.62049043491012e-05	0.0199827577717652	0.440601833300821	2.64581737566897e-06	0.00119502751467715	0.518276364337992	0.000498339502022185	0.0176535954311127	0.392366064425164	0.00430262225314698	0.0987531141694194	0.330423996029416	0.00018591978007823	0.00714670360300716	0.418594468186036	0.00360642784766725	0.0732091345856048	0.336483322042648	0.799820802064011	0.960358741239378	0.0297743825579075	0.939805785449858	0.998823757686294	-0.00899328741204176	0.0124639444239169	0.208501786350708	0.287244556350493	0.182200361139925	0.699380989644756	0.157877873015455	0.0694896783228608	0.836964570022012	0.210782473900232	0.789975116173246	0.947239298455701	0.0317125950535042	0.00803455228461234	0.375407529160335	0.303895683109916	0.222279470192885	0.972745479191146	0.144591011206702	0.00222138833389745	0.0676400267962033	0.347949915334577	0.0290070333926286	0.331683799552841	0.25569540404961	0.0667301933204706	0.683700657461154	0.285607258792566	0.108030329114773	0.772977597893611	0.261351469008475	0.00559323031913823	0.118172160000665	0.316964898633547	0.016874579813623	0.213434731359864	0.278901587524481	0.0910033106610994	0.408281567725694	0.196551840997576	0.0896396858119686	0.426555835909456	0.20009323789562
TNFRSF1A	P19438	Post_only	PCA	0.738641736682848	0.954316274061995	-0.0394427275489809	1.65480546744905e-05	0.00170665603876246	-0.480954657864556	0.731908187389134	0.966744097719119	-0.0402181835444334	0.0119327249431443	0.25999895052175	0.292829519716194	0.710718069408075	0.995562075371296	-0.043537846467298	0.00159551573392113	0.0771332137617495	0.363040038101202	0.0380784530193703	0.232204077749466	0.240004579547516	0.129967878169502	0.653035243912954	0.17888165500933	0.530217344521972	0.914500952377891	0.0736155837043608	0.00537591034356818	0.124305193276436	0.322604359764211	0.747694519769454	0.973103466407359	0.0377655540379249	0.00251284919240331	0.070679594557235	0.348528461538945	0.314919843807938	0.775710432334207	0.117613964270333	0.312369438087789	0.794620430329659	-0.119884372658256	0.119954264172081	0.773775794698957	0.181105516433045	0.0761404306776529	0.742583721870203	0.208885203592037	0.346617462059923	0.917989914705615	0.110196419853942	0.631466949847716	0.908815369979039	-0.0570796989752082	0.752539123040981	0.971919784765646	0.0370161526456976	0.06632474094264	0.679763232215302	0.216096399913961	0.767843799476398	0.967795571517731	-0.0346582282857389	0.0149983396725908	0.313546371263486	0.283713536044776	0.544807964029722	0.993651446499619	0.0961238072462282	0.491212218300906	0.924459004515209	0.11356686187826	0.394108678494457	0.887642150318131	0.0998330529686178	0.000173060658839756	0.0363932022497703	0.425771640143999	0.881005298584085	0.986190446388986	0.0175792104608363	0.0641450880799118	0.460598354697592	0.217813217854204
TNFRSF1B	P20333	Both	Olink	0.000524032483252058	0.0159564947147537	-0.393471224909893	3.66344610080776e-05	0.00190054626210087	-0.463312569739133	0.0188449055071012	0.291158090359342	0.270654440452082	0.00127767716788831	0.0389045519660374	0.369900636887811	0.0090071194830954	0.154001853622641	0.299651645040361	0.00103616236813963	0.0286530614046774	0.376237340791976	0.0401170077951798	0.339681077461445	0.237592332465923	0.00281525989172195	0.143142850472586	0.344790084102242	0.00219621270278185	0.0541066947685347	0.348313572825683	0.0016653220064586	0.0501446959722535	0.361700265353446	0.00104474932576267	0.0263374016075986	0.371149023135663	0.000733737886675969	0.0229876262762067	0.386406918001339	0.107582084475561	0.614376138603005	0.1873068434977	0.0801397709446735	0.837141487148882	0.206159412641383	0.0283158447755823	0.308796536586834	0.253321332934685	0.119750038500531	0.636459823689559	0.183712599968351	0.544159229940406	0.976079072595515	-0.0711427624876919	0.15854989352913	0.633227676791551	-0.166744117100815	0.298312751373435	0.779528706754318	0.121692504516262	0.589614135160196	0.986791634720565	0.0641739377032401	0.00776951166090659	0.152575192761282	0.305130225447502	0.00233795050986851	0.0749804246360197	0.350878712428569	0.00535791311179655	0.272233477686706	0.42213907336123	0.000856722951966398	0.220368746375588	0.512256491267101	0.0213172842200717	0.247408309363573	0.26551720470685	0.0238817630051815	0.250851076527294	0.264241290985056	0.103980850752861	0.433520162369619	0.189215276520743	0.00487842738986573	0.104036649995403	0.32603849525792
TNFSF12	O43508	Pre_only	Olink	0.00027517490555199	0.00962224508446314	0.411011516110018	0.010675436529879	0.138423124382641	0.297168787011339	0.0324123735733859	0.396663383475677	-0.247326083972788	0.320296241897559	0.774179931745056	-0.117950389692113	0.00257996883158648	0.07558611387675	-0.34313550980038	0.0826751667034666	0.387840631604463	-0.204486960288583	0.928844619334068	0.979981454246864	-0.0104871734427709	0.672906987506379	0.971219213331725	-0.0502463007553778	0.00178422547584256	0.0460500099003174	-0.354868562047252	0.0333516779619709	0.343513922707325	-0.249397678596	0.00226581785884376	0.0468730259348594	-0.347317066615179	0.0560384751726812	0.413799094599363	-0.22464464756809	0.12483470174915	0.636868991207808	0.178794277340751	0.300482367064501	0.998823757686294	0.122844898131357	0.229515308932602	0.695810353631606	-0.140419578573551	0.176159591933953	0.691040148201114	-0.160058349541538	0.252016327847409	0.930203478920753	0.133919469542262	0.687383769964974	0.915110103539155	-0.047897956189514	0.972008243522834	0.996186410723121	0.00412100548966895	0.255483641666732	0.972745479191146	-0.134809267252716	0.0182436320533971	0.244573602404047	-0.271990614872432	0.198169794699257	0.746680773901768	-0.152355266822188	0.711263997688725	0.977474824994377	0.0588430454732654	0.37537984087	0.899537159717527	-0.145930095880215	0.0982413000665138	0.48406167850955	-0.192366097219478	0.00417475448000012	0.10573443589533	-0.33146815191103	0.00015424290150268	0.0103209447672164	-0.423329995081759	0.0189881712757634	0.225366745975825	-0.274003139388846
TNXB	P22105	Both	Depleted	2.71326618476972e-06	0.000341729770074092	0.514692632864638	2.31702166306573e-05	0.00145200024218786	0.473600629823494	0.00278715657061837	0.0840964278838431	-0.340620806648604	0.00872552767226176	0.176633368529073	-0.304872253976741	0.00358446221432151	0.0653763108343416	-0.332285423451286	0.00214758518531892	0.0504682518549947	-0.353623099209911	0.783102841952914	0.896685291379877	0.0323208947141384	0.650826982593996	0.83882409699956	-0.0538656403830245	0.000993321694289315	0.0307971008273908	-0.372641882675975	0.000316716432141598	0.0129009160025678	-0.409886025689628	0.000146999655748453	0.00700920583922305	-0.424538180075235	7.83210824280962e-05	0.00466870062083578	-0.445487549008298	0.000456707245372407	0.0232540105768784	0.394775631706737	0.0326273584928686	0.54826290920971	0.250397815642495	0.000241719723486604	0.0218801112667133	-0.41181986013667	0.00223515407897873	0.0794337022845076	-0.352334663593819	0.0555380408796954	0.779422701763019	0.222044947320045	0.308426255476112	0.674764409186972	0.120858217306455	0.154643513956748	0.972565265309277	-0.165996199931236	0.926282821307428	0.982874008194724	0.0110188100854642	0.000318014254726259	0.0259075612850326	-0.404582660227957	0.00218996386854158	0.109220722763503	-0.352993795620728	0.226466219966833	0.762338053393735	-0.190667868504604	0.769505912166821	0.916953900212438	-0.0484703773314804	0.0173005984832717	0.193885769974754	-0.274164356948436	0.000784796632027868	0.0309361769141308	-0.384450015621444	0.000150985133912728	0.00878589684006448	-0.42386677908229	1.88048954974367e-05	0.00139270195744653	-0.478181271967057
TPP1	O14773	Both	Olink	2.70666519347126e-08	6.11255222858926e-06	-0.592357600755296	3.67777501306221e-09	1.17256121004689e-06	-0.624003019141909	1.16460544251235e-05	0.0021135335853765	0.482537192902496	2.16683105440273e-05	0.00244671339892974	0.475078340333487	1.88875831058926e-06	0.000465321365608808	0.518487758672852	3.8863697033323e-07	9.57460172366412e-05	0.553095083702042	0.626197932894284	0.883530358020691	0.0571577587023376	0.575667995900308	0.963297480018422	0.0665871953479179	5.36902013902977e-06	0.000485001485892356	0.498341131250777	0.000199898109900541	0.0105189102491353	0.422052992904219	5.3307964381656e-07	6.87926587972799e-05	0.541268943797804	3.05932553427092e-05	0.00192808655764516	0.467398988519809	0.0883002658999349	0.590460047875479	-0.19818230254607	0.152347699456307	0.928389151584055	-0.169229519119292	0.00502056985191376	0.129132293233836	0.320755424245706	0.00315398402021792	0.219161453712579	0.341007081179912	0.980878814694018	0.997320543547661	0.00281475952567991	0.388952681124192	0.799534125031182	-0.102334270250063	0.151572855770479	0.69865302469671	0.167224033915753	0.545578300159055	0.986791634720565	0.0718887351141611	8.60438389398387e-06	0.00219029700884947	0.48880891779625	3.30424989610553e-05	0.00577710788286838	0.465658963500544	0.140380776975026	0.797451733975913	0.231383526768636	0.611511002735172	0.958266053896802	0.0839185569275132	1.06018640810624e-06	0.000563664113163734	0.529094141256021	3.45396901285516e-05	0.00534871772847856	0.464653460451681	8.6267965609023e-07	0.00025976242977828	0.532795067662861	4.09789038464299e-07	9.65676777598479e-05	0.55218382023466
TREH	O43280	Both	Olink	0.0011280668808438	0.0285706658606232	-0.371250946718889	0.000444204882069658	0.0135433921999629	-0.400638621750141	0.000678306774420495	0.03435909081644	0.383700928520018	0.000261325391931057	0.0129320953117221	0.415024757764666	0.0176317828020105	0.211425360148002	0.27338962607655	0.0115630748993935	0.14211307472724	0.294062362681588	0.167152556249982	0.537985068215502	0.161173674077174	0.059107258167193	0.520912746774286	0.221969633712042	3.76269387710846e-05	0.0024278334302295	0.457005776104668	2.4770742142942e-05	0.0020977722252304	0.472120989343443	1.29734338841314e-05	0.000795977360829483	0.480270648979474	1.06733168552036e-05	0.000876505717503086	0.490288630380163	0.612941533615518	0.901531373730287	-0.059359330561218	0.774920691020921	0.998823757686294	-0.0340451735937191	0.487172929004225	0.858412638232412	0.0814647932442878	0.810074567340093	0.96163748344133	0.0286166388329985	0.503201470126936	0.976079072595515	-0.0785017813282284	0.424094033173731	0.819638219695252	-0.0949831214169048	0.231210838819456	0.752198527251772	0.139914788913141	0.483388470431345	0.986611906877255	0.0833251761909471	0.00480732652989846	0.110405549966312	0.322265327147741	0.00195532225259882	0.0722114387677521	0.356626024106983	0.219518227755501	0.856658653321844	-0.193498018061612	0.381358723176722	0.899537159717527	-0.144130896070218	0.0432940045636255	0.345078683433603	0.234028483424114	0.017601791519749	0.217706747699808	0.277159658084964	0.0896592579782105	0.406686911696018	0.197357721377055	0.067165761371834	0.385677522678346	0.215446119638628
TREM2	Q9NZC2	Both	Olink	8.93641866021289e-05	0.0040702007679289	-0.439509396509256	0.0014024293345908	0.0327636508339748	-0.367041724080892	0.00188042940259098	0.0666699836572268	0.353224541289968	0.0147226823582773	0.18176979130265	0.284463695510096	0.0038889597723362	0.0920443753976514	0.329534931604943	0.00096600670401306	0.0274004056181399	0.378329694629816	5.16027332160016e-06	0.0031076312670081	0.499129750205731	1.35884598065615e-05	0.00433232071479784	0.485182610828102	2.04061799202477e-05	0.00147468660223657	0.470580342098435	0.000874802619531711	0.0326665557368182	0.381266086625409	6.32016894654243e-05	0.0028785979571647	0.445033062162631	0.00282482260048874	0.0624919938557101	0.344677836633033	0.339887612603175	0.786729891603146	0.11173425522369	0.207984576231435	0.998823757686294	0.149117837249744	0.0122109449859832	0.205538266534251	0.288043475878529	0.102872993412488	0.618092314515872	0.192436232542029	0.0884273643006584	0.862775725616708	0.198104761590219	0.19856029205394	0.684970740783136	0.15222429946471	0.00888020059877713	0.387061477155906	0.300182034722548	0.0803355008145372	0.972745479191146	0.206028815281064	0.0722842365021152	0.475461846894981	0.208750290576128	0.286270339890179	0.819643551085458	0.126486604964338	0.0113996281756217	0.383763880197948	0.38676522218487	0.0876369008634377	0.749730711594155	0.277129121836388	0.00138483413612037	0.0521236181789751	0.362682201143727	0.00708195050401247	0.140088217999079	0.312640879841094	0.00136374331277993	0.0470795462118931	0.36314922284325	0.000532764031179356	0.021875614007516	0.395556395763265
TRHDE	Q9UKU6	Both	Depleted	7.63214275694608e-08	2.56500053770694e-05	-0.576533493653885	3.27843279226945e-08	1.14464139204379e-05	-0.59282531731465	0.00471249297392798	0.10448741576243	0.322955955544143	0.00269038911436057	0.0795346079379648	0.346287985742757	2.68263872854497e-07	0.000109272817542732	0.552968884335539	6.21864015423742e-07	0.000253305942282604	0.544916450512924	0.83887576113079	0.9289589307674	0.023876408175938	0.630285531030331	0.828181633246305	0.057277136458633	5.66869680237853e-07	0.000225371903116983	0.540199858989437	2.06779576333032e-09	1.68456428185976e-06	0.631672932612047	3.99610087608685e-07	0.000139521007730804	0.54623318168575	2.10520661796324e-09	1.71504165810072e-06	0.631437243781269	0.00845242834139268	0.175065549714947	-0.302019915431275	0.020932474072802	0.46934831774246	-0.269893243253632	5.72895664369022e-05	0.00913089008024061	0.447334931166279	1.46437438540282e-05	0.0044389743315995	0.483584407078631	0.510001353941136	0.984299546718318	-0.0772595965007323	0.199729985370087	0.576289275997968	-0.151833100036969	0.0118320864808371	0.876291495732299	0.289267114052559	0.00416454562524105	0.455091171803087	0.331552735154479	3.31737994948862e-05	0.0101345957456877	0.459847537094778	1.12493012246312e-05	0.00916443073099955	0.489184191086029	0.216490607126411	0.74943773911749	0.194750613175426	0.176470166178557	0.522317294570831	0.220948373929119	1.62221465061059e-05	0.00360426600553843	0.475526217535864	1.506828627487e-05	0.00285370512381026	0.482971596648289	6.28760473676522e-07	0.000153669059766542	0.538388953091678	4.8114503521509e-06	0.000626918985769853	0.506577795054438
TRMT11	Q7Z4G4	Both	Depleted	5.33335485552692e-06	0.000543113302787825	-0.501469287863149	2.16810906573092e-07	3.78489896903312e-05	-0.562954715876512	0.00345630980856062	0.0959911496832063	0.333505684656128	0.000279417657106443	0.0306529470276965	0.413244689696256	4.32731890427581e-06	0.000961451582004553	0.502607127858794	8.43142823665494e-06	0.00122634650487132	0.495196596745004	0.172893704221269	0.405698604356137	0.159049106329073	0.374652665736924	0.6718531064755	0.105437984763684	0.00014265049174915	0.00757908264858525	0.425290272387411	0.000589354135000743	0.0196590354942718	0.392698954075356	0.000327538012596078	0.0117721015115414	0.403794318277924	0.000119785194163097	0.00585510029069217	0.435072008678637	0.577646911716498	0.903276218914777	-0.0653250841993184	0.129778819200731	0.805023944483725	-0.178968366476342	0.00353796531536737	0.110856246548178	0.332723604284399	0.00489943869117636	0.133893481379283	0.325887317046035	0.823247045579657	0.994570330893071	0.0262287226164993	0.706992896724865	0.884437124062157	-0.044745762164274	0.0149426918353771	0.972565265309277	0.280081798236702	0.120499443810417	0.58390785299913	0.183347800034602	0.0388482064315467	0.360756321685563	0.239081378442152	0.000618424018335371	0.0483190509300614	0.391327044362609	0.0227842792164804	0.57674375968979	0.35069576272269	0.208999565751861	0.553655842420891	0.205705436423527	0.00161110686480253	0.0500679115203073	0.358039138478876	0.00689367931053133	0.125732479365213	0.313629434230679	1.33342731887317e-06	0.000271574697277169	0.524925390081028	2.09699612036131e-05	0.0015073701524009	0.475798217614942
TSPAN8	P19075	Post_only	Olink	0.00346793980861934	0.0671294062954173	0.335580666560692	0.0005648345851675	0.0161692817309393	0.393904912602186	0.00010098005603254	0.00897232629010434	-0.433817406296684	6.47562101002549e-05	0.00480792683210112	-0.450042746232615	0.051247061623839	0.360726070131438	-0.225972471751186	0.022842705760087	0.20807977347844	-0.266161118165579	0.908931713064701	0.976652908226443	0.0134332025124819	0.923142706018143	0.993570913753159	-0.0114895745006234	0.0550330858311812	0.409675918918898	-0.222493977744452	0.0859167054234216	0.523370945588288	-0.20240695989528	0.00726292149288485	0.103865526362628	-0.307596438707682	0.00956361457195414	0.145603345449414	-0.301393925519013	0.799326014673814	0.960358741239378	0.0298495470637476	0.741306277274115	0.998823757686294	0.0393014936559255	0.0939806531106056	0.519240713414355	-0.194799477906046	0.0193312018667414	0.427497863452396	-0.273252674845435	0.710300892369009	0.985140774904654	0.0436035369670279	0.702560401830567	0.919745882684121	0.0454555303284621	0.383297460034959	0.819181950827975	0.102122728513258	0.653317190864447	0.987237121388611	0.0534550573495881	3.46964449409137e-05	0.00504734999761091	-0.458837960788875	8.7737052270497e-06	0.00238082238652663	-0.494373559342769	0.99471537172257	0.999820078668777	-0.00105380802041127	0.879235236334812	0.988410074802969	-0.0251439188825261	0.207939585417514	0.616538595712761	-0.147083923351384	0.104600024117221	0.449946135488363	-0.191494713327524	0.577781813917104	0.837320168831739	-0.0653019734438797	0.428575773722429	0.771645237507114	-0.0940713431010904
UMOD	P07911	Pre_only	Neat	0.00010455461322525	0.00787819010652261	0.438442485418616	0.00286283529979598	0.0625200313133593	0.346548235715725	0.0100582963620275	0.236841447149617	-0.29745884882276	0.0379644286435646	0.304321244499212	-0.245114649395508	0.0336448926079607	0.36498089564175	-0.247305562736726	0.284028739552479	0.645597753402089	-0.127975179766829	0.0716867010234881	0.345732387464317	-0.210604313055106	0.328222367273862	0.838288153094886	-0.116873101652146	0.000903584092515084	0.0412636735581888	-0.377843301503246	0.00231516247709304	0.0742329755953025	-0.353549775899814	0.00014546888704715	0.00811931899185391	-0.427472477137562	0.000383834977963701	0.0186593326384289	-0.407310481159472	0.071978242258873	0.570901110969061	0.210393207002927	0.426312974464227	0.998279605744279	0.0952055487148806	0.107525111313598	0.572421406857602	-0.188618607496618	0.0275430057990473	0.328910041281715	-0.259782619990727	0.471951501760047	0.914177500881198	0.084912207398664	0.730222038962515	0.903484903708136	0.0413448388800352	0.872970703372971	0.989727503461879	-0.018906617793457	0.726036197075858	0.988165370089238	0.0420124409908084	0.000502101049801019	0.0540475915750097	-0.394665696732998	0.000820986361109357	0.0883733175851286	-0.385663320688499	0.43161745576936	0.874435648729644	-0.126230490171408	0.0826081366087764	0.691154742960096	-0.281449900399737	0.0169587605212222	0.297240340597003	-0.27681836246715	0.064665557502836	0.438968446652134	-0.218919485413286	0.0424259046935751	0.33650441249062	-0.236570966648134	0.0831891330200394	0.511698054943671	-0.205584975954293
UPB1	Q9UBR1	Both	Olink	6.38500077382274e-06	0.000516517973046556	-0.497852824390276	2.73479394124927e-05	0.00154401907933032	-0.469915818364641	5.50306470980578e-05	0.00552344643095321	0.448273045382309	0.0065743848802826	0.109304190340895	0.315361562521122	1.09378694105953e-05	0.00144593298062016	0.483847233324152	7.58772230653911e-06	0.000822509098028839	0.497367061836882	0.2614249833217	0.636936341551538	0.131319399592283	0.0242698735506471	0.382754181816815	0.263542359817421	6.01789467438559e-05	0.00336257619950205	0.446183766439429	0.000125110034356857	0.0073706128936322	0.433986543573471	1.04551591623733e-05	0.000691060520244672	0.484786421673022	0.000199303585749732	0.00900187862302955	0.422130259673694	0.0766131486113807	0.570005967248441	-0.205723289658832	0.138738335149205	0.922132537663621	-0.17496022934694	0.0101745305741658	0.184434634488222	0.295057337169181	0.00663528083883944	0.299442453069898	0.315025582506251	0.0968643488881742	0.866342415591193	0.193143312831013	0.731079510611227	0.931246180890806	0.0409151969265102	0.0306868197462211	0.488610276316173	0.249768958121733	0.0229558338942802	0.96907969195277	0.265948537506183	0.000422325522430874	0.0228900433157534	0.396921967830118	0.0314517195981684	0.345671430550148	0.252061478832203	0.149983406359118	0.798929965822061	0.226068530104014	0.695311023736925	0.963774260686936	0.0647564345417873	9.53461312929006e-05	0.00939592784740948	0.435212720195298	0.000638692137012895	0.0349667816425241	0.390404848490274	1.02897079713969e-06	0.000278851086024856	0.529633379258967	1.54609120477183e-06	0.000246465127348921	0.528427706602531
VCAN	P13611	Both	PCA	2.18464197784761e-05	0.00394307844868156	0.471970320475768	5.07532324420783e-08	2.61717501959651e-05	0.586175991215621	0.000266742575564965	0.0454140874567516	-0.409239837670404	1.66009683800996e-06	0.0012840849042007	-0.527102142208902	8.68111647075526e-06	0.00671484359012919	-0.488626708208817	0.000101810308508994	0.0175708698949789	-0.439097604685609	0.451796928076078	0.758830700420413	0.0881940861009033	0.438759849662344	0.869092813607742	0.0920194045840622	0.000184972705390698	0.0136263226304481	-0.418724878430998	0.00018197988963292	0.0127964949664603	-0.424480251823575	4.86224299989641e-05	0.00501459328055983	-0.451143084322934	4.05193044192981e-06	0.00121980907112982	-0.509983283948148	0.148756364921026	0.604005502710834	0.168366657380728	0.246715829596511	0.75627861766836	0.13730274280107	0.013718970998418	0.416723728537009	-0.283477789108497	0.0311279504913601	0.541066734945326	-0.252528806300269	0.0294581177835726	0.542520335847462	0.251579837486317	0.0214446266384854	0.404499240674356	0.268865049094032	0.894874744980734	0.987425984654205	-0.0155177598192773	0.529944962680262	0.875351824339832	0.0746988505080804	0.000156209130412952	0.0338820861501012	-0.423011052912173	1.03821019072853e-06	0.00160611116505704	-0.535745241492459	0.0346194979262168	0.724722025438236	-0.32685933741447	0.0408410096623684	0.567650909697219	-0.329009065412358	0.0178464362682524	0.33668825496325	-0.272894138086332	0.00925311512058391	0.239476892066351	-0.302650354027183	3.50622226407396e-05	0.0108482516850448	-0.458601579437193	0.000256690071694602	0.0500662223024838	-0.415498996211333
VEGFA	P15692	Post_only	Olink	0.0205633648340382	0.216414441554343	-0.268819189956796	0.00175299268029773	0.0383113722871519	-0.360087482959822	0.086880359304405	0.627855396573167	0.199054617198994	0.0150765131093786	0.185294106695764	0.283502963027226	0.00374989621536811	0.0899311393243148	0.330766376261454	0.00222602129699504	0.0506934261752653	0.3524669021694	0.330676100017663	0.707575970725995	0.113870513210161	0.245168547609852	0.829495821107541	0.13774904137955	0.0472760183571109	0.379323110255804	0.229855214441703	0.0203567644203766	0.265779223571837	0.271074971342176	0.0516338493776632	0.371654002160604	0.225607632809765	0.0127597128746251	0.173715990407787	0.290187072091713	0.89688827684146	0.989442635004577	0.0152188871530922	0.777375557627469	0.998823757686294	-0.0336639581316884	0.00576615746581836	0.139511603744787	0.315887737204567	0.0142119680627419	0.395019830256724	0.285886137410235	0.91840090804985	0.994207283659295	0.0120313546993116	0.261117261880388	0.725225838995505	-0.133237728085992	0.00171315140428792	0.226470258810744	0.356135200393624	0.0547915224996667	0.972745479191146	0.225765787993534	0.102363488955309	0.558159064524927	0.190089141305457	0.0361067182955202	0.365791426470504	0.245752262328248	0.00519964007814026	0.272233477686706	0.423470285106149	0.207992336740195	0.847343883229078	0.206151452675837	0.0023779901790025	0.0728175523739748	0.345767496688259	0.081431506557557	0.409203994967211	0.205302161761461	0.00183778952177481	0.0560573538745624	0.353943645277087	0.00110775443202687	0.0389872014388677	0.37423045582254
VEGFD	O43915	Post_only	Olink	0.00900081558665474	0.128043098371834	0.301668189376511	0.00229815029112439	0.0477240405283302	0.351435481589488	0.419477081709544	0.945609672109953	-0.094601892981787	0.407942467133605	0.830355179817324	-0.0983158274414371	0.0136571137409762	0.1878719707515	-0.283656308433933	0.0200249612908132	0.194856894427662	-0.27176906568592	0.142351847277261	0.51389753428185	0.171026498742978	0.597500448433516	0.96861069925686	0.062820717442907	0.0347589646037805	0.325377527033662	-0.244173376334658	0.0214814292714322	0.267653670462443	-0.26879197327892	0.0569029234098843	0.390892072093249	-0.220847679202409	0.02834865190621	0.280668384153249	-0.256718040713534	0.583087391339825	0.890759368248003	0.0643950067859154	0.960750787108233	0.998823757686294	-0.00586087423724743	0.108395103356694	0.542680477694904	-0.186882870611181	0.00635085997240068	0.294493001414865	-0.316618763092834	0.0711833853290542	0.839736533295554	0.209543162176171	0.117439183163712	0.589916934890935	0.184848627833998	0.490168214698749	0.867895762788399	0.0809072485644462	0.970207085066142	0.997774288982206	-0.00444807112813386	0.25919697106911	0.748914923300142	-0.131929288909343	0.124272182955359	0.633040631219966	-0.181537216560664	0.787021409037514	0.982572202818072	0.0429671954662146	0.254723872479032	0.866125087099344	-0.186845406874595	0.636047522822412	0.88029151840211	-0.0555347035417912	0.378088652202711	0.704206355649036	-0.104685816107098	0.00362295473489491	0.0838319722634252	-0.331926488605539	0.0037026989650662	0.0877760936389636	-0.335586467630705
VNN1	O95497	Both	Olink	3.01319714984911e-06	0.000286518044775126	-0.512677074473894	3.46051044535208e-06	0.000307474862521447	-0.513078723155351	5.39955679756745e-05	0.00552344643095321	0.448714897803426	3.77195737366062e-05	0.00336892316550143	0.462645743966275	0.00221762230526453	0.0707030170266691	0.348004078956582	0.000257438358527702	0.0114370156001651	0.415421910057865	0.0388187733590906	0.335877976347352	0.239116397766536	0.0605057069960915	0.52165685241304	0.220787928618625	4.70547688424836e-05	0.00277213964267675	0.451898543915079	7.12078768927789e-05	0.00476477398467731	0.447776076789329	3.16309930193909e-05	0.00160224282397288	0.460915429117683	3.915996805253e-05	0.00241189803232628	0.461787593628069	0.304367193170579	0.769435721541295	-0.120188908931697	0.280336139024455	0.998823757686294	-0.128042498046063	0.128743789134829	0.574062646833812	0.176992322896928	0.297322539177473	0.771046967627706	0.123644645371765	0.698475890853843	0.985140774904654	0.0454712190208136	0.936127488139609	0.983629233357823	0.00954396112458082	0.175618672990003	0.713533139134796	0.158058762260073	0.259318998823953	0.972745479191146	0.133736845977221	0.0178122125840295	0.242568322124221	0.272972793293307	0.00985355622950129	0.189383953063464	0.300252420390314	0.131108767334617	0.796631282586909	0.23677725056105	0.411715288637695	0.907112546510694	0.135240440404547	0.0130235553671554	0.190410782696093	0.285526197086335	0.00297369635981149	0.0895413015009905	0.342972751829362	0.00579330888976741	0.116727636366317	0.315721209416891	0.005502481948608	0.112967621823695	0.321775604946649
VSIG4	Q9Y279	Both	Olink	0.00146307060995474	0.0348838960250617	-0.3633460522727	0.000145647837934604	0.0055986615716706	-0.430164119580401	0.342676079325167	0.9170942744331	0.111094772383503	0.00955688859857057	0.139115649500084	0.301420762229308	0.00756601322365215	0.141895472914168	0.306103440492254	0.000117091777782629	0.0066803940587563	0.43563812568102	0.672046623394009	0.90116098436307	0.0496875213929853	0.0644720394274724	0.535834112276588	0.217552719033828	0.00952925753746382	0.145080269250151	0.297536150405191	0.00438568262742528	0.0990433326693542	0.329760389978026	0.0106889451853323	0.135995499775825	0.293177571702218	0.00318174256989856	0.067363455972071	0.34071338359573	0.64712638512297	0.919136532328746	-0.0537214344774217	0.778110644145645	0.998823757686294	0.0335498726692309	0.00548710963621583	0.134570743114434	0.317640581836382	0.0325625843545373	0.483209745415596	0.250488158945627	0.00415562979749177	0.409518427316462	-0.327279226353124	0.00367087965216905	0.461850089233618	-0.335880574529154	0.091030349102634	0.618897362986897	0.196535725501958	0.362538312065351	0.972745479191146	0.108123849446603	0.0469761735579444	0.386427800801165	0.230159151406768	0.0110567870826489	0.205937408893324	0.295807679753217	0.0836663824712965	0.715481082909669	0.270078898847226	0.00235006048487729	0.283051729511887	0.473146389641118	0.0741684177045256	0.425142500508982	0.207415421089736	0.00917721663445986	0.168611912402618	0.302963068062171	0.0132038113959436	0.184246950824381	0.28498631326768	0.00142515370570042	0.0482770817806019	0.366545832537202
VTN	P04004	Both	Olink	7.97794654738334e-10	3.88012910605522e-07	-0.640488096349334	1.5119656767456e-08	3.72493362180052e-06	-0.604243929947097	0.000537603241683714	0.0297327507135278	0.390256439812581	1.49499000342154e-07	9.00316202060524e-05	0.569072260291011	9.99050983154758e-07	0.000350064614515886	0.530164899759058	2.25659286710333e-06	0.000370628283021213	0.521317392034039	0.703305829600844	0.915414505734038	0.0447070242252492	0.250504537403027	0.833387585094049	0.136217966003002	1.99990950399778e-07	5.16167119603237e-05	0.55783992234975	4.05217146819506e-07	0.00011963936182887	0.552376960141922	1.75880969265036e-09	9.99119024076009e-07	0.627023707872133	3.50554215463792e-08	1.35714560558125e-05	0.591815888170331	0.00170589184986677	0.151572685676686	-0.356267226093283	0.122099342365117	0.904365540341645	-0.182574768759953	1.42348799934655e-06	0.00110218642235118	0.52372695989399	0.00144780637512092	0.16298099487522	0.366058554709143	0.423969992799215	0.970404290950906	0.0936947366741091	0.411354894711175	0.811452326143375	-0.0976054313068529	0.0084321572730376	0.383124103691722	0.302109012933387	0.140080943416118	0.972745479191146	0.174376583920492	3.07092935462615e-08	4.82306024481824e-05	0.587196317926055	4.04939534867408e-06	0.0014631815193209	0.50999562256758	0.00166842561418548	0.196584061497507	0.470407834693038	0.274422231183411	0.871466446633741	0.179422323420584	0.000354178490102733	0.0228529454328192	0.401695730738766	0.000256561729583886	0.0201687415599864	0.415512238321653	7.81597618484198e-06	0.00132383096630761	0.490774575551434	1.8082453518196e-06	0.000280019708767493	0.525502030890022
VWA1	Q6PCB0	Post_only	Olink	0.00781153744903135	0.117934632238858	-0.30695364388842	0.00021985354565251	0.00789143190355368	-0.419574788292904	0.356314653436032	0.92450689092573	0.108012882926646	0.00119625703978865	0.0374781107263264	0.371905793618224	0.0473486610163304	0.345706108675812	0.229781819368458	0.0393455628473813	0.275520608052722	0.241752339243583	0.748585746288038	0.929089705720441	0.0376275797509855	0.00604906408142862	0.198702589826322	0.318379514128103	0.0628051309821855	0.44036715384663	0.215924681969612	0.000965323935512907	0.0351144679897984	0.378350725918253	0.0377194905107163	0.307891021939883	0.240440422290611	0.000254149308572605	0.0106782112594071	0.415762285245534	0.0130167997881406	0.367864418531462	-0.28554655620052	0.119152945096279	0.901967824611496	-0.184004511291977	0.00539447882580858	0.133184049782347	0.318239880738118	0.00256333587703922	0.196109064546262	0.347877288338346	0.758023376240123	0.985922537573798	-0.0361695833814661	0.446430283215556	0.831823040081075	-0.0904915684889196	0.0351405498912458	0.518969428911586	0.243677659956469	0.00835148516864284	0.960221723629813	0.30651982493506	0.0494530536160051	0.395421443910594	0.227694807880018	0.00237077212891303	0.0751437715713954	0.35042592152776	0.0367423419694558	0.594191858828263	0.32332498184185	0.0141030885007608	0.502886445224498	0.390037684082991	0.0583562264337112	0.393429287624919	0.21959829856755	0.0103797660130392	0.176613429629923	0.29825351951548	0.0847713178144223	0.398152104990742	0.200371343249105	0.0430157999276273	0.327413662155412	0.237537725632832
WDR43	Q15061	Both	Depleted	0.0001107985012747	0.00416602364792874	-0.434253640233419	0.000358089477731651	0.0101764032973971	-0.406560519604991	0.00419283735259208	0.103063304539989	0.326974789172056	0.0212839493239161	0.277248332751658	0.269185349449061	0.00130107224339029	0.0357726874397641	0.364576514031111	0.00679570280310772	0.100658773641183	0.314153304390592	0.0151702602243213	0.10869715163008	0.279476914937435	0.000837345203919146	0.103544312748716	0.382553245086657	0.000269921208471263	0.0115734637456801	0.408928163538511	0.000207897442955906	0.00980073630286701	0.421033408516773	6.38707691408405e-05	0.00421892323730309	0.444785263702046	0.000197953577477029	0.00780320231215903	0.422306502077407	0.0830081090454134	0.527527026326785	-0.201492221284371	0.030500851833958	0.54826290920971	-0.253445693245068	0.00103703459018829	0.0576025576913678	0.37136866435598	0.0302877958060718	0.344685118884072	0.253760811449394	0.867232860308935	0.99915028120689	-0.0196315050966845	0.0732553385408804	0.433639771245341	-0.210923411779898	0.00657395247289968	0.821150935015848	0.311205269369197	0.00227211713340414	0.389049271499074	0.351804356044583	0.00298730282045378	0.105811131785348	0.338345590172185	0.0613787858059083	0.459707505666635	0.220061356466285	0.0544475047131243	0.640184544514756	0.298960863970866	0.108786775047102	0.457930941900909	0.26081167705176	0.0199624515498741	0.205857517248491	0.268265105212105	0.0319025422051705	0.284561361859258	0.251417443731966	0.0099222099839341	0.124358365131974	0.296009832597449	0.0827738048747282	0.416472255504353	0.204422721840356
WFIKKN2	Q8TEU8	Pre_only	Olink	7.00124992683289e-05	0.00335812164632162	0.445373097608203	0.00309631877418873	0.0608045208554454	0.341624649085808	0.0188609373528248	0.291158090359342	-0.270619316555893	0.104960207945856	0.533162443361331	-0.191299878328483	0.0152088547912811	0.19626664992558	-0.279375106562824	0.169293319178952	0.537673116265984	-0.162604109904747	0.186608137598572	0.562950601965772	-0.154174896694761	0.366018119470656	0.901913314961822	-0.107346814596821	0.0020808221248808	0.0522132218372866	-0.350029798189882	0.00450153842490837	0.0999931896024727	-0.328853145933185	0.0024179759664581	0.0496417793113746	-0.345230941451088	0.00416518889906754	0.0812062008379356	-0.331547400018063	0.0311720779659417	0.491757322304718	0.249070547112971	0.036138483540513	0.711054641673657	0.245711606189552	0.0478737082143628	0.386374724305398	-0.229254072873943	0.0899300955076913	0.603525527198933	-0.199915965078803	0.0218517553016756	0.657188858911622	0.264474044514237	0.461464569050085	0.837655843078724	0.087538709767793	0.277066468452732	0.771270028604914	-0.127133420574236	0.217510655969459	0.972745479191146	-0.146077750194251	0.0225201169096849	0.271698806670506	-0.26319972711757	0.0712260288590495	0.505956849824441	-0.212395877845155	0.94666547536116	0.997622080356309	0.010642996336783	0.505040216683707	0.929310753800986	0.1099923481782	0.00391437597164569	0.0977692062964038	-0.329314109368229	0.00510846971660463	0.116826607021085	-0.324413778352832	0.0167440705614017	0.201720812663957	-0.275495395017354	0.166030867912049	0.542754706925999	-0.163840312578764
